(0.0, 0.0, 0.0);(-0.8945865976475219, 0.14192445583415436, 0.42375968206710024)
(368.4, 368.4, 0.0);(-0.9986866921494009, -0.04234592794866332, 0.02883944017928457)
(368.4, 0.0, 368.4);(-0.9882231910338849, 0.017223584971496026, 0.152046942828639)
(0.0, 368.4, 368.4);(-0.28514988644772105, 0.8622311250820366, 0.41862516551040896)
(736.8, 0.0, 0.0);(-0.9995022315693428, -0.030620955784759485, 0.007592506485448121)
(736.8, 368.4, 368.4);(-0.9794187785400813, 0.14903422884360093, -0.13611632846961527)
(1105.2, 368.4, 0.0);(-0.9976430226120904, 0.06702438120941802, 0.014701420234338455)
(1105.2, 0.0, 368.4);(-0.9978028585243034, 0.059651139912942706, -0.028830487817852378)
(1473.6, 0.0, 0.0);(-0.9982804291252456, 0.05825916352125139, 0.0064849588525776455)
(1473.6, 368.4, 368.4);(-0.9946849668885263, 0.10127877038509887, 0.01855875306301352)
(1842.0, 368.4, 0.0);(-0.9972096802244326, 0.07232891024057114, -0.018476536745190085)
(1842.0, 0.0, 368.4);(-0.9942911377598203, 0.01813837786425847, -0.1051481460641869)
(2210.4, 0.0, 0.0);(-0.9932827872223702, -0.06879943386273017, -0.09303731782423459)
(2578.8, 368.4, 0.0);(-0.9791104187718112, -0.1890382072838495, -0.07488220108541864)
(2578.8, 0.0, 368.4);(-0.36642292620439276, -0.26366312014790155, -0.8923093623994333)
(2210.4, 368.4, 368.4);(-0.9899927347465983, -0.0914735356867497, -0.10745686305637454)
(2947.2, 0.0, 0.0);(0.39197889835536115, 0.4181781183045573, -0.8194385911191743)
(2947.2, 368.4, 368.4);(-0.4696932743938095, -0.3006028593214154, -0.8300759898690067)
(3315.6, 368.4, 0.0);(0.7870758360368147, 0.5290744099630368, -0.3171622566592906)
(3315.6, 0.0, 368.4);(0.1288570644331446, 0.09947477452039472, -0.9866613533425687)
(3684.0, 0.0, 0.0);(0.990802564158068, 0.13530535392376217, -0.0016553118627519344)
(3684.0, 368.4, 368.4);(0.10960236914636395, 0.8113042952117174, -0.5742583575782964)
(4052.4, 368.4, 0.0);(0.795505757672212, 0.1484207145566961, 0.5874877709372678)
(4052.4, 0.0, 368.4);(-0.08641102848982861, 0.04332229160549972, 0.9953171922585172)
(0.0, 736.8, 0.0);(-0.028554605917182806, 0.9975252811749792, -0.06424910814706195)
(368.4, 736.8, 368.4);(-0.2759975826501237, 0.9349734843286672, -0.2228226154895409)
(736.8, 736.8, 0.0);(-0.9956446680160466, 0.06873613254352494, -0.06298443565020982)
(1105.2, 736.8, 368.4);(-0.9829369258592925, 0.1612094531046387, 0.08858053969121531)
(1473.6, 736.8, 0.0);(-0.9965601633998884, 0.0642644223624336, 0.05232518268301036)
(1842.0, 736.8, 368.4);(-0.9930645578304401, 0.017551813349390946, 0.11625281858596216)
(2210.4, 736.8, 0.0);(-0.9996352960923749, -0.011238544924023344, 0.02455544571577408)
(2578.8, 736.8, 368.4);(-0.9761762492540176, -0.21466440634282885, -0.031608907634382115)
(2947.2, 736.8, 0.0);(-0.936431149758224, -0.3290888180944552, -0.12164395409425467)
(3315.6, 736.8, 368.4);(-0.7472156223766047, 0.13125738225404202, -0.6514908389840639)
(3684.0, 736.8, 0.0);(0.6581809917934617, 0.7036829426483324, -0.26763426213315594)
(4052.4, 736.8, 368.4);(-0.03986143886647393, 0.9977176164282276, -0.054503427050694435)
(368.4, 1105.2, 0.0);(0.04577404142258722, 0.9969118804461082, -0.0638078346071043)
(0.0, 1105.2, 368.4);(-0.02963078786012695, 0.9976851750202977, -0.06120709072898405)
(0.0, 1473.6, 0.0);(0.05185217402970863, 0.9986540713856237, 0.0011822661758307184)
(368.4, 1473.6, 368.4);(0.07639957445103586, 0.9961718479264944, -0.04248240132589002)
(736.8, 1105.2, 368.4);(-0.08314199422222364, 0.9955630181565853, -0.044064562583808205)
(736.8, 1473.6, 0.0);(0.162084247682192, 0.9863787045712407, 0.02803119372518532)
(1105.2, 1105.2, 0.0);(-0.9909587183221525, 0.05204326779370481, 0.1236621076104942)
(1105.2, 1473.6, 368.4);(0.2365520463511166, 0.854422993629683, 0.46260617951340655)
(1473.6, 1105.2, 368.4);(-0.9099351394060601, -0.05900111287362292, 0.4105324722281391)
(1473.6, 1473.6, 0.0);(-0.8268225750324191, -0.5013050283452637, 0.2550641056136953)
(1842.0, 1105.2, 0.0);(-0.985914618929674, -0.12600381739291663, 0.10997909884686195)
(1842.0, 1473.6, 368.4);(-0.7558484531868609, -0.36317916177727233, 0.5447880434313768)
(2578.8, 1105.2, 0.0);(-0.975224776893018, -0.21252375175171928, 0.06140268296529919)
(2210.4, 1105.2, 368.4);(-0.9382742742491328, -0.19842183499125782, 0.28331989284369946)
(2210.4, 1473.6, 0.0);(-0.9151394321130034, -0.3806222261844127, 0.13284028276961554)
(2578.8, 1473.6, 368.4);(-0.8705973859270669, -0.38261641352485215, 0.3092973839500377)
(2947.2, 1105.2, 368.4);(-0.9774905717036607, -0.21097907630021226, -0.00010767525027567622)
(2947.2, 1473.6, 0.0);(-0.9600894135066972, -0.2752311445648416, 0.04976077907241223)
(3315.6, 1105.2, 0.0);(-0.9513319576526597, -0.2544988124346115, -0.17377531705662497)
(3315.6, 1473.6, 368.4);(-0.9613790765773769, -0.2562966031659675, 0.10031112762209735)
(3684.0, 1105.2, 368.4);(-0.803298148319963, 0.45941938629919193, -0.3790064806809935)
(3684.0, 1473.6, 0.0);(-0.9948292521765605, 0.04856084332720952, -0.08919979545478711)
(4052.4, 1105.2, 0.0);(0.10671896154908973, 0.9942508330971179, 0.008737512893890912)
(4052.4, 1473.6, 368.4);(-0.3597987075128673, 0.7896020441128374, -0.49706488711726443)
(368.4, 1842.0, 0.0);(0.13118420472775974, 0.9867292982542041, 0.09568697088272386)
(0.0, 1842.0, 368.4);(0.01806890264551401, 0.99958789802426, 0.022305803743164432)
(736.8, 1842.0, 368.4);(0.7027359316119826, 0.6952137240196806, 0.15112937621827974)
(1105.2, 1842.0, 0.0);(0.8924792972232768, 0.4439735782057969, 0.07980078873662375)
(1473.6, 1842.0, 368.4);(0.6743865773678623, 0.35958381081421215, 0.6449048203156719)
(1842.0, 1842.0, 0.0);(-0.7066963777286479, -0.6879743407814823, 0.1651409583703964)
(2578.8, 1842.0, 0.0);(-0.8409028691190503, -0.5260951275176348, 0.12691052560584926)
(2210.4, 1842.0, 368.4);(-0.6686217600950362, -0.5854418062756225, 0.4584788254566968)
(2947.2, 1842.0, 368.4);(-0.816020061666679, -0.4682786463077125, 0.33886039657907163)
(3315.6, 1842.0, 0.0);(-0.9652350237862799, -0.2439053832443768, 0.09397612931331713)
(3684.0, 1842.0, 368.4);(-0.8201479151693626, -0.5041373873732652, 0.27056032949382336)
(4052.4, 1842.0, 0.0);(-0.8182197635094804, 0.2741099998246724, -0.5053514881729426)
(0.0, 2210.4, 0.0);(0.23354508881451422, 0.9713447728958248, -0.04411375815524209)
(368.4, 2578.8, 0.0);(0.9979621265082125, 0.05784020486039125, -0.026946331047373567)
(368.4, 2210.4, 368.4);(0.9081212354637835, 0.3585635767288701, 0.21621281909991125)
(0.0, 2578.8, 368.4);(0.7633672015845718, -0.5471945237315032, 0.34329093891798745)
(736.8, 2210.4, 0.0);(0.9872390352758722, 0.15257530810295142, -0.045605510465891584)
(736.8, 2578.8, 368.4);(0.9913695401631274, 0.07925779233440032, 0.10442527084487965)
(1105.2, 2578.8, 0.0);(0.991271375243758, 0.12466240247720314, 0.04289925443361885)
(1105.2, 2210.4, 368.4);(0.9239960703048419, 0.2855257458711807, 0.25437435111645146)
(1473.6, 2210.4, 0.0);(0.9311468835691746, 0.3230661265901896, 0.16909689254810575)
(1473.6, 2578.8, 368.4);(0.960794546678264, 0.12941749341265893, 0.24520389775061407)
(1842.0, 2578.8, 0.0);(0.9719095707740139, 0.16263169947349865, 0.17012559056248333)
(1842.0, 2210.4, 368.4);(0.7737336269404087, 0.11615281658795659, 0.6227718665292493)
(2210.4, 2210.4, 0.0);(-0.590680736850469, -0.7977670433154965, 0.12109505239041714)
(2578.8, 2578.8, 0.0);(-0.4782955723361011, -0.8724015896697184, 0.10074131141408527)
(2578.8, 2210.4, 368.4);(-0.5783383106261136, -0.6955874295388972, 0.4262428020853872)
(2210.4, 2578.8, 368.4);(0.8084968432700552, -0.12986333336039096, 0.5739933528107132)
(2947.2, 2210.4, 0.0);(-0.7998984638870489, -0.5860496847932789, 0.12926025848975434)
(2947.2, 2578.8, 368.4);(-0.40421531480930956, -0.8196677054645213, 0.40590002696740196)
(3315.6, 2578.8, 0.0);(-0.6347553639101758, -0.7643521714070249, 0.11336395393874615)
(3315.6, 2210.4, 368.4);(-0.6882492272913069, -0.6036318016095059, 0.4024197425805313)
(3684.0, 2210.4, 0.0);(-0.8852915059666281, -0.3884518009531443, 0.25566413084278866)
(3684.0, 2578.8, 368.4);(-0.21222100140577996, -0.9718818640589367, 0.10201906133490068)
(4052.4, 2578.8, 0.0);(-0.13313392596776694, -0.98987505678239, 0.04922123237454989)
(4052.4, 2210.4, 368.4);(-0.09144795338436545, -0.9927535330946429, 0.07795956868733035)
(0.0, 2947.2, 0.0);(-0.06411565991923418, -0.9728591730546274, 0.22233805692365724)
(368.4, 2947.2, 368.4);(0.921996918601973, -0.3760311525532268, -0.09231605709712079)
(736.8, 2947.2, 0.0);(0.9956835602227929, 0.06308797276306236, -0.06807463253452874)
(1105.2, 2947.2, 368.4);(0.9975655759651252, 0.06964311230401116, 0.0035719123700105678)
(1473.6, 2947.2, 0.0);(0.9986413239369294, 0.027667232907923667, 0.04415914796184)
(1842.0, 2947.2, 368.4);(0.9810550919189411, -0.05239400171100985, 0.18650945071128325)
(2210.4, 2947.2, 0.0);(0.9887089654176735, 0.016974573755287457, 0.14888400031077892)
(2578.8, 2947.2, 368.4);(0.8740769642082035, -0.28453795990799163, 0.39373545688948175)
(2947.2, 2947.2, 0.0);(-0.2767564215790601, -0.9579663657567357, 0.07554022235594621)
(3315.6, 2947.2, 368.4);(-0.06626543233696222, -0.9894434059645063, 0.12888226747909384)
(3684.0, 2947.2, 0.0);(-0.1832625290456071, -0.9829514547696947, -0.01487558449100272)
(4052.4, 2947.2, 368.4);(-0.05604569973027721, -0.9846478814634914, -0.16531009972533994)
(368.4, 3315.6, 0.0);(-0.10148887287577621, -0.994567505916962, -0.02314054572645867)
(0.0, 3315.6, 368.4);(0.012705026864479937, -0.9978102895096287, 0.06490923232548669)
(0.0, 3684.0, 0.0);(-0.06738856279156874, -0.9917637742866702, -0.10891922519713998)
(368.4, 3684.0, 368.4);(0.1082402840820843, -0.8147845362224788, -0.569570189208099)
(736.8, 3315.6, 368.4);(0.9433514155067811, -0.11463511731268677, -0.31136296623082654)
(736.8, 3684.0, 0.0);(-0.7360056613948371, -0.5575548811056766, -0.38396382765826154)
(1105.2, 3315.6, 0.0);(0.9736076112809025, 0.20628821991579557, -0.09763907813917311)
(1105.2, 3684.0, 368.4);(0.48379233961265483, 0.26214012281284105, -0.8350015138571798)
(1473.6, 3315.6, 368.4);(0.9945374715415664, 0.07362473104171428, -0.07399065264439311)
(1473.6, 3684.0, 0.0);(0.993633257559683, 0.08342374000964486, -0.07571941015443684)
(1842.0, 3315.6, 0.0);(0.9926158722188407, -0.12115425862873087, 0.0059477588512363115)
(1842.0, 3684.0, 368.4);(0.9840398566960695, 0.021057418323691904, -0.17669789349938478)
(2578.8, 3315.6, 0.0);(0.9943447279795852, -0.03899961933313505, 0.09878052252886342)
(2210.4, 3315.6, 368.4);(0.9872435402702785, -0.14991492062944767, 0.05362563535542915)
(2210.4, 3684.0, 0.0);(0.9908112521666227, -0.13019030274792415, -0.03665443561716612)
(2578.8, 3684.0, 368.4);(0.9888900841440982, -0.14729630132867508, -0.02000502677755651)
(2947.2, 3315.6, 368.4);(0.8997761875770914, -0.3757600294427026, 0.2218269878586775)
(2947.2, 3684.0, 0.0);(0.996096623300493, -0.022627545801841932, 0.08532005168974997)
(3315.6, 3315.6, 0.0);(-0.17099732011362007, -0.9852194619722552, -0.010125624181249543)
(3315.6, 3684.0, 368.4);(0.9046998476892122, -0.40371452859539764, 0.13613509831087714)
(3684.0, 3315.6, 368.4);(-0.020198713228014673, -0.9950704979858841, -0.09709127675572532)
(3684.0, 3684.0, 0.0);(-0.17583594825222776, -0.9835801389891711, -0.040642705228402465)
(4052.4, 3315.6, 0.0);(-0.05633157236841445, -0.9914937203330467, -0.11733267445445945)
(4052.4, 3684.0, 368.4);(0.04089205329737628, -0.9108456736870142, -0.41071644562005755)
(368.4, 4052.4, 0.0);(-0.9898539007019455, 0.04164135489446054, 0.13585011162195063)
(0.0, 4052.4, 368.4);(-0.5298773269477299, -0.8456152713146486, -0.06453550422970127)
(736.8, 4052.4, 368.4);(-0.09854861306390794, -0.03504084655054305, -0.9945151129752637)
(1105.2, 4052.4, 0.0);(-0.2946993998821777, -0.490780819459402, -0.8199307598571005)
(1473.6, 4052.4, 368.4);(0.3572663779103, 0.22293725079995394, -0.9070059081508859)
(1842.0, 4052.4, 0.0);(0.9934992613796553, 0.043127954525280586, -0.1053527274281248)
(2578.8, 4052.4, 0.0);(0.997797818521001, -0.06070697057625173, -0.02672409171862951)
(2210.4, 4052.4, 368.4);(0.9858121706150642, -0.028364646548872698, -0.16543823951364192)
(2947.2, 4052.4, 368.4);(0.9953242062678451, -0.089896330075252, -0.03533234009070603)
(3315.6, 4052.4, 0.0);(0.9885734684635441, 0.02496637945457665, 0.1486579205656006)
(3684.0, 4052.4, 368.4);(0.9847070299795047, -0.13239797878647605, -0.11323798091717528)
(4052.4, 4052.4, 0.0);(-0.07249306553886177, -0.8747431789661266, -0.479133724862917)
(0.0, 0.0, 736.8);(-0.06287547047357928, 0.4094288501143061, 0.9101728912172692)
(368.4, 368.4, 736.8);(-0.3261971229340696, 0.9193511496246696, -0.21997477281118843)
(736.8, 0.0, 736.8);(-0.95595029518197, 0.1651342218394646, -0.24267204601885894)
(1105.2, 368.4, 736.8);(-0.9898866531216834, 0.14150706472743715, 0.01000822680483013)
(1473.6, 0.0, 736.8);(-0.9946782666210754, 0.03839174353134893, -0.09560972722644949)
(1842.0, 368.4, 736.8);(-0.9990033121636643, 0.0051591003004540755, -0.0443369594144439)
(2210.4, 0.0, 736.8);(-0.7600477241760039, -0.1064326549912981, -0.641092463632494)
(2578.8, 368.4, 736.8);(-0.6407858517253094, -0.39661365921887504, -0.6573363656072009)
(2947.2, 0.0, 736.8);(-0.2533511542832554, -0.07770572589836623, -0.9642484186069221)
(3315.6, 368.4, 736.8);(-0.4471943047019084, 0.1124394646622177, -0.8873413213801388)
(3684.0, 0.0, 736.8);(-0.6937200485605582, 0.32159901173158695, -0.6444583538743238)
(4052.4, 368.4, 736.8);(-0.25715712962251613, 0.8996293015364542, -0.3528984705284796)
(0.0, 736.8, 736.8);(-0.02378867637769883, 0.9976455673048216, 0.0643227868895448)
(736.8, 736.8, 736.8);(-0.3407271728038503, 0.9145226253955343, -0.21806733215398003)
(1473.6, 736.8, 736.8);(-0.9751441535870589, 0.07889721264232906, 0.2070485681241232)
(2210.4, 736.8, 736.8);(-0.9681326730588475, -0.2269329874688753, 0.10592708130776518)
(2947.2, 736.8, 736.8);(-0.7964891018462181, -0.4219962636950126, -0.4330407187178294)
(3684.0, 736.8, 736.8);(-0.669544029024922, 0.5009876425702803, -0.5483814139711038)
(368.4, 1105.2, 736.8);(0.0030144215124742325, 0.9953518835513477, -0.09625768111547954)
(0.0, 1473.6, 736.8);(0.040043779116419286, 0.9941673722281282, -0.10013856275728066)
(736.8, 1473.6, 736.8);(0.007742749891024047, 0.9821085634655466, 0.1881563695221749)
(1105.2, 1105.2, 736.8);(-0.43272652175107207, 0.8286515387677668, 0.35508363053093733)
(1473.6, 1473.6, 736.8);(-0.06432491903660292, 0.26646265577135486, 0.9616963958912453)
(1842.0, 1105.2, 736.8);(-0.8269941812919461, -0.18323749885754592, 0.5315116585002577)
(2578.8, 1105.2, 736.8);(-0.839658089474983, -0.4487879448855199, 0.30588179629499535)
(2210.4, 1473.6, 736.8);(-0.6185538911821055, -0.46414640934649104, 0.6340025192333509)
(2947.2, 1473.6, 736.8);(-0.7594230971456104, -0.5347039389885139, 0.37063223976326776)
(3315.6, 1105.2, 736.8);(-0.9109290102168554, -0.41201612588747316, -0.02123794608755872)
(3684.0, 1473.6, 736.8);(-0.7017848443727173, -0.6802638181967259, 0.2115163583772491)
(4052.4, 1105.2, 736.8);(-0.2908266713936027, 0.7447551581327015, -0.6006326678102452)
(368.4, 1842.0, 736.8);(0.19099165255829756, 0.9799800336645248, 0.05622563714114181)
(1105.2, 1842.0, 736.8);(0.5506838157017132, 0.5763966644590711, 0.6037501307036368)
(1842.0, 1842.0, 736.8);(0.19192988632228206, -0.02417263811209845, 0.981110902142575)
(2578.8, 1842.0, 736.8);(-0.5697674941839395, -0.5806948798438687, 0.5815139371455077)
(3315.6, 1842.0, 736.8);(-0.6070097435699326, -0.6864273487168585, 0.40044558449895395)
(4052.4, 1842.0, 736.8);(-0.13932288031652246, -0.9663815562040907, 0.21609216285850713)
(0.0, 2210.4, 736.8);(0.17125297533614728, 0.8588384816196366, 0.48277207968957175)
(368.4, 2578.8, 736.8);(0.8697615565986139, 0.2590727773094424, 0.4199953936894171)
(736.8, 2210.4, 736.8);(0.786898984524316, 0.46656288389879647, 0.4038676311895253)
(1105.2, 2578.8, 736.8);(0.8929904993545079, 0.3367171709812955, 0.2986461364708064)
(1473.6, 2210.4, 736.8);(0.7260002806870586, 0.3938883617590742, 0.5637158423470684)
(1842.0, 2578.8, 736.8);(0.8080982717018844, 0.21240100971015644, 0.5494205987643103)
(2210.4, 2210.4, 736.8);(0.2672403322391596, -0.21252226674105773, 0.9399025965300587)
(2578.8, 2578.8, 736.8);(0.4234437704950603, -0.3462393874943686, 0.8371461400355682)
(2947.2, 2210.4, 736.8);(-0.4562354905499872, -0.6768959651071642, 0.5776339927534159)
(3315.6, 2578.8, 736.8);(-0.10225835177674605, -0.9197953851936466, 0.3788399119263633)
(3684.0, 2210.4, 736.8);(-0.15346451453162854, -0.9811050974924171, 0.11781948248895953)
(4052.4, 2578.8, 736.8);(0.0028730041411299564, -0.9813831429215745, -0.1920387269187584)
(0.0, 2947.2, 736.8);(0.5236993313680682, -0.7762116030683153, -0.35104779957543475)
(736.8, 2947.2, 736.8);(0.9865698406458006, 0.15950080944737952, 0.035205700017899764)
(1473.6, 2947.2, 736.8);(0.9569509548859537, 0.2517364134887322, 0.1444771541341105)
(2210.4, 2947.2, 736.8);(0.9354522198817885, -0.008807927620213792, 0.3533434090644271)
(2947.2, 2947.2, 736.8);(0.6780171382582202, -0.5084090277769826, 0.5308606415086703)
(3684.0, 2947.2, 736.8);(0.05746147899355919, -0.9983194126839601, 0.007518556392399748)
(368.4, 3315.6, 736.8);(0.7884897532385398, -0.39305793942010814, -0.47306380679211263)
(0.0, 3684.0, 736.8);(0.3177832096708021, -0.8007710559261553, -0.5077199500140145)
(736.8, 3684.0, 736.8);(0.381758488383512, 0.2547259105842336, -0.888467876191463)
(1105.2, 3315.6, 736.8);(0.8231220063700448, 0.39108523147451646, -0.4117311068547966)
(1473.6, 3684.0, 736.8);(0.6110355564002911, 0.3332770306141879, -0.7180264407941928)
(1842.0, 3315.6, 736.8);(0.9918102290682723, 0.1109675959111657, -0.06323497586966749)
(2578.8, 3315.6, 736.8);(0.984500835738358, -0.13669302089086263, 0.10987776149068892)
(2210.4, 3684.0, 736.8);(0.9857225121027413, -0.025121169259169546, -0.1664934112477515)
(2947.2, 3684.0, 736.8);(0.9877139272818103, -0.15592537394316877, -0.01041516270760225)
(3315.6, 3315.6, 736.8);(0.6856327432807101, -0.6529875647286091, 0.3217374421032906)
(3684.0, 3684.0, 736.8);(0.6404781178922311, -0.7548992976966739, -0.14111991651887418)
(4052.4, 3315.6, 736.8);(0.04012972875011696, -0.9785105569040565, -0.20225403555369464)
(368.4, 4052.4, 736.8);(0.001076409285976804, -0.02954864252671124, -0.9995627639462555)
(1105.2, 4052.4, 736.8);(0.25848575461870976, 0.12640472351125692, -0.9577092254610681)
(1842.0, 4052.4, 736.8);(0.6896335450147162, 0.07565994595868136, -0.7201952139301989)
(2578.8, 4052.4, 736.8);(0.9798399682768382, -0.024781552583334813, -0.19824104322466643)
(3315.6, 4052.4, 736.8);(0.9653595929803952, -0.11094017609711493, -0.23616336203625443)
(4052.4, 4052.4, 736.8);(0.6217062315565236, -0.5619265878206767, -0.5456371244187822)
(368.4, 0.0, 1105.2);(0.35595012486779254, 0.907152137940917, -0.22444265912661654)
(0.0, 368.4, 1105.2);(0.07004994327470199, 0.9905356843725656, 0.11803416213869586)
(0.0, 0.0, 1473.6);(0.2422170539286256, -0.06230119243357443, -0.9682197375634789)
(368.4, 368.4, 1473.6);(-0.24299566834510805, 0.9503866065962013, 0.194212263176329)
(736.8, 368.4, 1105.2);(-0.4522641643815142, 0.8917716179050531, -0.014160053506066403)
(736.8, 0.0, 1473.6);(-0.9923206197719142, 0.11168760173645159, 0.05315700512485603)
(1105.2, 0.0, 1105.2);(-0.9948571111460305, 0.03438894153965472, -0.0952718694156729)
(1105.2, 368.4, 1473.6);(-0.9996268655353652, 0.0193267811632577, 0.019302984997363146)
(1473.6, 368.4, 1105.2);(-0.9982485477634776, 0.05260328881916391, -0.027069002447739327)
(1473.6, 0.0, 1473.6);(-0.9734950219492589, -0.03554800664688698, -0.2259287088075459)
(1842.0, 0.0, 1105.2);(-0.9249042853567563, -0.07076136423620821, -0.3735570803239297)
(1842.0, 368.4, 1473.6);(-0.9513474070358204, -0.22981942410926307, -0.20523436220162453)
(2578.8, 0.0, 1105.2);(-0.6133647083127394, -0.12943890339482483, -0.7791208538374348)
(2210.4, 368.4, 1105.2);(-0.8460401340322938, -0.3161922125772015, -0.42923021365247815)
(2210.4, 0.0, 1473.6);(-0.8487983466722897, -0.115683490554422, -0.51590570524034)
(2578.8, 368.4, 1473.6);(-0.7960580687117539, -0.38640466173599, -0.46581432849109267)
(2947.2, 368.4, 1105.2);(-0.6351586647103792, -0.3615290359578943, -0.6825468678432884)
(2947.2, 0.0, 1473.6);(-0.6719958186699508, -0.1677762380802109, -0.7212993509117799)
(3315.6, 0.0, 1105.2);(-0.4690951269034164, -0.03734352775178311, -0.8823577635236851)
(3315.6, 368.4, 1473.6);(-0.3668083818762377, -0.5994544293715394, -0.7114112721149268)
(3684.0, 368.4, 1105.2);(-0.24716935212011504, 0.09862559246933116, -0.963939989772494)
(3684.0, 0.0, 1473.6);(0.013776822447251718, -0.045650313003201985, -0.9988624770637681)
(4052.4, 0.0, 1105.2);(-0.14415567326546522, 0.11877563934593086, -0.9824008801723184)
(4052.4, 368.4, 1473.6);(0.07854855994979879, 0.07446930501947956, -0.9941249651526353)
(368.4, 736.8, 1105.2);(0.06543025024111553, 0.9975476955004839, -0.024849095658770692)
(0.0, 736.8, 1473.6);(0.008559561538986451, 0.9939929621022595, -0.10910877690376967)
(736.8, 736.8, 1473.6);(-0.419414392305153, 0.750055360329786, 0.511379041385012)
(1105.2, 736.8, 1105.2);(-0.8092183994964781, 0.5410045485999904, 0.22908439560668253)
(1473.6, 736.8, 1473.6);(-0.9649465806189821, -0.07101091960611007, 0.252656972689116)
(1842.0, 736.8, 1105.2);(-0.9662386832507163, -0.0930193593260478, 0.24027110891760078)
(2578.8, 736.8, 1105.2);(-0.7809216974264902, -0.591673305880491, -0.20020989385387622)
(2210.4, 736.8, 1473.6);(-0.86216314252504, -0.5051324854379524, -0.03893440415139979)
(2947.2, 736.8, 1473.6);(-0.57177141877411, -0.8186511420834537, -0.05373781013865613)
(3315.6, 736.8, 1105.2);(-0.7576916104435688, -0.59902835530289, -0.25897577687217305)
(3684.0, 736.8, 1473.6);(-0.19701823819198966, -0.9234682599982605, -0.32922664927904854)
(4052.4, 736.8, 1105.2);(-0.11124446205792099, 0.573623693240021, -0.8115297457364838)
(0.0, 1105.2, 1105.2);(0.04085382155454119, 0.9943679193727569, -0.09779266939133953)
(368.4, 1105.2, 1473.6);(-0.02622225897429975, 0.9969377685181452, 0.07367142482907363)
(368.4, 1473.6, 1105.2);(0.025813281711371226, 0.9992000254238125, -0.030544781556625576)
(0.0, 1473.6, 1473.6);(-0.01809242129107082, 0.9900468945411814, -0.13957009314745406)
(736.8, 1105.2, 1105.2);(-0.14192150049436286, 0.9583929392218983, 0.24767168135868772)
(736.8, 1473.6, 1473.6);(-0.10983390675446696, 0.9326037787465808, 0.3437829326692201)
(1105.2, 1105.2, 1473.6);(-0.5018579659791907, 0.5504483619304299, 0.6671920134648914)
(1105.2, 1473.6, 1105.2);(-0.060151473570350285, 0.7175409473689753, 0.6939141078520805)
(1473.6, 1105.2, 1105.2);(-0.7182048794110304, 0.12336172359760836, 0.6848091970331697)
(1473.6, 1473.6, 1473.6);(-0.2034067058028444, 0.38630558681709104, 0.8996631067395939)
(1842.0, 1105.2, 1473.6);(-0.768689955155345, -0.13746675059062835, 0.6246748316727092)
(1842.0, 1473.6, 1105.2);(-0.2870779287711533, -0.186201321641112, 0.9396357435898062)
(2210.4, 1105.2, 1105.2);(-0.7084423955355523, -0.42496189225541603, 0.563486257453138)
(2578.8, 1105.2, 1473.6);(-0.4872260135198317, -0.8261759663077103, 0.282920632766672)
(2578.8, 1473.6, 1105.2);(-0.5169913409005531, -0.6347581142237423, 0.5742839801535184)
(2210.4, 1473.6, 1473.6);(-0.3749114121339569, -0.4532997643336528, 0.8086784012861832)
(2947.2, 1105.2, 1105.2);(-0.6336803654904727, -0.7469289184771192, 0.20136132978916796)
(2947.2, 1473.6, 1473.6);(-0.31733056944683535, -0.8957464307441629, 0.31135131524315063)
(3315.6, 1105.2, 1473.6);(-0.2983072062758631, -0.9412681280405728, 0.1581996264814979)
(3315.6, 1473.6, 1105.2);(-0.4849038930427357, -0.821508681639862, 0.29998616718498045)
(3684.0, 1105.2, 1105.2);(-0.5976509086477726, -0.7926604768299723, 0.12042740495490517)
(3684.0, 1473.6, 1473.6);(-0.0828805194932651, -0.9895985492030264, 0.11758201777394357)
(4052.4, 1105.2, 1473.6);(-0.101814552159242, -0.9640807182946362, 0.24532053640311363)
(4052.4, 1473.6, 1105.2);(-0.1395510768916779, -0.9534411842920862, 0.2673488452080483)
(0.0, 1842.0, 1105.2);(0.04774718737089453, 0.9984656774789241, -0.02804455374438954)
(368.4, 1842.0, 1473.6);(-0.0353739683597309, 0.9974878255136967, 0.061373612525591315)
(736.8, 1842.0, 1105.2);(0.23284414517526433, 0.8883824053268848, 0.3956770222836031)
(1105.2, 1842.0, 1473.6);(0.2549110197280392, 0.7644933917395504, 0.5920897111145991)
(1473.6, 1842.0, 1105.2);(0.35751177336809026, 0.41471025368157344, 0.836779981473367)
(1842.0, 1842.0, 1473.6);(0.1777045167937405, 0.14189116927157122, 0.973800801393103)
(2210.4, 1842.0, 1105.2);(-0.12429820680481185, -0.34515692537431575, 0.9302777287731107)
(2578.8, 1842.0, 1473.6);(-0.27399937953283376, -0.6317934267711607, 0.7250940669350261)
(2947.2, 1842.0, 1105.2);(-0.4316127246723906, -0.7355007072384092, 0.5222539282309662)
(3315.6, 1842.0, 1473.6);(-0.01828552447951502, -0.984050241213113, 0.1769484737513248)
(3684.0, 1842.0, 1105.2);(-0.13072382052309958, -0.9850916097099099, 0.11182934868353084)
(4052.4, 1842.0, 1473.6);(0.03274527956337552, -0.9982705894530626, 0.048821889551219536)
(368.4, 2210.4, 1105.2);(0.3335682829691447, 0.8833322044202921, 0.32932721908613)
(0.0, 2578.8, 1105.2);(0.15866988472705018, 0.8967928272901444, 0.4130211769409091)
(0.0, 2210.4, 1473.6);(-0.009504738372675, 0.9952338057250727, 0.09705324255508099)
(368.4, 2578.8, 1473.6);(0.20360175095082944, 0.9643052438353324, 0.16929773690583289)
(736.8, 2578.8, 1105.2);(0.6830163711398333, 0.6321233721737981, 0.3659353482605905)
(736.8, 2210.4, 1473.6);(0.2855055429174665, 0.9039467381566737, 0.3183816570396488)
(1105.2, 2210.4, 1105.2);(0.6192178118484027, 0.5870444194654417, 0.5214864821490186)
(1105.2, 2578.8, 1473.6);(0.4987985275298303, 0.8223127970482457, 0.27386436925011615)
(1473.6, 2578.8, 1105.2);(0.7095666814405628, 0.5130649068865376, 0.48299019235480906)
(1473.6, 2210.4, 1473.6);(0.4945174732144316, 0.5861167038659759, 0.6418096899665023)
(1842.0, 2210.4, 1105.2);(0.4458269313744931, 0.2894548600350088, 0.8470267004429768)
(1842.0, 2578.8, 1473.6);(0.6442730657697618, 0.3991447782824017, 0.6523769329869998)
(2578.8, 2210.4, 1105.2);(0.025798043638843398, -0.44870837734301344, 0.8933058004102561)
(2210.4, 2578.8, 1105.2);(0.6216601658990932, 0.08183644647018624, 0.7790002786671157)
(2210.4, 2210.4, 1473.6);(0.3354426033912236, -0.04049147612221453, 0.9411900446729993)
(2578.8, 2578.8, 1473.6);(0.6768546009257931, -0.1965040872266413, 0.7094039701811725)
(2947.2, 2578.8, 1105.2);(0.3675664580607933, -0.5652548523407201, 0.738499729731781)
(2947.2, 2210.4, 1473.6);(0.06042740249878485, -0.819492990317975, 0.5698945234400427)
(3315.6, 2210.4, 1105.2);(-0.11706133404152011, -0.9386669394510283, 0.324347068514669)
(3315.6, 2578.8, 1473.6);(0.4543424690533294, -0.8457233390684631, 0.2798659582182401)
(3684.0, 2578.8, 1105.2);(0.12180574849524965, -0.9921937952136984, -0.026736349282383533)
(3684.0, 2210.4, 1473.6);(0.16929360595395374, -0.9853541316566108, -0.020418379229360295)
(4052.4, 2210.4, 1105.2);(0.04215837386090775, -0.993546504322385, -0.1052996451189324)
(4052.4, 2578.8, 1473.6);(0.11515007472079992, -0.9920321006864534, -0.0511152765757615)
(368.4, 2947.2, 1105.2);(0.7381686835396815, 0.6643335639538945, 0.11733673953885983)
(0.0, 2947.2, 1473.6);(0.10532085001506888, 0.9787270385724232, 0.1760707315806855)
(736.8, 2947.2, 1473.6);(0.4362744305113672, 0.8970782464866534, 0.07010877949596174)
(1105.2, 2947.2, 1105.2);(0.7873403501977615, 0.613481475992794, 0.06111997680111694)
(1473.6, 2947.2, 1473.6);(0.6922301291211836, 0.7164887552269666, 0.08637888613649197)
(1842.0, 2947.2, 1105.2);(0.9033621803809097, 0.2917294103255759, 0.31437353929448447)
(2578.8, 2947.2, 1105.2);(0.8807575731961073, -0.06217157257545038, 0.4694686281544266)
(2210.4, 2947.2, 1473.6);(0.9209760308181903, 0.15750465556432977, 0.3563641875019621)
(2947.2, 2947.2, 1473.6);(0.9273931354682269, -0.10287257048340644, 0.35966540913541767)
(3315.6, 2947.2, 1105.2);(0.5839577675668453, -0.6564737495660983, 0.4775306710871817)
(3684.0, 2947.2, 1473.6);(0.5292683844976699, -0.8154195114123604, 0.2344482833787753)
(4052.4, 2947.2, 1105.2);(0.08828264665401801, -0.9937943927023344, -0.06766741707173721)
(0.0, 3315.6, 1105.2);(0.08752565539910301, -0.44239338443985765, -0.8925398327530294)
(368.4, 3315.6, 1473.6);(0.17256055029790524, 0.8140965648889865, -0.5544994495189661)
(368.4, 3684.0, 1105.2);(0.17754719774548794, 0.07197621083653273, -0.981476651605294)
(0.0, 3684.0, 1473.6);(-0.08334467836737842, -0.09560504810245504, -0.991924059273272)
(736.8, 3315.6, 1105.2);(0.7147506967953804, 0.5533427191648773, -0.4277186886000402)
(736.8, 3684.0, 1473.6);(0.30243761413618087, 0.4913621154755262, -0.8167586920449822)
(1105.2, 3315.6, 1473.6);(0.6267588605869959, 0.7001022259978192, -0.342096775530827)
(1105.2, 3684.0, 1105.2);(0.5105087102774117, 0.3979086917615159, -0.7622660491924933)
(1473.6, 3315.6, 1105.2);(0.7945143201021894, 0.45949962490015994, -0.3969975942863736)
(1473.6, 3684.0, 1473.6);(0.6952357565237828, 0.3441682148987917, -0.6310273232627748)
(1842.0, 3315.6, 1473.6);(0.8604126101352683, 0.4253954232422301, -0.2805866607748463)
(1842.0, 3684.0, 1105.2);(0.7807550873852988, 0.2575782197088313, -0.5692758156233264)
(2210.4, 3315.6, 1105.2);(0.9953337138277388, 0.09267757396496837, 0.02686383073667724)
(2578.8, 3315.6, 1473.6);(0.990874395974127, 0.12715081535588355, 0.04472808465878104)
(2578.8, 3684.0, 1105.2);(0.9893157902197022, 0.013039496932403931, -0.145204127839797)
(2210.4, 3684.0, 1473.6);(0.8985620752202425, 0.22651191669536241, -0.37587038799416556)
(2947.2, 3315.6, 1105.2);(0.9780355823099234, -0.09114298969999457, 0.1874549416906259)
(2947.2, 3684.0, 1473.6);(0.9940386036239753, 0.07366171026764325, -0.08038163313682502)
(3315.6, 3315.6, 1473.6);(0.9752119200848938, -0.025051688620606694, 0.21985023043333624)
(3315.6, 3684.0, 1105.2);(0.994246598980209, -0.10700035158803721, 0.004962376076438288)
(3684.0, 3315.6, 1105.2);(0.5272734142805424, -0.7952041300731816, 0.29938793914834677)
(3684.0, 3684.0, 1473.6);(0.9785686907937977, -0.16086924473968092, 0.12854728116532638)
(4052.4, 3315.6, 1473.6);(0.3262916007787089, -0.7532092680368275, 0.5711476077203635)
(4052.4, 3684.0, 1105.2);(0.10562777854166723, -0.9754251328666234, -0.1933612747488041)
(0.0, 4052.4, 1105.2);(0.007840294241249173, -0.09478622824167696, -0.9954667752978638)
(368.4, 4052.4, 1473.6);(-0.06483422396301795, 0.06227902630335169, -0.9959507248282012)
(736.8, 4052.4, 1105.2);(0.11323173419721878, 0.1154850533804861, -0.9868342195203796)
(1105.2, 4052.4, 1473.6);(0.46637057322473713, 0.15983263906406225, -0.8700298936932267)
(1473.6, 4052.4, 1105.2);(0.5556936626666066, 0.10850445355570516, -0.8242762503134186)
(1842.0, 4052.4, 1473.6);(0.7598370573877805, 0.0923024058570075, -0.6435277088776263)
(2210.4, 4052.4, 1105.2);(0.8610912331496045, 0.06887237424671386, -0.5037643141971394)
(2578.8, 4052.4, 1473.6);(0.9479483103204028, 0.05912989808272497, -0.3128860113738225)
(2947.2, 4052.4, 1105.2);(0.9786281512552137, -0.010857147457015192, -0.20535107479606507)
(3315.6, 4052.4, 1473.6);(0.9817696415948545, -0.020459192990991904, -0.18897034758095843)
(3684.0, 4052.4, 1105.2);(0.7976310800756365, -0.12415609650853819, -0.5902287046536588)
(4052.4, 4052.4, 1473.6);(0.4494031343142523, -0.27720747870639767, -0.8492307322617147)
(368.4, 0.0, 1842.0);(-0.9983057455506162, -0.05023322151507738, 0.02936429561295731)
(0.0, 368.4, 1842.0);(-0.2935649673360524, 0.35717676228982004, -0.8867042181207574)
(736.8, 368.4, 1842.0);(-0.9753223941179993, -0.017860788525842653, 0.22006185440727632)
(1105.2, 0.0, 1842.0);(-0.9939420734714401, -0.049102017884586194, -0.09832673300255516)
(1473.6, 368.4, 1842.0);(-0.9805847851440949, -0.18704086385452642, -0.058899867508015374)
(1842.0, 0.0, 1842.0);(-0.9664177241618699, -0.10581618149296249, -0.2341788166338715)
(2578.8, 0.0, 1842.0);(-0.8838227698575125, -0.14589703709273236, -0.4444900066918902)
(2210.4, 368.4, 1842.0);(-0.9076612865793561, -0.3576262002605669, -0.21966904591293)
(2947.2, 368.4, 1842.0);(-0.6365536596636132, -0.59535100077213, -0.4902617915445627)
(3315.6, 0.0, 1842.0);(-0.40809770021599606, -0.20772012503643525, -0.8889930352557677)
(3684.0, 368.4, 1842.0);(0.08233090586043028, -0.7271037645348882, -0.6815729876831937)
(4052.4, 0.0, 1842.0);(0.21440826837748114, 0.013920148645871653, -0.9766449323643915)
(368.4, 736.8, 1842.0);(-0.4117963682596638, 0.8361137994939879, 0.362405112248543)
(1105.2, 736.8, 1842.0);(-0.941153804961806, -0.057693924639933614, 0.3330179071244615)
(1842.0, 736.8, 1842.0);(-0.9328684201129187, -0.3592220772083156, 0.026758363219187155)
(2578.8, 736.8, 1842.0);(-0.6637799462284381, -0.7478460710922181, -0.011065122543614563)
(3315.6, 736.8, 1842.0);(-0.09225152816014186, -0.9798516733222102, -0.1771450079448566)
(4052.4, 736.8, 1842.0);(-0.045892903760841514, -0.9904167270323355, 0.13026338011488275)
(0.0, 1105.2, 1842.0);(-0.05847240472926719, 0.9925109006909452, -0.10725245868895279)
(368.4, 1473.6, 1842.0);(-0.20137928742124414, 0.9756558607623922, 0.08684482689088377)
(736.8, 1105.2, 1842.0);(-0.41915345736747345, 0.7530907677578773, 0.5071140647770918)
(1105.2, 1473.6, 1842.0);(-0.3182610383560542, 0.7857718550603477, 0.5303513017421055)
(1473.6, 1105.2, 1842.0);(-0.8762029790003688, 0.006638048557903695, 0.48189654066222776)
(1842.0, 1473.6, 1842.0);(-0.49169805765931207, -0.019821052096492247, 0.8705401461092118)
(2210.4, 1105.2, 1842.0);(-0.6580904877014023, -0.7186256519139502, 0.22470888368771855)
(2578.8, 1473.6, 1842.0);(-0.2532329845885862, -0.9142134603052517, 0.31636498623118026)
(2947.2, 1105.2, 1842.0);(-0.1742638353925448, -0.9781320614770401, 0.11353319331788264)
(3315.6, 1473.6, 1842.0);(0.004063701029577037, -0.9941245690705158, 0.10816574089934194)
(3684.0, 1105.2, 1842.0);(-0.0487861944960863, -0.9979793939062936, 0.04070671400416215)
(4052.4, 1473.6, 1842.0);(0.014362322869769508, -0.9895768847516464, 0.14328751811309728)
(0.0, 1842.0, 1842.0);(-0.06696878881076838, 0.9977231486557486, 0.007981225574921992)
(736.8, 1842.0, 1842.0);(-0.12619993142200936, 0.980825112814877, 0.14851153282073407)
(1473.6, 1842.0, 1842.0);(0.260237163911735, 0.6522578024274682, 0.7119244185246539)
(2210.4, 1842.0, 1842.0);(-0.18303334877258223, -0.31043452024210816, 0.9328071622147562)
(2947.2, 1842.0, 1842.0);(0.052635536089309855, -0.9786990790380744, 0.198437932438876)
(3684.0, 1842.0, 1842.0);(0.11968131761583294, -0.9900316254555068, 0.0742547157537161)
(368.4, 2210.4, 1842.0);(-0.03987328818515541, 0.9963751359596972, 0.07514458949650672)
(0.0, 2578.8, 1842.0);(0.0022003934924773477, 0.9946349280161666, 0.10342397323035679)
(736.8, 2578.8, 1842.0);(0.12287282872377506, 0.9888743195549968, 0.08384418933986867)
(1105.2, 2210.4, 1842.0);(0.21897810116803643, 0.9473207009377888, 0.23373506537012737)
(1473.6, 2578.8, 1842.0);(0.41314452435313526, 0.8822701039612756, 0.2256348059435459)
(1842.0, 2210.4, 1842.0);(0.4797469117311313, 0.40045951368433097, 0.7806888487638023)
(2578.8, 2210.4, 1842.0);(0.3743604074330981, -0.5896363975733302, 0.7156697590392306)
(2210.4, 2578.8, 1842.0);(0.8249930278761923, 0.07271638842553303, 0.5604452076786982)
(2947.2, 2578.8, 1842.0);(0.8914389491068356, -0.3956391091578022, 0.22092146867183557)
(3315.6, 2210.4, 1842.0);(0.2729844946630409, -0.95869627454659, 0.07988065375329274)
(3684.0, 2578.8, 1842.0);(0.28166196642561714, -0.9560968617851161, 0.08090319866301375)
(4052.4, 2210.4, 1842.0);(0.07972273124757627, -0.991908620764524, 0.09880067902320537)
(368.4, 2947.2, 1842.0);(0.06531624431030873, 0.9972465208934544, -0.03511644621964273)
(1105.2, 2947.2, 1842.0);(0.28468087008725257, 0.9581756056865387, -0.029262789914836208)
(1842.0, 2947.2, 1842.0);(0.797791118202079, 0.6026455270689114, 0.01864672683637328)
(2578.8, 2947.2, 1842.0);(0.9874804810954818, 0.09438829525099295, 0.1263849246352086)
(3315.6, 2947.2, 1842.0);(0.9832383273575961, -0.1516545268357474, 0.10120917006508068)
(4052.4, 2947.2, 1842.0);(0.11189624254503527, -0.9578420589673335, 0.26460880744510706)
(0.0, 3315.6, 1842.0);(0.05434267739425543, 0.9952622970258614, 0.08062154508833036)
(368.4, 3684.0, 1842.0);(-0.10219368357982643, 0.6152484449181901, -0.7816813942151465)
(736.8, 3315.6, 1842.0);(0.08819369425962745, 0.9169165654528904, -0.38921187583489114)
(1105.2, 3684.0, 1842.0);(0.5408438646427072, 0.4737474832579224, -0.6950188746970299)
(1473.6, 3315.6, 1842.0);(0.7115234655273355, 0.6406234332059397, -0.2886797097674263)
(1842.0, 3684.0, 1842.0);(0.8378979693120524, 0.32634438014008615, -0.4375229577676145)
(2210.4, 3315.6, 1842.0);(0.915067983863604, 0.36712514925271117, -0.16694223460219226)
(2578.8, 3684.0, 1842.0);(0.9638083848819058, 0.19560256003452875, -0.18114368810221007)
(2947.2, 3315.6, 1842.0);(0.9908329052812986, 0.13140019424291055, 0.031371049787128895)
(3315.6, 3684.0, 1842.0);(0.9912625090806925, 0.12420212458565232, 0.04441250206259515)
(3684.0, 3315.6, 1842.0);(0.9467510798382576, -0.05238900917648058, 0.3176755963913503)
(4052.4, 3684.0, 1842.0);(0.6174309139682825, 0.31770916080265965, 0.7196109751930977)
(0.0, 4052.4, 1842.0);(-0.22629879949041212, -0.018923762112782717, -0.9738740907205083)
(736.8, 4052.4, 1842.0);(0.3186841998937625, 0.17300451037990403, -0.9319387426898198)
(1473.6, 4052.4, 1842.0);(0.7384913593580607, 0.13375651639289146, -0.6608628499741241)
(2210.4, 4052.4, 1842.0);(0.9087973003229742, 0.09607061622576521, -0.40602697400994875)
(2947.2, 4052.4, 1842.0);(0.98728786115943, 0.058594000828946224, -0.14774783339898961)
(3684.0, 4052.4, 1842.0);(0.9868427809298467, 0.07253991460295516, -0.14449666610701625)
(0.0, 0.0, 2210.4);(-0.8123771436119259, 0.5828513342039865, -0.018102451589807788)
(368.4, 368.4, 2210.4);(-0.9862936169341844, 0.16382075749733893, -0.019689098706708503)
(368.4, 0.0, 2578.8);(-0.9927304062498997, -0.004026817378762911, 0.12029183367422332)
(0.0, 368.4, 2578.8);(-0.15070129460947532, 0.9787774519185349, 0.13886619249798784)
(736.8, 0.0, 2210.4);(-0.9965455886958976, -0.031573922067405086, 0.07681130838638509)
(736.8, 368.4, 2578.8);(-0.9949813436300404, -0.028417648886658854, 0.0959404141116456)
(1105.2, 368.4, 2210.4);(-0.9845129322639, -0.15738541881037216, 0.0772276903126148)
(1105.2, 0.0, 2578.8);(-0.9941314279584798, -0.05811003831627679, 0.09124651989043121)
(1473.6, 0.0, 2210.4);(-0.9961157119415909, -0.0839363513163292, -0.026611601808221048)
(1473.6, 368.4, 2578.8);(-0.981135485948132, -0.17148066954509733, 0.08926106758093401)
(1842.0, 368.4, 2210.4);(-0.9591093315205431, -0.2821438181127531, -0.02245342047382996)
(1842.0, 0.0, 2578.8);(-0.9889042249993759, -0.07674470955017054, 0.12719545327740278)
(2210.4, 0.0, 2210.4);(-0.9849231679987576, -0.12577134793034797, -0.11877677036809133)
(2578.8, 368.4, 2210.4);(-0.8707367997202742, -0.44942929056941217, -0.199576397379976)
(2578.8, 0.0, 2578.8);(-0.9885088189670707, -0.14123935407517557, -0.0538679838564076)
(2210.4, 368.4, 2578.8);(-0.9543915318154167, -0.28925741828848184, 0.07393882582314056)
(2947.2, 0.0, 2210.4);(-0.8168899086397858, -0.17684076482479477, -0.5490156838002571)
(2947.2, 368.4, 2578.8);(-0.7260908819853485, -0.6110136051364468, -0.3153639253876401)
(3315.6, 368.4, 2210.4);(-0.23924925354284018, -0.8031443348629005, -0.5456363001641505)
(3315.6, 0.0, 2578.8);(-0.781730867722056, -0.27311227128983223, -0.5606304823334444)
(3684.0, 0.0, 2210.4);(-0.1521554029855192, -0.3258440442259861, -0.9330993474356136)
(3684.0, 368.4, 2578.8);(-0.2948284580052854, -0.9394453918280079, -0.17469555267191716)
(4052.4, 368.4, 2210.4);(0.02857373512478904, -0.9858278618933957, 0.16530870629133307)
(4052.4, 0.0, 2578.8);(-0.5878597292189965, -0.7802095196083509, 0.2137616529573869)
(0.0, 736.8, 2210.4);(-0.3151482357855589, 0.8958340725369153, -0.3133095976237795)
(368.4, 736.8, 2578.8);(-0.7622584405803211, 0.6152674191207015, 0.20101759309226647)
(736.8, 736.8, 2210.4);(-0.9388358833633454, 0.0596883006809046, 0.3391526070535103)
(1105.2, 736.8, 2578.8);(-0.9934793103136933, -0.07166839243953096, 0.08867074773431045)
(1473.6, 736.8, 2210.4);(-0.9638764885216518, -0.25551567823305593, 0.07519210764615908)
(1842.0, 736.8, 2578.8);(-0.9458580710871892, -0.32332635489519884, 0.02850574660319497)
(2210.4, 736.8, 2210.4);(-0.8645326229460775, -0.5019449806083397, -0.02519087739775876)
(2578.8, 736.8, 2578.8);(-0.6761963420812892, -0.7163462337157841, -0.1720656281687171)
(2947.2, 736.8, 2210.4);(-0.18465818271626852, -0.9706788063918133, -0.15389610254223438)
(3315.6, 736.8, 2578.8);(-0.10301193212293977, -0.9835130453216915, -0.14862917453296776)
(3684.0, 736.8, 2210.4);(-0.019561881886088192, -0.9985921817229084, -0.04930504415327567)
(4052.4, 736.8, 2578.8);(-0.06176149735179252, -0.9913622069981056, 0.11570000855967809)
(368.4, 1105.2, 2210.4);(-0.4130759479232078, 0.865166458354665, 0.2843505944874901)
(0.0, 1105.2, 2578.8);(-0.22820825218716073, 0.8871662890362841, 0.4010697809998524)
(0.0, 1473.6, 2210.4);(-0.11882890185269418, 0.985220713405067, 0.12336870738600424)
(368.4, 1473.6, 2578.8);(-0.31003063721438034, 0.9231535787474151, 0.22730700392703557)
(736.8, 1105.2, 2578.8);(-0.8071746367060662, 0.5588230759661448, 0.1902258542526917)
(736.8, 1473.6, 2210.4);(-0.39780142113530137, 0.8956785889456711, 0.19878102184822882)
(1105.2, 1105.2, 2210.4);(-0.9371993280408051, 0.11467041611693043, 0.329405699992325)
(1105.2, 1473.6, 2578.8);(-0.6760239466326944, 0.7363354459857104, -0.028314917696878078)
(1473.6, 1105.2, 2578.8);(-0.9866265199576051, -0.15996436893328664, -0.03129713705949888)
(1473.6, 1473.6, 2210.4);(-0.8483058086921124, 0.3440109122521219, 0.4025341565515706)
(1842.0, 1105.2, 2210.4);(-0.9276653611069885, -0.369761078338155, 0.05209340407811178)
(1842.0, 1473.6, 2578.8);(-0.8742006488128332, -0.4565087245077893, -0.16544790740137172)
(2578.8, 1105.2, 2210.4);(-0.19546886121066814, -0.979492810870831, 0.04884421920107965)
(2210.4, 1105.2, 2578.8);(-0.7082484779332793, -0.6940743901816324, -0.1290148611563345)
(2210.4, 1473.6, 2210.4);(-0.3526816921825501, -0.9187519177993265, 0.17751207716466122)
(2578.8, 1473.6, 2578.8);(-0.008931834435856788, -0.9992880676155359, -0.03665488036835695)
(2947.2, 1105.2, 2578.8);(-0.04736688295814866, -0.9972807965500111, -0.05645698567409107)
(2947.2, 1473.6, 2210.4);(0.04197230694127778, -0.9967579131025825, 0.06864392265460732)
(3315.6, 1105.2, 2210.4);(0.0032361373265618015, -0.9999878244156879, 0.003725377240362608)
(3315.6, 1473.6, 2578.8);(0.045191024384387275, -0.99509323912526, 0.08801827516083124)
(3684.0, 1105.2, 2578.8);(-0.022713173561538815, -0.9974770340964356, 0.06725829463301639)
(3684.0, 1473.6, 2210.4);(0.04460661575502182, -0.993036377319112, 0.10903670552533272)
(4052.4, 1105.2, 2210.4);(-0.01406261898230339, -0.9909441848823594, 0.1335360071111717)
(4052.4, 1473.6, 2578.8);(0.00018121807061069795, -0.9855905369091317, 0.1691486349787673)
(368.4, 1842.0, 2210.4);(-0.18295418032398775, 0.9786377255211769, 0.09378683323748342)
(0.0, 1842.0, 2578.8);(-0.06888986793758899, 0.9749526517837194, 0.21147461520342167)
(736.8, 1842.0, 2578.8);(-0.23400348862481526, 0.9706862919745582, 0.054867931290496844)
(1105.2, 1842.0, 2210.4);(-0.1911116987850098, 0.97843221463026, 0.07840102015428506)
(1473.6, 1842.0, 2578.8);(-0.34433165099338664, 0.9326493512845712, -0.10770748197148323)
(1842.0, 1842.0, 2210.4);(-0.03247396728599513, 0.3258309641024585, 0.9448701626576904)
(2578.8, 1842.0, 2210.4);(0.03717810084711239, -0.9865786931905943, 0.15899770740404107)
(2210.4, 1842.0, 2578.8);(-0.045640288247430806, -0.9924967788297824, -0.11343327598724137)
(2947.2, 1842.0, 2578.8);(0.17264105948165473, -0.9844435700417338, 0.03264846067638999)
(3315.6, 1842.0, 2210.4);(0.1803691095512632, -0.9802487655393531, 0.08111314306731521)
(3684.0, 1842.0, 2578.8);(0.07401438466841775, -0.9809507490202173, 0.17960372729659643)
(4052.4, 1842.0, 2210.4);(0.043734840220506194, -0.9817547290113038, 0.18505381869831358)
(0.0, 2210.4, 2210.4);(-0.038315326118290985, 0.9924355209708838, 0.11663478254662912)
(368.4, 2578.8, 2210.4);(-0.02717669211813858, 0.9985156415432185, 0.04720106989307218)
(368.4, 2210.4, 2578.8);(-0.0775444264623346, 0.9913029566076917, 0.1063264320170506)
(0.0, 2578.8, 2578.8);(-0.005867947167537921, 0.991654214090558, 0.12879241776004066)
(736.8, 2210.4, 2210.4);(-0.09315839017186729, 0.9948877772123659, 0.03898493419289086)
(736.8, 2578.8, 2578.8);(-0.051856472965246335, 0.998617714671685, -0.008577071499395494)
(1105.2, 2578.8, 2210.4);(0.05779968267124315, 0.998296955845552, -0.007898394305654251)
(1105.2, 2210.4, 2578.8);(-0.12386825511882964, 0.9918107316342287, -0.031114755165231472)
(1473.6, 2210.4, 2210.4);(0.1678234748015776, 0.9774362656202651, 0.12827169584844117)
(1473.6, 2578.8, 2578.8);(0.10754177022052365, 0.9779674688051564, -0.17892567623645111)
(1842.0, 2578.8, 2210.4);(0.5606698996756894, 0.827544847303254, 0.028614494569823862)
(1842.0, 2210.4, 2578.8);(0.2955776749270242, 0.9429240041858697, -0.15338891881364938)
(2210.4, 2210.4, 2210.4);(0.6651205064149402, 0.03836217943625831, 0.7457499950621748)
(2578.8, 2578.8, 2210.4);(0.9977345484623398, -0.04057184878172756, 0.05366279801765481)
(2578.8, 2210.4, 2578.8);(0.47725509079693845, -0.866277470194574, -0.14761748860380577)
(2210.4, 2578.8, 2578.8);(0.8650235076288368, 0.453577658687309, -0.21447992630836712)
(2947.2, 2210.4, 2210.4);(0.3740552309678653, -0.9269367583959525, 0.02951152520593501)
(2947.2, 2578.8, 2578.8);(0.6241680979359532, -0.7371093562214808, -0.2590057576382595)
(3315.6, 2578.8, 2210.4);(0.497809687683139, -0.8671594317852461, -0.014833567160488453)
(3315.6, 2210.4, 2578.8);(0.24576307563379918, -0.965392400183, 0.08728129423835367)
(3684.0, 2210.4, 2210.4);(0.22538655576561314, -0.9598866334998343, 0.1667889424046723)
(3684.0, 2578.8, 2578.8);(0.2467172170568397, -0.9133110916790688, 0.32402695045893304)
(4052.4, 2578.8, 2210.4);(0.11861516712354342, -0.943027835633492, 0.31085196372013746)
(4052.4, 2210.4, 2578.8);(0.06559102913914541, -0.9436875575800687, 0.32427089071489607)
(0.0, 2947.2, 2210.4);(0.013086480767162994, 0.9962570897668969, 0.08544328592887769)
(368.4, 2947.2, 2578.8);(-0.008249613783546621, 0.9999513152281652, 0.005413967665679841)
(736.8, 2947.2, 2210.4);(0.004363606406935583, 0.9933834064196008, -0.1147622184750528)
(1105.2, 2947.2, 2578.8);(0.06341154737916677, 0.9690094783786436, -0.23874590356973402)
(1473.6, 2947.2, 2210.4);(0.33430877589726216, 0.931958920946886, -0.14032181592892104)
(1842.0, 2947.2, 2578.8);(0.6674834483409543, 0.6853154112217659, -0.29121921868724676)
(2210.4, 2947.2, 2210.4);(0.9097794113240061, 0.39924788939266714, -0.11358937250660997)
(2578.8, 2947.2, 2578.8);(0.9647805306239969, 0.11831901588126018, -0.23494496847085067)
(2947.2, 2947.2, 2210.4);(0.9939079620510829, -0.036799069694468084, -0.1038883604697108)
(3315.6, 2947.2, 2578.8);(0.6498890752943287, -0.747139460992033, -0.1393801120734832)
(3684.0, 2947.2, 2210.4);(0.423350752926742, -0.8898599232175888, 0.17006897732257864)
(4052.4, 2947.2, 2578.8);(0.09985421386719824, -0.8309221871635306, 0.5473549623894336)
(368.4, 3315.6, 2210.4);(-0.013080348322145949, 0.9931309593419791, -0.11627468376328293)
(0.0, 3315.6, 2578.8);(0.04108030010517615, 0.9915908313701438, 0.12271932238215737)
(0.0, 3684.0, 2210.4);(-0.07361075323369909, 0.9840026102976193, 0.16223538435199317)
(368.4, 3684.0, 2578.8);(0.21098154122162516, 0.9489148983921599, -0.2346216206429929)
(736.8, 3315.6, 2578.8);(0.07574558435178665, 0.9493401643956058, -0.3049850139212261)
(736.8, 3684.0, 2210.4);(0.16677364779962367, 0.6883374452287804, -0.7059590015684499)
(1105.2, 3315.6, 2210.4);(0.22304339216369973, 0.8899931884680711, -0.39769808862068523)
(1105.2, 3684.0, 2578.8);(0.6357754794925307, 0.5314039067463538, -0.5598208888303071)
(1473.6, 3315.6, 2578.8);(0.6122812589558922, 0.6883839716927952, -0.38889480254670483)
(1473.6, 3684.0, 2210.4);(0.7788452782904378, 0.4104792931697916, -0.47424337882939266)
(1842.0, 3315.6, 2210.4);(0.8268428981179529, 0.5096575034029671, -0.23786561554154723)
(1842.0, 3684.0, 2578.8);(0.9178781269929395, 0.34266952712467413, -0.20019325455190906)
(2578.8, 3315.6, 2210.4);(0.9625987176191828, 0.23741217261049072, -0.13053416845512672)
(2210.4, 3315.6, 2578.8);(0.9120385810540487, 0.3621630728827674, -0.19241500801400307)
(2210.4, 3684.0, 2210.4);(0.9295409951419589, 0.28682985470993966, -0.23169413630381722)
(2578.8, 3684.0, 2578.8);(0.9783129527856067, 0.17009206361503354, -0.11820514501106465)
(2947.2, 3315.6, 2578.8);(0.9805573603217598, -0.05751194867181188, -0.18761566799921947)
(2947.2, 3684.0, 2210.4);(0.9910759636637074, 0.1278186930909616, -0.03782612780304584)
(3315.6, 3315.6, 2210.4);(0.9994263734477625, -0.02853446238650124, 0.018240299157823648)
(3315.6, 3684.0, 2578.8);(0.9839904906753961, -0.14618753560601483, 0.10194076070852767)
(3684.0, 3315.6, 2578.8);(0.5460634598299197, -0.7633881816026407, 0.3450408411014434)
(3684.0, 3684.0, 2210.4);(0.906773416400315, -0.06725322334792262, 0.4162198640850955)
(4052.4, 3315.6, 2210.4);(0.22162714956658044, -0.8343671308251562, 0.5046908930955553)
(4052.4, 3684.0, 2578.8);(0.19047424330551233, -0.5479473269540155, 0.814538697374865)
(368.4, 4052.4, 2210.4);(-0.0008684526146427552, 0.2842565704707335, -0.9587478542006094)
(0.0, 4052.4, 2578.8);(0.5022593722882529, 0.7799621779184667, 0.3733557605894037)
(736.8, 4052.4, 2578.8);(0.6076256838840457, 0.23519720384302292, -0.7585995673534683)
(1105.2, 4052.4, 2210.4);(0.6758940445455953, 0.1323298522075569, -0.7250214140027336)
(1473.6, 4052.4, 2578.8);(0.9155433241035167, 0.1382891367020479, -0.3776990023281573)
(1842.0, 4052.4, 2210.4);(0.9174737775547707, 0.12371365134316904, -0.37806983478018963)
(2578.8, 4052.4, 2210.4);(0.9814364292915394, 0.08983364533063123, -0.16944748869807238)
(2210.4, 4052.4, 2578.8);(0.9917299980138847, 0.08865315276628574, -0.09280209881235434)
(2947.2, 4052.4, 2578.8);(0.9993765883478871, 0.03530466003517382, 0.00012506773509912377)
(3315.6, 4052.4, 2210.4);(0.9999804144374387, 0.001100475652859931, 0.00616114395756737)
(3684.0, 4052.4, 2578.8);(0.5454269369742131, -0.14070661970120224, 0.8262633379227163)
(4052.4, 4052.4, 2210.4);(0.09695756293538442, 0.20429719028895746, 0.9740954209058106)
(0.0, 0.0, 2947.2);(-0.8317564226634474, 0.47429005614054626, 0.28849644019346576)
(368.4, 368.4, 2947.2);(-0.9131644309863256, 0.24762044575645248, 0.3237511958662023)
(736.8, 0.0, 2947.2);(-0.9981531718392048, 0.026002949535550088, 0.05490074828985884)
(1105.2, 368.4, 2947.2);(-0.998369937305143, 0.013256478803527576, 0.0555133682553711)
(1473.6, 0.0, 2947.2);(-0.9819923016614155, -0.016282826996167846, 0.18821792959951567)
(1842.0, 368.4, 2947.2);(-0.9733480660367899, -0.11052776921269997, 0.2009406742680658)
(2210.4, 0.0, 2947.2);(-0.9687477153853497, -0.06005734157572853, 0.24066777860470173)
(2578.8, 368.4, 2947.2);(-0.9652697365069842, -0.24809567546045064, 0.08187106693796056)
(2947.2, 0.0, 2947.2);(-0.9928018516767018, -0.1193142674150375, 0.010420599720041652)
(3315.6, 368.4, 2947.2);(-0.8039878123225982, -0.5466062878199813, -0.23414773915710205)
(3684.0, 0.0, 2947.2);(-0.9907702775221284, -0.10932930489859767, 0.0801333904755948)
(4052.4, 368.4, 2947.2);(-0.021541488942198386, -0.9901217511321639, 0.13854559606544856)
(0.0, 736.8, 2947.2);(-0.14082010111697754, 0.6608612002845026, 0.737178521852021)
(736.8, 736.8, 2947.2);(-0.967144849192665, 0.25422300586192215, -0.001226364801513563)
(1473.6, 736.8, 2947.2);(-0.9968263706747148, -0.07720345350773551, 0.019411684469797637)
(2210.4, 736.8, 2947.2);(-0.9602724440754911, -0.2754093341380076, 0.04501701699293522)
(2947.2, 736.8, 2947.2);(-0.6374010109023297, -0.7223913199329223, -0.2680871727372618)
(3684.0, 736.8, 2947.2);(-0.06603980861667196, -0.9976290502197659, -0.019365480512524843)
(368.4, 1105.2, 2947.2);(-0.3935939070453045, 0.833830419926685, 0.3870538297726821)
(0.0, 1473.6, 2947.2);(-0.09007047807909141, 0.9110974520580858, 0.40222971276606134)
(736.8, 1473.6, 2947.2);(-0.3002056369684785, 0.9524001035990864, 0.05301526380958238)
(1105.2, 1105.2, 2947.2);(-0.8756769079011288, 0.40535177859182075, -0.26244978293221266)
(1473.6, 1473.6, 2947.2);(-0.7305435726294519, 0.4729361787221676, -0.4925824391363041)
(1842.0, 1105.2, 2947.2);(-0.9662626671434099, -0.21466201854229708, -0.14232594942683635)
(2578.8, 1105.2, 2947.2);(-0.5771893692329277, -0.7715684195502016, -0.2674595408604805)
(2210.4, 1473.6, 2947.2);(-0.6105830759807984, -0.6812543551664295, -0.40383265208821206)
(2947.2, 1473.6, 2947.2);(-0.045969827421664396, -0.9989257013737187, 0.005849624077379568)
(3315.6, 1105.2, 2947.2);(-0.07170059179473574, -0.9972536347863464, -0.018552979321528405)
(3684.0, 1473.6, 2947.2);(-0.021889875124685078, -0.989397297297419, 0.14357514223426124)
(4052.4, 1105.2, 2947.2);(-0.02048897866097966, -0.9948582631363145, 0.09918285145540742)
(368.4, 1842.0, 2947.2);(-0.09780218728559038, 0.9781960141286433, 0.18321378251919107)
(1105.2, 1842.0, 2947.2);(-0.19016618441704636, 0.9778068339546782, -0.08792393175802819)
(1842.0, 1842.0, 2947.2);(-0.3388609562384015, 0.2776158895033131, -0.8989453099229566)
(2578.8, 1842.0, 2947.2);(-0.025690554458757932, -0.9786552654169554, -0.20389670640613647)
(3315.6, 1842.0, 2947.2);(0.03418044868457757, -0.9880008436400552, 0.15061882317379893)
(4052.4, 1842.0, 2947.2);(0.006797180941188011, -0.9748969462095484, 0.2225527861037683)
(0.0, 2210.4, 2947.2);(-0.01087625467066468, 0.9820089798757967, 0.1885207429638339)
(368.4, 2578.8, 2947.2);(-0.015793247680454942, 0.9954441080005461, 0.09402978876239747)
(736.8, 2210.4, 2947.2);(-0.07852956389437872, 0.994948639819822, 0.06253248527961314)
(1105.2, 2578.8, 2947.2);(0.01577490716377716, 0.9897529545855452, -0.1419163175718628)
(1473.6, 2210.4, 2947.2);(0.01911895806341352, 0.9575714457021359, -0.287561109711468)
(1842.0, 2578.8, 2947.2);(0.4973783537418702, 0.7163805330550568, -0.4892991979237036)
(2210.4, 2210.4, 2947.2);(0.2786067872995256, -0.33756026530939864, -0.8991280917393725)
(2578.8, 2578.8, 2947.2);(0.5819711386013043, -0.5650208318045479, -0.5848598579677)
(2947.2, 2210.4, 2947.2);(0.16636489725380446, -0.9832924630558566, -0.07388269796967496)
(3315.6, 2578.8, 2947.2);(0.19450003744547836, -0.9789456983328617, 0.061927822093893796)
(3684.0, 2210.4, 2947.2);(0.06793241568912, -0.965330594207733, 0.252035772828354)
(4052.4, 2578.8, 2947.2);(0.0664653569313776, -0.8573672778593457, 0.5103956378967596)
(0.0, 2947.2, 2947.2);(0.006062090463889289, 0.9934608600292912, 0.11401215132199033)
(736.8, 2947.2, 2947.2);(0.03128001020306815, 0.9891928308812159, -0.14324491018846797)
(1473.6, 2947.2, 2947.2);(0.4593449511188497, 0.7823803169142032, -0.42057491079099407)
(2210.4, 2947.2, 2947.2);(0.8719877785033109, 0.3214365665600368, -0.3692097612725806)
(2947.2, 2947.2, 2947.2);(0.6485488533779845, -0.6392176746351675, -0.4132615990097681)
(3684.0, 2947.2, 2947.2);(0.20027370851255208, -0.8571983880283024, 0.4744484853388292)
(368.4, 3315.6, 2947.2);(0.03540302031749646, 0.9966697258501946, -0.07345804058165939)
(0.0, 3684.0, 2947.2);(0.03210997140887727, 0.9712737089835103, 0.23578874437414615)
(736.8, 3684.0, 2947.2);(0.7507668458437545, 0.5208191986989265, -0.4063206928627046)
(1105.2, 3315.6, 2947.2);(0.5622022984460596, 0.6970238650519537, -0.4450688791299654)
(1473.6, 3684.0, 2947.2);(0.8990115757301541, 0.36523003361057843, -0.24163031525866338)
(1842.0, 3315.6, 2947.2);(0.8722203832084012, 0.42779516663743417, -0.23711368268710198)
(2578.8, 3315.6, 2947.2);(0.9650704933701897, 0.07705186009631709, -0.25040358160760434)
(2210.4, 3684.0, 2947.2);(0.9866133545746192, 0.1628759726765151, -0.008093583859825485)
(2947.2, 3684.0, 2947.2);(0.9761886098369528, -0.13843938678676565, -0.16700399459504464)
(3315.6, 3315.6, 2947.2);(0.6617562427682762, -0.7441748102076304, -0.09100838977617061)
(3684.0, 3684.0, 2947.2);(0.5075549649522577, -0.5660022612292444, 0.6496378974749661)
(4052.4, 3315.6, 2947.2);(0.10248065640851083, -0.6703740512532108, 0.7349124753795095)
(368.4, 4052.4, 2947.2);(0.9890375331050537, 0.1083920465717274, 0.10027922192290087)
(1105.2, 4052.4, 2947.2);(0.9156810306503553, 0.17066126053555747, -0.3638722086935434)
(1842.0, 4052.4, 2947.2);(0.996997614947783, 0.07645867422477425, -0.012240380885495603)
(2578.8, 4052.4, 2947.2);(0.9996017214503582, 0.015721005021405235, 0.02343605074660444)
(3315.6, 4052.4, 2947.2);(0.924855113952207, -0.10188751241242308, 0.36641773020810336)
(4052.4, 4052.4, 2947.2);(0.22777648203092526, -0.1915664230792708, 0.9546832876835277)
(368.4, 0.0, 3315.6);(-0.9834589296666371, 0.05341589103218319, 0.17307592624103074)
(0.0, 368.4, 3315.6);(-0.10559597284375599, 0.3474858062889799, 0.9317205079565857)
(0.0, 0.0, 3684.0);(0.0650489496265043, 0.14393725224287168, 0.9874465563103962)
(368.4, 368.4, 3684.0);(-0.235017392084573, 0.816207497571396, 0.5277993428624231)
(736.8, 368.4, 3315.6);(-0.9356120682930762, 0.34473040198754945, -0.07609867022395815)
(736.8, 0.0, 3684.0);(-0.7714979741993166, 0.3534957355659721, -0.5289911537474167)
(1105.2, 0.0, 3315.6);(-0.9980302464416927, 0.06020691329750164, -0.017628238105987702)
(1105.2, 368.4, 3684.0);(-0.8627975694858714, 0.4705313684815358, -0.18487992147382076)
(1473.6, 368.4, 3315.6);(-0.9864160823669166, 0.07821280047780728, 0.14445092692441613)
(1473.6, 0.0, 3684.0);(-0.996334949182595, 0.06116008140028941, 0.05980061438167516)
(1842.0, 0.0, 3315.6);(-0.9669397677311312, 0.010454621011129622, 0.2547904756453419)
(1842.0, 368.4, 3684.0);(-0.977356148349004, 0.1395081107048407, 0.1590988571045235)
(2578.8, 0.0, 3315.6);(-0.9654023880970776, -0.022732426462614266, 0.25977194968583806)
(2210.4, 368.4, 3315.6);(-0.970228667381041, -0.005249653970965643, 0.24213379385206524)
(2210.4, 0.0, 3684.0);(-0.9734717056429049, 0.030492046252308624, 0.22676656152978258)
(2578.8, 368.4, 3684.0);(-0.981130067183697, 0.11008205244824833, 0.15895198330595103)
(2947.2, 368.4, 3315.6);(-0.9887441205703866, -0.13497747875208393, 0.06454567582126022)
(2947.2, 0.0, 3684.0);(-0.9747387934018534, 0.024505742009855367, 0.2219994442471539)
(3315.6, 0.0, 3315.6);(-0.9700019322572134, -0.05505416160933241, 0.2367811029342625)
(3315.6, 368.4, 3684.0);(-0.9953777532118853, 0.026165050859655377, 0.09240410447794557)
(3684.0, 368.4, 3315.6);(-0.552199471067524, -0.8336931540336289, -0.005609729958442513)
(3684.0, 0.0, 3684.0);(-0.8983115100463057, -0.02524255996498814, 0.4386333823191525)
(4052.4, 0.0, 3315.6);(-0.5335411975468495, -0.7811583568975673, 0.3242304920413356)
(4052.4, 368.4, 3684.0);(-0.08345008817204796, -0.9876664873443762, -0.13248015912165254)
(368.4, 736.8, 3315.6);(-0.36124662260515233, 0.7780289316168233, 0.513976516217964)
(0.0, 736.8, 3684.0);(-0.20738748161842468, 0.542380624999004, 0.8141337052927224)
(736.8, 736.8, 3684.0);(-0.05592599151181175, 0.992615772063778, -0.1076392703600807)
(1105.2, 736.8, 3315.6);(-0.8507990012230697, 0.44332962556389194, -0.2821345470076402)
(1473.6, 736.8, 3684.0);(-0.8771551691840597, 0.4550540279855905, -0.1533774454989161)
(1842.0, 736.8, 3315.6);(-0.9940408581477144, 0.033712346916071445, 0.10366412107554857)
(2578.8, 736.8, 3315.6);(-0.9937617862819144, -0.11138939302091393, -0.005469483358708134)
(2210.4, 736.8, 3684.0);(-0.9741802533707555, 0.20371763634160636, 0.09732398772080633)
(2947.2, 736.8, 3684.0);(-0.99680100389593, 0.04942064927870435, -0.06281208527773462)
(3315.6, 736.8, 3315.6);(-0.47832743417558576, -0.8425639529615723, -0.24756585161279826)
(3684.0, 736.8, 3684.0);(-0.225474811981746, -0.9501018971642975, -0.21556320225539163)
(4052.4, 736.8, 3315.6);(-0.06899151778500881, -0.9975642310280776, -0.010284719105602467)
(0.0, 1105.2, 3315.6);(-0.09912016558785505, 0.7696916274061621, 0.6306742356198561)
(368.4, 1105.2, 3684.0);(0.016015627800758683, 0.9714046453867204, 0.23688924540224993)
(368.4, 1473.6, 3315.6);(-0.06507952329328638, 0.9656279981792061, 0.25164901108555515)
(0.0, 1473.6, 3684.0);(0.0046238215366879495, 0.969225124292673, 0.24613264455217926)
(736.8, 1105.2, 3315.6);(-0.25539518914173187, 0.9635168461507189, -0.08005363543919196)
(736.8, 1473.6, 3684.0);(0.14079908985848474, 0.9895123887741036, 0.03226218773718541)
(1105.2, 1105.2, 3684.0);(-0.05510136468302531, 0.97222195732556, -0.22748253845982405)
(1105.2, 1473.6, 3315.6);(-0.14331256276476434, 0.958252891323852, -0.2474124201071428)
(1473.6, 1105.2, 3315.6);(-0.7931236573077484, 0.4482246612895206, -0.4123706066521664)
(1473.6, 1473.6, 3684.0);(-0.13087932506209507, 0.9217269401350603, -0.365089098851978)
(1842.0, 1105.2, 3684.0);(-0.8796891983823873, 0.42049572703594934, -0.22210415978513579)
(1842.0, 1473.6, 3315.6);(-0.6906182661563152, 0.31347407367375935, -0.6517518052031951)
(2210.4, 1105.2, 3315.6);(-0.9859643638686081, -0.09533489470066811, -0.13706031896060838)
(2578.8, 1105.2, 3684.0);(-0.9922204975258, 0.08993438450792746, -0.08608304579203893)
(2578.8, 1473.6, 3315.6);(-0.5108295738161253, -0.785294851669589, -0.349807293314582)
(2210.4, 1473.6, 3684.0);(-0.9170999230152042, 0.2040806727615058, -0.3424599395706271)
(2947.2, 1105.2, 3315.6);(-0.47295456577076944, -0.8430225080511017, -0.25617773056183696)
(2947.2, 1473.6, 3684.0);(-0.36440076533992255, -0.9134404492675843, -0.18121431472572053)
(3315.6, 1105.2, 3684.0);(-0.27758542038124634, -0.9437034458651176, -0.17991703825394031)
(3315.6, 1473.6, 3315.6);(-0.12486145764301268, -0.9898378088392034, 0.06804945692411524)
(3684.0, 1105.2, 3315.6);(-0.11016464486230464, -0.9938760255959062, 0.008613754584853965)
(3684.0, 1473.6, 3684.0);(-0.10362376095829451, -0.9936508599383803, 0.04381877118970085)
(4052.4, 1105.2, 3684.0);(-0.051997678663824605, -0.9979616341801687, -0.0369975420537748)
(4052.4, 1473.6, 3315.6);(-0.02485589985797451, -0.9915912782686781, 0.12699968938442044)
(0.0, 1842.0, 3315.6);(-0.009567281135314654, 0.971973795254753, 0.23489446240758696)
(368.4, 1842.0, 3684.0);(0.0823669450456771, 0.9832601285703785, 0.1625275543641912)
(736.8, 1842.0, 3315.6);(-0.018738878558532387, 0.9949150281647026, 0.09895929042994166)
(1105.2, 1842.0, 3684.0);(0.13765215458251698, 0.9840883374341365, -0.11234780133544163)
(1473.6, 1842.0, 3315.6);(-0.0445656372197306, 0.8492005386974807, -0.5261866104863444)
(1842.0, 1842.0, 3684.0);(-0.3237879606890203, 0.7143205554243134, -0.6204091396902095)
(2210.4, 1842.0, 3315.6);(-0.3846931514720212, -0.3784606841014467, -0.8418899511218729)
(2578.8, 1842.0, 3684.0);(-0.38401315685509696, -0.8396652382680049, -0.3840523180590337)
(2947.2, 1842.0, 3315.6);(-0.14256564160293683, -0.9897510611004693, -0.008238621537497744)
(3315.6, 1842.0, 3684.0);(-0.1708000366432438, -0.9839111090770374, 0.05240493218639662)
(3684.0, 1842.0, 3315.6);(-0.040675373669075435, -0.9817479840256386, 0.1857859247587811)
(4052.4, 1842.0, 3684.0);(-0.03156467420680531, -0.9889511378047823, 0.14484239150485234)
(368.4, 2210.4, 3315.6);(0.023705961223329877, 0.9864932417889565, 0.16207748550367373)
(0.0, 2578.8, 3315.6);(0.03024254427240412, 0.988231620238877, 0.14994550101945597)
(0.0, 2210.4, 3684.0);(0.029368830696342305, 0.9896099117440291, 0.14074691599287123)
(368.4, 2578.8, 3684.0);(0.12288570336429887, 0.9891586590071618, 0.08040056728540572)
(736.8, 2578.8, 3315.6);(0.05396610659306306, 0.9984523472606184, -0.013437618425434715)
(736.8, 2210.4, 3684.0);(0.14198163531001154, 0.9877333693867582, 0.06499235520102913)
(1105.2, 2210.4, 3315.6);(0.028177397714536125, 0.9929440605802314, -0.11518735528033758)
(1105.2, 2578.8, 3684.0);(0.15671568080090567, 0.9657162351901548, -0.20695977503191865)
(1473.6, 2578.8, 3315.6);(0.2760353931838125, 0.8556848077203908, -0.4377304782013423)
(1473.6, 2210.4, 3684.0);(0.03872669093503916, 0.9075051087147525, -0.4182519827398874)
(1842.0, 2210.4, 3315.6);(0.13305984802975043, 0.45102214809461205, -0.8825384403924973)
(1842.0, 2578.8, 3684.0);(0.6071171336289449, 0.32165818410177954, -0.7265980998148285)
(2578.8, 2210.4, 3315.6);(-0.030530438312959783, -0.8479738088006535, -0.5291581161850694)
(2210.4, 2578.8, 3315.6);(0.48603256752524443, -0.2173359226363747, -0.8464853454352381)
(2210.4, 2210.4, 3684.0);(0.027123238740303233, -0.410897733965809, -0.9112778841506028)
(2578.8, 2578.8, 3684.0);(0.05854014100440665, -0.9072335706978932, -0.41653367221622667)
(2947.2, 2578.8, 3315.6);(0.055211934344055816, -0.9695496572693625, -0.23858982458363484)
(2947.2, 2210.4, 3684.0);(-0.20614330024344693, -0.9716109766423229, -0.11609069658199024)
(3315.6, 2210.4, 3315.6);(-0.04154171197186464, -0.9894599532117516, 0.13872017573750697)
(3315.6, 2578.8, 3684.0);(-0.19357218846970708, -0.9774430342270299, 0.08446847158618105)
(3684.0, 2578.8, 3315.6);(-0.008007345870230356, -0.957767709649872, 0.2874315514416483)
(3684.0, 2210.4, 3684.0);(-0.1121180563197235, -0.9775458742958233, 0.17841974412688102)
(4052.4, 2210.4, 3315.6);(-0.0027531303132093195, -0.964976202669688, 0.2623229851817559)
(4052.4, 2578.8, 3684.0);(-0.017697291258727838, -0.972441026196613, 0.23247635675866524)
(368.4, 2947.2, 3315.6);(0.0763676014624545, 0.9970462012561546, -0.008176919196332634)
(0.0, 2947.2, 3684.0);(0.07499437352732241, 0.9969995638136232, 0.019175862293245145)
(736.8, 2947.2, 3684.0);(0.20621722948822147, 0.9593696206076207, -0.19257306488030035)
(1105.2, 2947.2, 3315.6);(0.3306869756291685, 0.8725204730736497, -0.3596583770977238)
(1473.6, 2947.2, 3684.0);(0.8312795919725898, 0.3861805102016005, -0.3997985161432145)
(1842.0, 2947.2, 3315.6);(0.7989496220466682, 0.4050415625148698, -0.44454564902493326)
(2578.8, 2947.2, 3315.6);(0.5833794957276331, -0.5606215237905086, -0.5876834786067929)
(2210.4, 2947.2, 3684.0);(0.7990377267226927, -0.4384198647412991, -0.41149329699771864)
(2947.2, 2947.2, 3684.0);(-0.07634839406890818, -0.99000953248441, -0.1185413358837265)
(3315.6, 2947.2, 3315.6);(0.08663078700974551, -0.9930092085789798, 0.08017367659912078)
(3684.0, 2947.2, 3684.0);(-0.03079665653042021, -0.965446431745298, 0.25877548836166625)
(4052.4, 2947.2, 3315.6);(0.055188086372982725, -0.7281380518949848, 0.6832051320833769)
(0.0, 3315.6, 3315.6);(0.07045816580871257, 0.9959093854472278, 0.05656980509951413)
(368.4, 3315.6, 3684.0);(0.2487655370561346, 0.9486016291549859, -0.19562887501000323)
(368.4, 3684.0, 3315.6);(0.5804626159017042, 0.8142632559204674, -0.006204965620370391)
(0.0, 3684.0, 3684.0);(0.09698935352927306, 0.9940257518913768, -0.05005866437248334)
(736.8, 3315.6, 3315.6);(0.4117965197388913, 0.8339803589533872, -0.3672878805663433)
(736.8, 3684.0, 3684.0);(0.9945157101505528, 0.10072520551511764, -0.028159105768450446)
(1105.2, 3315.6, 3684.0);(0.89864376183574, 0.27795187330494264, -0.33938495169936905)
(1105.2, 3684.0, 3315.6);(0.92187624420149, 0.3089833721971268, -0.23382357897065625)
(1473.6, 3315.6, 3315.6);(0.8745680174210805, 0.3819999054958076, -0.2986751665360794)
(1473.6, 3684.0, 3684.0);(0.999584761325991, 0.02410038152993954, -0.01579482620901635)
(1842.0, 3315.6, 3684.0);(0.9980112421447399, -0.05632088891829782, -0.028311093658957485)
(1842.0, 3684.0, 3315.6);(0.9960186964025033, 0.07573700776342608, 0.047017678289135084)
(2210.4, 3315.6, 3315.6);(0.9904488519275257, 0.07823059934213178, -0.11353873806774914)
(2578.8, 3315.6, 3684.0);(0.6679875448056939, -0.7026021915679694, -0.24524029111943993)
(2578.8, 3684.0, 3315.6);(0.9954203415059054, -0.09203995132475552, -0.0258261703781886)
(2210.4, 3684.0, 3684.0);(0.9950770140478534, -0.08615552452449256, 0.048979196681016114)
(2947.2, 3315.6, 3315.6);(0.5613853477348878, -0.730266118729419, -0.3893043631716052)
(2947.2, 3684.0, 3684.0);(0.4856754804267234, -0.8556497070586587, -0.17883765409639818)
(3315.6, 3315.6, 3684.0);(-0.03601992934015558, -0.9973209726506279, 0.06366664905219813)
(3315.6, 3684.0, 3315.6);(0.5860874010262037, -0.8088073561171585, -0.04829305383926235)
(3684.0, 3315.6, 3315.6);(0.23892906974472042, -0.7867124413412001, 0.5692068466470616)
(3684.0, 3684.0, 3684.0);(0.14076026483904003, -0.7956345027478775, 0.5891963050457641)
(4052.4, 3315.6, 3684.0);(0.1865025480604402, -0.49528056489734984, 0.8484774372969061)
(4052.4, 3684.0, 3315.6);(0.10482991460786799, -0.4388238878381462, 0.8924372720062296)
(0.0, 4052.4, 3315.6);(0.5214284081512485, 0.7419918525674275, 0.42137928982854855)
(368.4, 4052.4, 3684.0);(0.9081419391292742, 0.04640723002238624, 0.41608242860780714)
(736.8, 4052.4, 3315.6);(0.9909911405813403, 0.09938424146094044, 0.08977378146501024)
(1105.2, 4052.4, 3684.0);(0.9978896892217134, 0.015170102326436483, 0.06313506268625907)
(1473.6, 4052.4, 3315.6);(0.9985853233937245, 0.0516939987371734, -0.012453208309978895)
(1842.0, 4052.4, 3684.0);(0.996141827826527, -0.013759035932258657, 0.08667264726913798)
(2210.4, 4052.4, 3315.6);(0.994735975554278, -0.006369826554050778, 0.10227298884725264)
(2578.8, 4052.4, 3684.0);(0.9979917516247236, -0.026548273427890023, -0.05751219754985868)
(2947.2, 4052.4, 3315.6);(0.9758046831190575, -0.17745897084151127, -0.12772444586212686)
(3315.6, 4052.4, 3684.0);(0.2731501743271363, -0.7871384744762421, -0.5529936747054791)
(3684.0, 4052.4, 3315.6);(0.5974058484881202, -0.19899280379267248, 0.7768578481491452)
(4052.4, 4052.4, 3684.0);(0.05114616552922771, -0.19382539074308355, 0.9797018871345241)
(368.4, 0.0, 4052.4);(0.9832638275637625, 0.1490980531466816, 0.10469964638206236)
(0.0, 368.4, 4052.4);(0.5358633929948561, 0.18227152312067768, 0.8243952425307346)
(736.8, 368.4, 4052.4);(0.2154840507077195, 0.97332603693398, -0.07875944208147778)
(1105.2, 0.0, 4052.4);(-0.9723564883790484, 0.01134145873514484, -0.23322570789028438)
(1473.6, 368.4, 4052.4);(-0.9962849231929397, 0.06838196329863826, -0.05234748240232869)
(1842.0, 0.0, 4052.4);(-0.9953555351890084, 0.0613567898938117, 0.07418020559778295)
(2578.8, 0.0, 4052.4);(-0.9907633697367357, 0.07705594544547667, 0.11158103091212151)
(2210.4, 368.4, 4052.4);(-0.9773677343887139, 0.19931200419311962, 0.07090159913848273)
(2947.2, 368.4, 4052.4);(-0.9756788391074331, 0.21456032990678556, 0.044885050387218094)
(3315.6, 0.0, 4052.4);(-0.9837782248445425, 0.09961857473350133, 0.14918627245757715)
(3684.0, 368.4, 4052.4);(-0.9648796802131689, 0.2626040545024549, -0.0068053854118872254)
(4052.4, 0.0, 4052.4);(-0.8966656232309345, 0.29367624485295357, 0.331277864224201)
(368.4, 736.8, 4052.4);(0.1934243029262283, 0.9772020154380531, 0.08754004832823496)
(1105.2, 736.8, 4052.4);(0.10863099891266735, 0.9937695213461775, -0.024928788952237352)
(1842.0, 736.8, 4052.4);(-0.9773923710990996, 0.2068488980769738, -0.04379139506366154)
(2578.8, 736.8, 4052.4);(-0.963783146204934, 0.26498104057784455, 0.030118021608358646)
(3315.6, 736.8, 4052.4);(-0.9769226060690342, 0.21168787591843632, -0.028468665940416485)
(4052.4, 736.8, 4052.4);(0.05877327009274205, -0.9809059750996143, -0.1853892411562237)
(0.0, 1105.2, 4052.4);(0.02464903967573015, 0.9840171200729714, 0.1763596672892063)
(368.4, 1473.6, 4052.4);(0.19436859780822768, 0.97806259638912, 0.07492933825036065)
(736.8, 1105.2, 4052.4);(0.2574820932801806, 0.9662827062437052, -0.0008386026459364867)
(1105.2, 1473.6, 4052.4);(0.18477041178445908, 0.9822063488646054, -0.03362414577446448)
(1473.6, 1105.2, 4052.4);(-0.03431813027715574, 0.99669770997779, -0.07359307616419844)
(1842.0, 1473.6, 4052.4);(-0.334032196341868, 0.9319175499191968, -0.14125215736274263)
(2210.4, 1105.2, 4052.4);(-0.9601910984083076, 0.27641807593433954, -0.04032495299693699)
(2578.8, 1473.6, 4052.4);(-0.985914911153109, 0.15938050420371114, -0.05069164473291348)
(2947.2, 1105.2, 4052.4);(-0.9875207109347292, 0.15395193185218417, -0.03319108545901517)
(3315.6, 1473.6, 4052.4);(-0.06390313124104002, -0.9948248811450601, -0.07899269379067642)
(3684.0, 1105.2, 4052.4);(0.026499547408896165, -0.9956062665679418, -0.08981055593730684)
(4052.4, 1473.6, 4052.4);(-0.047233357934595446, -0.9987942368043191, 0.013382168161403755)
(0.0, 1842.0, 4052.4);(0.04490860345041088, 0.9940064320082074, 0.09967161312252747)
(736.8, 1842.0, 4052.4);(0.2140597113947493, 0.9764896866809996, 0.02542305574158387)
(1473.6, 1842.0, 4052.4);(0.016904710388572997, 0.9962404239712859, -0.08496616039454168)
(2210.4, 1842.0, 4052.4);(-0.773243436962847, 0.5995627953456005, -0.20644379775438454)
(2947.2, 1842.0, 4052.4);(-0.12726720145275064, -0.9862016413124963, -0.10587436945230518)
(3684.0, 1842.0, 4052.4);(-0.13858963587091272, -0.9893950050507032, 0.04347915373931293)
(368.4, 2210.4, 4052.4);(0.1388127946584169, 0.9892673246155513, 0.04561982559271276)
(0.0, 2578.8, 4052.4);(0.06771201129402167, 0.9975549426421075, 0.01729797493407348)
(736.8, 2578.8, 4052.4);(0.17574050597094631, 0.9843111136394258, -0.01571324686336259)
(1105.2, 2210.4, 4052.4);(0.19054140794337163, 0.9810178405905009, -0.03602732715742393)
(1473.6, 2578.8, 4052.4);(0.439535915694978, 0.8600132599542747, -0.2592014111014796)
(1842.0, 2210.4, 4052.4);(-0.30624381290518266, 0.8756012442405221, -0.3735467683460067)
(2578.8, 2210.4, 4052.4);(0.013039453297666034, -0.9821424906225802, -0.18768617629269593)
(2210.4, 2578.8, 4052.4);(0.3185933095917662, -0.9072269619564164, -0.27465895685867603)
(2947.2, 2578.8, 4052.4);(-0.25965174036631317, -0.9656534018790202, -0.009720142191347406)
(3315.6, 2210.4, 4052.4);(-0.24459618564808397, -0.9691710194411881, 0.029668856427847563)
(3684.0, 2578.8, 4052.4);(-0.1946262506692224, -0.9778467900090092, 0.07704724407477341)
(4052.4, 2210.4, 4052.4);(-0.051783060367054275, -0.9940837849448633, 0.09547744848243955)
(368.4, 2947.2, 4052.4);(0.06354676636145223, 0.9966812605174062, -0.05087507659391959)
(1105.2, 2947.2, 4052.4);(0.8394086500173208, 0.5050906341115081, -0.20069023296845687)
(1842.0, 2947.2, 4052.4);(0.9948714103629434, -0.047374760395373125, -0.08936726984712458)
(2578.8, 2947.2, 4052.4);(-0.15433493652697494, -0.9879353107278748, -0.01282767259607194)
(3315.6, 2947.2, 4052.4);(-0.27645078822079033, -0.9606295878264798, 0.02767230898265156)
(4052.4, 2947.2, 4052.4);(0.005589528357253496, -0.988139777153438, 0.15345532893939293)
(0.0, 3315.6, 4052.4);(-0.02415676637259091, 0.9854887319169571, -0.1680131241990577)
(368.4, 3684.0, 4052.4);(0.9785814217160279, -0.20550750364021841, -0.0120443771031622)
(736.8, 3315.6, 4052.4);(0.9954507621533253, 0.03969576000386344, -0.08661424112742275)
(1105.2, 3684.0, 4052.4);(0.9990881248967466, -0.042591542223431, 0.002979802230465217)
(1473.6, 3315.6, 4052.4);(0.999077205774734, 0.004018367800559945, -0.04276201143034615)
(1842.0, 3684.0, 4052.4);(0.9959688077987926, -0.08727642672237797, 0.02071133096701916)
(2210.4, 3315.6, 4052.4);(0.9924505928080856, -0.07867140086714963, -0.09408842394513554)
(2578.8, 3684.0, 4052.4);(0.9954473268117662, 0.025872141136686254, -0.0917346818619437)
(2947.2, 3315.6, 4052.4);(-0.23773755767784838, -0.9692097466789809, 0.06413517452878485)
(3315.6, 3684.0, 4052.4);(-0.20847121358244905, -0.9773449652676615, 0.03655915717593223)
(3684.0, 3315.6, 4052.4);(-0.12846485744633068, -0.9848573360000058, 0.11641652858707631)
(4052.4, 3684.0, 4052.4);(-0.5794335925944132, -0.05242536851310833, 0.8133316005845318)
(0.0, 4052.4, 4052.4);(0.8824700744283948, -0.2343775425303148, 0.40781581050247934)
(736.8, 4052.4, 4052.4);(0.9917857952403212, -0.043776115597879244, 0.12018564000197647)
(1473.6, 4052.4, 4052.4);(0.9990422129396831, -0.029380861982941143, 0.03242563359011092)
(2210.4, 4052.4, 4052.4);(0.9990979360043242, -0.040829488017270425, 0.011673353423370702)
(2947.2, 4052.4, 4052.4);(0.9665068384891347, 0.011082128488887958, -0.2564014773395301)
(3684.0, 4052.4, 4052.4);(-0.9966765941379936, 0.04113368095342505, -0.07031206858506595)
