(0.0, 0.0, 0.0);(-0.07424562248978252, 0.10276343627594785, -0.991931078102639)
(368.4, 368.4, 0.0);(0.9989631747067053, -0.006164372546573065, -0.0451062755169143)
(368.4, 0.0, 368.4);(0.006452809233563321, -0.015132922787841379, -0.9998646687931785)
(0.0, 368.4, 368.4);(0.060571807002175425, 0.12140463216605075, -0.9907532344055795)
(736.8, 0.0, 0.0);(0.9991940959534269, -0.032270545854695985, 0.023869865564222322)
(736.8, 368.4, 368.4);(0.9911596018155875, 0.005885386410642073, -0.13254435467255254)
(1105.2, 368.4, 0.0);(0.9982193344649942, 0.05723767346638008, -0.01679312467708709)
(1105.2, 0.0, 368.4);(0.9997954139120818, 0.010551381723260067, -0.01725684397852487)
(1473.6, 0.0, 0.0);(0.9986070590678499, 0.05274929764951463, -0.001205478055746276)
(1473.6, 368.4, 368.4);(0.9963967948492544, 0.08454298586352665, -0.006775747590673518)
(1842.0, 368.4, 0.0);(0.9956016864936442, 0.09338333552544871, 0.0075388657736186835)
(1842.0, 0.0, 368.4);(0.9958114341319106, 0.03866792089686, -0.0828515512568197)
(2210.4, 0.0, 0.0);(0.997260839698995, 0.06738018932506287, -0.030507829968286763)
(2578.8, 368.4, 0.0);(0.9864148289776618, 0.15998007844024661, -0.03731165602359359)
(2578.8, 0.0, 368.4);(0.9761215997322763, 0.1021555620762428, -0.19170514774775543)
(2210.4, 368.4, 368.4);(0.9943602208575019, 0.1058651550812449, -0.006349812268419707)
(2947.2, 0.0, 0.0);(0.9989321926839746, 0.04176041235140908, -0.019762145122098188)
(2947.2, 368.4, 368.4);(0.926826866982751, 0.3242747208687714, -0.18930891168779798)
(3315.6, 368.4, 0.0);(0.9976116765162141, 0.032957944157840514, 0.06070186813762302)
(3315.6, 0.0, 368.4);(0.9988312326140474, 0.04826106823431776, -0.0026529318848051904)
(3684.0, 0.0, 0.0);(0.9904484213092956, 0.13365970091639678, 0.033867522449437415)
(3684.0, 368.4, 368.4);(0.912504390105175, 0.2457038720960682, 0.3270555690945825)
(4052.4, 368.4, 0.0);(0.8109347538216326, -0.03732931803671571, 0.5839446438312128)
(4052.4, 0.0, 368.4);(0.07040277955847044, -0.13837644288890452, 0.9878741866674395)
(0.0, 736.8, 0.0);(0.827746910596086, 0.07940462319179843, -0.5554547306616479)
(368.4, 736.8, 368.4);(0.9618820885680149, -0.05321922109801421, -0.26823601957558646)
(736.8, 736.8, 0.0);(0.9933044899717802, 0.11247307274959407, -0.026381776061635723)
(1105.2, 736.8, 368.4);(0.9975190467160123, 0.03976578085556001, 0.05808987959813301)
(1473.6, 736.8, 0.0);(0.9974931610410369, 0.06636146581443289, 0.024567245090157373)
(1842.0, 736.8, 368.4);(0.9932160255526812, 0.06316028691376858, 0.09763557109120759)
(2210.4, 736.8, 0.0);(0.9937494542898774, 0.10556702428731075, 0.036299111307209704)
(2578.8, 736.8, 368.4);(0.9772114680092657, 0.20500799976739598, 0.05504059249814745)
(2947.2, 736.8, 0.0);(0.9703333754216306, 0.2311053672922614, -0.07101724967621512)
(3315.6, 736.8, 368.4);(0.8649633716431006, 0.4416136345464541, -0.2383605745471983)
(3684.0, 736.8, 0.0);(0.9968229237634741, 0.0192150015148105, -0.07729710457982876)
(4052.4, 736.8, 368.4);(0.14273399430423567, 0.9804490491561402, 0.1354498758906006)
(368.4, 1105.2, 0.0);(0.9917347614582548, 0.1271240743281451, -0.017367574429108953)
(0.0, 1105.2, 368.4);(0.4269252163983237, -0.8073411074775368, -0.40735144013515995)
(0.0, 1473.6, 0.0);(0.08375507685995577, -0.987557359535136, 0.1330997698276485)
(368.4, 1473.6, 368.4);(0.4445694922592007, -0.8455311685041266, 0.2956941149912232)
(736.8, 1105.2, 368.4);(0.9640561195557709, -0.14994756337144327, 0.21934339877469797)
(736.8, 1473.6, 0.0);(0.9929494068699162, -0.07699707362330055, 0.0901272769483798)
(1105.2, 1105.2, 0.0);(0.9985673146803926, 0.009896802851711132, 0.052586798203580525)
(1105.2, 1473.6, 368.4);(0.8925672409197963, -0.3551977656825984, 0.27777377070362874)
(1473.6, 1105.2, 368.4);(0.9649092117957891, -0.12227922106222086, 0.23237470836570256)
(1473.6, 1473.6, 0.0);(0.9779258562889103, -0.1905602610982832, 0.08571934724293957)
(1842.0, 1105.2, 0.0);(0.9985039358462829, -0.013658117333966293, 0.05294663285208523)
(1842.0, 1473.6, 368.4);(0.9654809223089863, -0.18659244025358385, 0.1817411618142737)
(2578.8, 1105.2, 0.0);(0.9868248188931966, 0.15385700637545965, 0.05004796105328757)
(2210.4, 1105.2, 368.4);(0.9907234681448321, 0.06463091767754645, 0.11954017796219825)
(2210.4, 1473.6, 0.0);(0.9987613155070055, -0.033875817872357335, 0.036445351009347565)
(2578.8, 1473.6, 368.4);(0.9784889746641918, 0.16625343860623784, 0.12214385212617351)
(2947.2, 1105.2, 368.4);(0.9281735255083747, 0.369968547575596, 0.040214180958441335)
(2947.2, 1473.6, 0.0);(0.9631184319974301, 0.2662031091621015, 0.03922742177663194)
(3315.6, 1105.2, 0.0);(0.9565704613099677, 0.28444569425500854, -0.06374636906539535)
(3315.6, 1473.6, 368.4);(0.5636731018081675, 0.8166413846030154, 0.12397372000399506)
(3684.0, 1105.2, 368.4);(0.36702423094682685, 0.9278676160960041, -0.0659916729459759)
(3684.0, 1473.6, 0.0);(0.24412789553149733, 0.9697137440974511, -0.007538244614327458)
(4052.4, 1105.2, 0.0);(0.09180734823651063, 0.9929098080346024, -0.0755084360748451)
(4052.4, 1473.6, 368.4);(0.09361287824991833, 0.9697063728826033, 0.22562397792927794)
(368.4, 1842.0, 0.0);(0.08557982716873387, -0.9929831384194041, 0.08161237649106981)
(0.0, 1842.0, 368.4);(0.07272372390535019, -0.9970649424143315, -0.02393241712916096)
(736.8, 1842.0, 368.4);(0.3663557620711769, -0.9233531182651081, 0.11490202168520967)
(1105.2, 1842.0, 0.0);(0.9392801452309512, -0.33693539249703935, 0.06501807485453108)
(1473.6, 1842.0, 368.4);(0.8610532751028187, -0.474628092305513, 0.1825251528670475)
(1842.0, 1842.0, 0.0);(0.9616061760803742, -0.27160491989288005, 0.03929795941346858)
(2578.8, 1842.0, 0.0);(0.9966500265657049, 0.07618514679179328, 0.029741350925814453)
(2210.4, 1842.0, 368.4);(0.9893523759622629, -0.12927394696624148, 0.06685897706063443)
(2947.2, 1842.0, 368.4);(0.814449722144409, 0.5488770666449306, 0.18816380047753925)
(3315.6, 1842.0, 0.0);(0.47958743531044445, 0.8771657395833283, 0.024003274642901654)
(3684.0, 1842.0, 368.4);(0.2743140317255136, 0.9200853830384382, 0.2796331523934603)
(4052.4, 1842.0, 0.0);(0.12603099364762677, 0.9871033474591342, 0.09870749756306994)
(0.0, 2210.4, 0.0);(0.04239216382690877, -0.9990525511939194, 0.009844003199580034)
(368.4, 2578.8, 0.0);(-0.017276530037712873, -0.999674872101385, -0.018752909079278398)
(368.4, 2210.4, 368.4);(0.10833989750443686, -0.9938648264257467, -0.022252492050297782)
(0.0, 2578.8, 368.4);(0.00457539345066934, -0.9998283169702755, -0.01795556624442091)
(736.8, 2210.4, 0.0);(0.08209930420657446, -0.9965004267988364, 0.01570361864454418)
(736.8, 2578.8, 368.4);(0.08017926830620839, -0.9941624753510511, -0.07219596621523966)
(1105.2, 2578.8, 0.0);(0.023807022844270543, -0.9985322234085462, -0.04864796478864981)
(1105.2, 2210.4, 368.4);(0.2820714613829401, -0.9589673423074037, -0.028588932494361535)
(1473.6, 2210.4, 0.0);(0.8827098786199763, -0.4690603154791612, 0.028384690051093227)
(1473.6, 2578.8, 368.4);(0.19902071988447084, -0.9587323496558033, -0.20303456548117518)
(1842.0, 2578.8, 0.0);(0.909424339593603, -0.4101085944250111, -0.06898051415784515)
(1842.0, 2210.4, 368.4);(0.8814776752306541, -0.47221943044104187, 0.0024326084558500055)
(2210.4, 2210.4, 0.0);(0.983829744832243, -0.17759081783127526, -0.02324940010715338)
(2578.8, 2578.8, 0.0);(0.9571153719798277, 0.2857902350149147, 0.04747742926945153)
(2578.8, 2210.4, 368.4);(0.9860598860669192, 0.14721483492556126, 0.07754800750202549)
(2210.4, 2578.8, 368.4);(0.9388764518028507, -0.2535212221297379, -0.23289052831734827)
(2947.2, 2210.4, 0.0);(0.7647672490911868, 0.6430941272010025, 0.039509470726392264)
(2947.2, 2578.8, 368.4);(0.566176030189664, 0.8155738889366086, 0.11951541542198267)
(3315.6, 2578.8, 0.0);(0.37937349439559387, 0.9231912639024787, 0.061592548284839024)
(3315.6, 2210.4, 368.4);(0.44470512978876997, 0.8555367772441047, 0.26513047792044664)
(3684.0, 2210.4, 0.0);(0.2869923772993184, 0.9541578079135775, 0.08496030231609392)
(3684.0, 2578.8, 368.4);(0.17359032605406377, 0.9599933933184956, 0.21972501788663945)
(4052.4, 2578.8, 0.0);(0.057460006264415116, 0.9934449520254014, 0.09882041780594249)
(4052.4, 2210.4, 368.4);(0.06380036862173284, 0.9603058456005851, 0.2715551433301833)
(0.0, 2947.2, 0.0);(-0.11356849027933921, -0.9927206667003194, -0.04009832816645622)
(368.4, 2947.2, 368.4);(-0.039777420410865724, -0.9883575982936083, -0.1468571234933733)
(736.8, 2947.2, 0.0);(-0.2504676736622667, -0.9638118922434528, -0.09128297114088263)
(1105.2, 2947.2, 368.4);(-0.0908326699042311, -0.9745090756037583, -0.20513772847523043)
(1473.6, 2947.2, 0.0);(-0.1342050498231157, -0.9846140138438054, -0.11191178822789616)
(1842.0, 2947.2, 368.4);(0.03546327317865751, -0.8868552478576976, -0.46068440998444665)
(2210.4, 2947.2, 0.0);(0.9886380734401229, -0.013244291829202318, -0.14973092024877488)
(2578.8, 2947.2, 368.4);(0.5118214338018856, 0.8387878619865194, -0.18567105990182134)
(2947.2, 2947.2, 0.0);(0.3814894524042779, 0.9243539871268993, 0.005958538989402338)
(3315.6, 2947.2, 368.4);(0.22197047301187023, 0.9594528566341853, 0.17372197617857138)
(3684.0, 2947.2, 0.0);(0.10752587679750689, 0.992305777289645, 0.061379395374351414)
(4052.4, 2947.2, 368.4);(0.02333613621264729, 0.9911053157944719, 0.1310178527934454)
(368.4, 3315.6, 0.0);(-0.6375365502125777, -0.7241187724719107, -0.26305731409109007)
(0.0, 3315.6, 368.4);(-0.04753327852195908, -0.9979106645602547, 0.04375949028341944)
(0.0, 3684.0, 0.0);(-0.7897493762633625, -0.26676400558071506, 0.5523883489160157)
(368.4, 3684.0, 368.4);(-0.4521230493994449, -0.8033994401531528, -0.3874714025103631)
(736.8, 3315.6, 368.4);(-0.33997181950047756, -0.8558446515656698, -0.38980648318360706)
(736.8, 3684.0, 0.0);(-0.8075998005763149, -0.5569133146883114, -0.19398485000631932)
(1105.2, 3315.6, 0.0);(-0.487295423960485, -0.8635731031004804, -0.12955564591548344)
(1105.2, 3684.0, 368.4);(-0.5997883522932529, -0.5870720915507993, -0.5436913570910565)
(1473.6, 3315.6, 368.4);(-0.36410913136589707, -0.8644677199612807, -0.3465834698898906)
(1473.6, 3684.0, 0.0);(-0.7322879601919942, -0.6728596382982975, -0.10494879945446026)
(1842.0, 3315.6, 0.0);(-0.4544576363051351, -0.8576159559854106, -0.2407553298333805)
(1842.0, 3684.0, 368.4);(-0.9191576364916141, -0.25351328401511963, -0.30146352035863144)
(2578.8, 3315.6, 0.0);(0.25951944335486665, 0.965611031172042, -0.01565231611123583)
(2210.4, 3315.6, 368.4);(-0.8006586410458981, -0.15507347981931888, -0.5787036861600787)
(2210.4, 3684.0, 0.0);(-0.9908220027207256, -0.07482410056331681, -0.11257492127192875)
(2578.8, 3684.0, 368.4);(-0.954629288346471, 0.29779632885644153, 0.0005180258065998482)
(2947.2, 3315.6, 368.4);(0.11587652322116618, 0.9804347590496229, 0.1591235828325976)
(2947.2, 3684.0, 0.0);(-0.051874183660805394, 0.9882133343064332, 0.14402595241305186)
(3315.6, 3315.6, 0.0);(0.05785893721455386, 0.9929416311959863, 0.10353386123513493)
(3315.6, 3684.0, 368.4);(-0.199214661601763, 0.7417370350050566, 0.6404214936311885)
(3684.0, 3315.6, 368.4);(0.032438891674208145, 0.9901610381020324, 0.1361206704790071)
(3684.0, 3684.0, 0.0);(-0.2984314785159106, 0.9508665420240507, 0.08241038702755704)
(4052.4, 3315.6, 0.0);(-0.07273173725565227, 0.9960163562605107, 0.051589848393945134)
(4052.4, 3684.0, 368.4);(-0.010958813932081805, 0.9999260535011767, -0.005271804886767539)
(368.4, 4052.4, 0.0);(-0.9820607968781185, -0.1814021539667747, -0.05147669153441466)
(0.0, 4052.4, 368.4);(-0.06323443328170773, -0.09770516101050755, 0.9932044643271858)
(736.8, 4052.4, 368.4);(-0.5674928181929354, -0.20000549767929746, -0.798717535927124)
(1105.2, 4052.4, 0.0);(-0.8659025597761868, -0.3039446022689567, -0.3972787884151541)
(1473.6, 4052.4, 368.4);(-0.8796520988444885, -0.09969287557604896, -0.4650521643405874)
(1842.0, 4052.4, 0.0);(-0.989906940388686, -0.0726743912027089, -0.12166627401883441)
(2578.8, 4052.4, 0.0);(-0.9983430916788668, -0.004998294488931142, 0.05732441320487738)
(2210.4, 4052.4, 368.4);(-0.9968372504099258, 0.030231728592168314, -0.07349516161971725)
(2947.2, 4052.4, 368.4);(-0.8514065808772114, 0.0909913064505973, 0.5165534011013673)
(3315.6, 4052.4, 0.0);(-0.45424467406314334, 0.5941312441282027, 0.6638296775799819)
(3684.0, 4052.4, 368.4);(-0.17885252805785984, 0.12373045817616322, 0.9760648272152977)
(4052.4, 4052.4, 0.0);(-0.45433004804312815, 0.8890146601608244, 0.05689588266529014)
(0.0, 0.0, 736.8);(-0.036240466159366616, 0.06860337507462931, -0.9969855593442272)
(368.4, 368.4, 736.8);(0.12868285605511456, -0.05891895284277796, -0.98993397737092)
(736.8, 0.0, 736.8);(-0.0005702610381433371, -0.06789273824052229, -0.9976924630849691)
(1105.2, 368.4, 736.8);(0.994141702235115, -0.05388237873169428, -0.09369613193340647)
(1473.6, 0.0, 736.8);(0.9983532486016715, -0.023907115657525596, -0.052146340498893794)
(1842.0, 368.4, 736.8);(0.9991436992367756, 0.023849349510201096, -0.033809418856171995)
(2210.4, 0.0, 736.8);(0.9885288186621934, 0.025340129233678968, -0.14889141185692556)
(2578.8, 368.4, 736.8);(0.9849335371076955, 0.17259487399838827, -0.010813738946566884)
(2947.2, 0.0, 736.8);(0.7871873621691973, 0.2335618561544823, -0.5707757144367427)
(3315.6, 368.4, 736.8);(0.6882008038242793, 0.6493377082641303, -0.32363589764101147)
(3684.0, 0.0, 736.8);(0.5854673775008037, 0.18928579902408382, 0.7882885488005934)
(4052.4, 368.4, 736.8);(0.17285106796081565, 0.8589324354513894, 0.48203483238698663)
(0.0, 736.8, 736.8);(0.10694101853979307, -0.1482917516857305, -0.9831445341025139)
(736.8, 736.8, 736.8);(0.9409845135051511, -0.3209482652420901, 0.10742605075849623)
(1473.6, 736.8, 736.8);(0.9605329422403913, -0.07198295964530509, 0.26869112451236504)
(2210.4, 736.8, 736.8);(0.9918411191517236, 0.10119170514772623, 0.07753343258976846)
(2947.2, 736.8, 736.8);(0.8880487855668088, 0.459030599831495, 0.02569558078063394)
(3684.0, 736.8, 736.8);(0.2565541722687345, 0.9663297588928852, 0.019666056277835926)
(368.4, 1105.2, 736.8);(0.45106799535526676, -0.8581515072461839, 0.24518086013651977)
(0.0, 1473.6, 736.8);(0.01062083877359323, -0.9945015767879836, -0.10418162769874516)
(736.8, 1473.6, 736.8);(0.41224089562594346, -0.8332480864649006, 0.36844954929556034)
(1105.2, 1105.2, 736.8);(0.8002589972770311, -0.3987894728071881, 0.44783087617461764)
(1473.6, 1473.6, 736.8);(0.8121302859836594, -0.4609093153131912, 0.3577806613633902)
(1842.0, 1105.2, 736.8);(0.9583877772983787, -0.08781379104880112, 0.2716276981949943)
(2578.8, 1105.2, 736.8);(0.955731232275373, 0.2423572916854571, 0.16685549083050014)
(2210.4, 1473.6, 736.8);(0.9801293647604848, -0.004757175033165807, 0.19830228848884296)
(2947.2, 1473.6, 736.8);(0.7737760993474289, 0.5400582103218555, 0.3310705023746942)
(3315.6, 1105.2, 736.8);(0.5688238673104553, 0.8117117743900116, 0.13252699081544275)
(3684.0, 1473.6, 736.8);(0.25043436057864255, 0.873790888718642, 0.41685982516171094)
(4052.4, 1105.2, 736.8);(0.0560115748309071, 0.9481117094157593, 0.31296467844421155)
(368.4, 1842.0, 736.8);(0.0857861641147539, -0.9962460101302972, -0.011602643920255092)
(1105.2, 1842.0, 736.8);(0.37924196969770085, -0.9059796369685241, 0.18808621910759268)
(1842.0, 1842.0, 736.8);(0.8959178084892037, -0.41004242939594726, 0.17086979407423755)
(2578.8, 1842.0, 736.8);(0.9419851464063642, 0.22026604739160016, 0.2532722888834503)
(3315.6, 1842.0, 736.8);(0.3845034819438557, 0.7968261425818948, 0.4660742117636514)
(4052.4, 1842.0, 736.8);(0.07191131789076757, 0.8966944920981249, 0.43676967637428615)
(0.0, 2210.4, 736.8);(0.028414906023642193, -0.9959568426583948, -0.0852206587488567)
(368.4, 2578.8, 736.8);(0.0555222612871722, -0.9929943553866991, -0.10430478738635536)
(736.8, 2210.4, 736.8);(0.1430351182464244, -0.9874878226099836, -0.06639845740094458)
(1105.2, 2578.8, 736.8);(0.15529994814043876, -0.9745092662599381, -0.16190619531412015)
(1473.6, 2210.4, 736.8);(0.3217892579094831, -0.9458331721128478, -0.04302655023368874)
(1842.0, 2578.8, 736.8);(0.1752673944179435, -0.925712859591672, -0.3351671852084484)
(2210.4, 2210.4, 736.8);(0.974362613170433, -0.21033038142218952, -0.0798663177220614)
(2578.8, 2578.8, 736.8);(0.7282359708155013, 0.649570224969375, -0.2184740113689495)
(2947.2, 2210.4, 736.8);(0.5761020187210086, 0.7559786218263961, 0.31080988942928034)
(3315.6, 2578.8, 736.8);(0.23867751391397282, 0.9104502632491476, 0.3378066939854853)
(3684.0, 2210.4, 736.8);(0.1672589522393369, 0.9012330174984362, 0.39975428836531907)
(4052.4, 2578.8, 736.8);(0.03001614591367694, 0.9558533546126654, 0.2923070225981626)
(0.0, 2947.2, 736.8);(0.011091729207166272, -0.9993950239643282, -0.032963003785072525)
(736.8, 2947.2, 736.8);(0.03275062088341633, -0.9698191793662344, -0.241615720029046)
(1473.6, 2947.2, 736.8);(0.018643251819071838, -0.9391135610546114, -0.3431007849086585)
(2210.4, 2947.2, 736.8);(-0.3522898363564333, -0.5711365498091031, -0.7414141303428949)
(2947.2, 2947.2, 736.8);(0.22370356810030032, 0.9628811153298008, 0.15105188300856506)
(3684.0, 2947.2, 736.8);(0.10001007299135722, 0.9702275877405748, 0.22058198767662007)
(368.4, 3315.6, 736.8);(0.034338533525339957, -0.9754161927624435, -0.21767892872795153)
(0.0, 3684.0, 736.8);(0.0563898166410462, -0.9923942355023334, 0.10942517955630006)
(736.8, 3684.0, 736.8);(-0.09249919200061839, -0.7376911394439554, -0.6687717714326104)
(1105.2, 3315.6, 736.8);(-0.16584911787048945, -0.8486845038248181, -0.5022237380582513)
(1473.6, 3684.0, 736.8);(-0.7102362061474584, -0.39603339847504826, -0.5819983494560518)
(1842.0, 3315.6, 736.8);(-0.5657742841338729, -0.6159844153503605, -0.5481447431639551)
(2578.8, 3315.6, 736.8);(-0.8868966937840415, 0.1636782142990219, -0.43199964897997295)
(2210.4, 3684.0, 736.8);(-0.9440389033282307, -0.14262759701337785, -0.29740194614867765)
(2947.2, 3684.0, 736.8);(-0.8104101226015187, 0.4018429752032031, 0.4263304545359496)
(3315.6, 3315.6, 736.8);(0.038124674866377065, 0.9131993762599973, 0.40572577976348145)
(3684.0, 3684.0, 736.8);(-0.026594264982280236, 0.5158728819576194, 0.8562522494748801)
(4052.4, 3315.6, 736.8);(-0.00926631659983495, 0.9951099985007515, 0.09833730858888692)
(368.4, 4052.4, 736.8);(0.46978367012174793, -0.6097026092458891, -0.6384089845590326)
(1105.2, 4052.4, 736.8);(-0.6103214168863647, -0.12541822634551114, -0.7821624106220948)
(1842.0, 4052.4, 736.8);(-0.9416603647186708, -0.07919944562765112, -0.32711344412936133)
(2578.8, 4052.4, 736.8);(-0.9705628881337591, 0.07172322207973919, 0.22992055060815375)
(3315.6, 4052.4, 736.8);(-0.5427361654125483, 0.10474403712691098, 0.8333463514287678)
(4052.4, 4052.4, 736.8);(0.04428395971693335, 0.03847173545751834, 0.9982779455054969)
(368.4, 0.0, 1105.2);(-0.3465150579032473, -0.06880234918125246, -0.9355177985444478)
(0.0, 368.4, 1105.2);(-0.09982501631026285, 0.1666359137165047, -0.9809523119798034)
(0.0, 0.0, 1473.6);(-0.4515810179589002, 0.19867389080227854, -0.8698294484165777)
(368.4, 368.4, 1473.6);(-0.49266511747542746, -0.8604718993023498, -0.12988145569683976)
(736.8, 368.4, 1105.2);(-0.14014673944176617, -0.5824198704193861, -0.8007159208886178)
(736.8, 0.0, 1473.6);(-0.7764570591846732, -0.26094227045406326, -0.5736057589778604)
(1105.2, 0.0, 1105.2);(-0.19486296842202389, -0.08889976034659093, -0.9767933538615402)
(1105.2, 368.4, 1473.6);(-0.41648436059769145, -0.7536025786282217, -0.5085508144349267)
(1473.6, 368.4, 1105.2);(0.9417814113809774, -0.335210524090528, -0.02610895854314822)
(1473.6, 0.0, 1473.6);(-0.40081234188782866, -0.2250897940634259, -0.8880788541559127)
(1842.0, 0.0, 1105.2);(0.9907521948984553, -0.11942696248105482, -0.06439944826193722)
(1842.0, 368.4, 1473.6);(0.8967221294088271, -0.3870934024364867, -0.21458825787689947)
(2578.8, 0.0, 1105.2);(0.9820842927819066, 0.031310105969600904, -0.18582281650872412)
(2210.4, 368.4, 1105.2);(0.9931095124506852, 0.02190382682637601, -0.11512479598384616)
(2210.4, 0.0, 1473.6);(0.9851515389429059, -0.06019723523154642, -0.1607878670450664)
(2578.8, 368.4, 1473.6);(0.9907828179029757, 0.0026600089575086745, -0.13543386615091768)
(2947.2, 368.4, 1105.2);(0.9065179802331834, 0.42204521706420145, 0.010148214975084287)
(2947.2, 0.0, 1473.6);(0.9919620128528839, 0.042481305484659164, -0.11919187783223432)
(3315.6, 0.0, 1105.2);(0.005816653128281859, 0.5418629909025224, -0.8404467060061321)
(3315.6, 368.4, 1473.6);(0.8723522230046644, 0.38173859443440994, 0.3054132356956086)
(3684.0, 368.4, 1105.2);(0.2127845485992254, 0.975668581041648, 0.05285409961016423)
(3684.0, 0.0, 1473.6);(-0.40049413289000174, 0.19487022145941857, -0.8953379508928696)
(4052.4, 0.0, 1105.2);(0.3633784618945578, 0.5965262161668533, 0.7156204069594451)
(4052.4, 368.4, 1473.6);(-0.1395957940608767, 0.9274587561169254, 0.3468908617743609)
(368.4, 736.8, 1105.2);(0.0016045782053397079, -0.9821997727901028, -0.18783245635366977)
(0.0, 736.8, 1473.6);(-0.020270615199253314, -0.9500351608342286, 0.31148402099967415)
(736.8, 736.8, 1473.6);(-0.29971676561217214, -0.9493143907955314, -0.09472089441874663)
(1105.2, 736.8, 1105.2);(0.6170828320547772, -0.714596733597861, 0.32948488085877825)
(1473.6, 736.8, 1473.6);(0.6025062718518792, -0.7980976005067701, 0.005139303891140948)
(1842.0, 736.8, 1105.2);(0.9811952395440577, -0.0973366732836115, 0.16667775475497226)
(2578.8, 736.8, 1105.2);(0.9708137178435245, 0.21732733000597934, 0.10143745304031256)
(2210.4, 736.8, 1473.6);(0.9994060103660515, -0.028523444302994576, 0.019340102618798646)
(2947.2, 736.8, 1473.6);(0.9156712385702623, 0.21764934568708866, 0.33789783245410704)
(3315.6, 736.8, 1105.2);(0.5655165878746589, 0.7806019188884453, 0.26617970070289)
(3684.0, 736.8, 1473.6);(0.25399106765382296, 0.6992927880858107, 0.6681901930462947)
(4052.4, 736.8, 1105.2);(0.04835597278109236, 0.9318981972177083, 0.35948219694274103)
(0.0, 1105.2, 1105.2);(-0.019026442365206606, -0.99964783835563, 0.018498479987273265)
(368.4, 1105.2, 1473.6);(-0.19743822784378678, -0.9794816405363265, 0.04042105934004644)
(368.4, 1473.6, 1105.2);(-0.09947769259270726, -0.9948730343061232, 0.018216319248361486)
(0.0, 1473.6, 1473.6);(-0.06400172400630148, -0.995632211552774, 0.0679726315714883)
(736.8, 1105.2, 1105.2);(0.20925588889715901, -0.928312901551211, 0.307322517520977)
(736.8, 1473.6, 1473.6);(-0.13441386256730273, -0.9902892370245335, 0.03549845888352738)
(1105.2, 1105.2, 1473.6);(0.1303924124385356, -0.983618671222737, 0.12446737886079126)
(1105.2, 1473.6, 1105.2);(0.34038502178410596, -0.8730027462969641, 0.34929105614514666)
(1473.6, 1105.2, 1105.2);(0.74923787577343, -0.4943396131831159, 0.4407617863931556)
(1473.6, 1473.6, 1473.6);(0.38317285930497064, -0.8901713669511825, 0.24652281304641252)
(1842.0, 1105.2, 1473.6);(0.9181137212506254, -0.32314715840538594, 0.22944086136922826)
(1842.0, 1473.6, 1105.2);(0.8958407610275724, -0.32771720635242674, 0.3001179160631718)
(2210.4, 1105.2, 1105.2);(0.9760920905890742, 0.05852180344567378, 0.20933090839844137)
(2578.8, 1105.2, 1473.6);(0.9195644930954503, 0.18330425008790155, 0.3475639436676647)
(2578.8, 1473.6, 1105.2);(0.878191998565925, 0.27189305103687583, 0.39351363693351854)
(2210.4, 1473.6, 1473.6);(0.9488872653965844, 0.005818965419347849, 0.3155615585106027)
(2947.2, 1105.2, 1105.2);(0.7715931673528457, 0.4960939054800033, 0.3981643141216964)
(2947.2, 1473.6, 1473.6);(0.4528644614907335, 0.5850896136818916, 0.6727435792932422)
(3315.6, 1105.2, 1473.6);(0.424496726284738, 0.6115145656636001, 0.667721847294814)
(3315.6, 1473.6, 1105.2);(0.35493621088644617, 0.723258219521213, 0.5923831818144206)
(3684.0, 1105.2, 1105.2);(0.24435117978022128, 0.8186913792049955, 0.5196507736503779)
(3684.0, 1473.6, 1473.6);(0.22473297644488496, 0.7448209857161999, 0.6282808198051019)
(4052.4, 1105.2, 1473.6);(0.10238698798520546, 0.6527630942505077, 0.7506112492334631)
(4052.4, 1473.6, 1105.2);(0.08491497559377952, 0.804463031832382, 0.5879019283307036)
(0.0, 1842.0, 1105.2);(-0.014128328914398547, -0.9960928450878711, -0.08717473422292163)
(368.4, 1842.0, 1473.6);(-0.0857284089916299, -0.9953236110618179, -0.04451459484963279)
(736.8, 1842.0, 1105.2);(0.025012150075962646, -0.9994405212071086, 0.022204434643577225)
(1105.2, 1842.0, 1473.6);(0.015347129908673193, -0.9989955944231835, -0.04209831263407765)
(1473.6, 1842.0, 1105.2);(0.39025265733657616, -0.9068018295285504, 0.15941551180928035)
(1842.0, 1842.0, 1473.6);(0.36532291591163363, -0.9057791977229558, 0.21471658548463357)
(2210.4, 1842.0, 1105.2);(0.9849020246689857, -0.057716409303167356, 0.16320789778709188)
(2578.8, 1842.0, 1473.6);(0.5999147049963861, 0.49574234726790534, 0.6279664575870326)
(2947.2, 1842.0, 1105.2);(0.47195981461529984, 0.6740691265703153, 0.5682294835654202)
(3315.6, 1842.0, 1473.6);(0.1779827454190505, 0.8044539732384532, 0.566723872158182)
(3684.0, 1842.0, 1105.2);(0.15546139554823374, 0.8372684904110748, 0.524226315114909)
(4052.4, 1842.0, 1473.6);(0.050091723272523724, 0.8536809824031347, 0.5183817121994253)
(368.4, 2210.4, 1105.2);(0.02598121981471762, -0.99229913030048, -0.12110909223444168)
(0.0, 2578.8, 1105.2);(0.002198151143811284, -0.9946092347905986, -0.10367081653391666)
(0.0, 2210.4, 1473.6);(-0.0044764323078208944, -0.9954128469268957, -0.09556791159529437)
(368.4, 2578.8, 1473.6);(0.005224079177787859, -0.9814226663061845, -0.19178701482948132)
(736.8, 2578.8, 1105.2);(0.07175803308045867, -0.9776576160285346, -0.1975762397400713)
(736.8, 2210.4, 1473.6);(-0.012548827813218514, -0.9874507058831646, -0.1574281752779792)
(1105.2, 2210.4, 1105.2);(0.12287425160015682, -0.9867858300330571, -0.10562028185756721)
(1105.2, 2578.8, 1473.6);(0.011879288837140135, -0.958773364286124, -0.2839234376239329)
(1473.6, 2578.8, 1105.2);(0.14377096544294116, -0.9602045314592651, -0.2394518057160934)
(1473.6, 2210.4, 1473.6);(0.08825956275734909, -0.9814095499735653, -0.17042753534146216)
(1842.0, 2210.4, 1105.2);(0.3281835662643889, -0.9428654473077523, -0.05744819498591393)
(1842.0, 2578.8, 1473.6);(-0.016264739421796005, -0.9603652805076845, -0.2782696286822141)
(2578.8, 2210.4, 1105.2);(0.7988577713534085, 0.5668063536080793, 0.2013872355880044)
(2210.4, 2578.8, 1105.2);(-0.06023609680290158, -0.9121482902243041, -0.4054098041276632)
(2210.4, 2210.4, 1473.6);(0.04229654541346926, -0.9374106619892967, 0.34564758502682336)
(2578.8, 2578.8, 1473.6);(-0.9888582017769324, -0.10485321284603036, 0.10566579642607499)
(2947.2, 2578.8, 1105.2);(0.142893818179169, 0.9308590665613442, 0.3362777942813378)
(2947.2, 2210.4, 1473.6);(0.06751751394388268, 0.8276803582776509, 0.5571235139825074)
(3315.6, 2210.4, 1105.2);(0.15280098376660387, 0.8608115962722962, 0.48544335929446963)
(3315.6, 2578.8, 1473.6);(-0.007504246634513821, 0.9178082308370431, 0.39695306736467656)
(3684.0, 2578.8, 1105.2);(0.06697181717676236, 0.9287977036244991, 0.36448539263720786)
(3684.0, 2210.4, 1473.6);(0.03134832123126433, 0.8995660477703061, 0.4356583620853533)
(4052.4, 2210.4, 1105.2);(0.030297804739973806, 0.9083830413419042, 0.41703991802988233)
(4052.4, 2578.8, 1473.6);(-0.036891302638686355, 0.9436209691163235, 0.3289658013131322)
(368.4, 2947.2, 1105.2);(0.031109949648945253, -0.9808472036655476, -0.19227827254871022)
(0.0, 2947.2, 1473.6);(-0.04095423354212131, -0.9925648143700743, -0.11462041715801506)
(736.8, 2947.2, 1473.6);(-0.025121168533315044, -0.9447031909539769, -0.32696300691805275)
(1105.2, 2947.2, 1105.2);(0.03037111540981606, -0.9362624498126642, -0.3499860288919432)
(1473.6, 2947.2, 1473.6);(-0.11095079813479646, -0.8398855470248903, -0.5313023511071192)
(1842.0, 2947.2, 1105.2);(-0.07039301585468123, -0.855821412159033, -0.5124592996609596)
(2578.8, 2947.2, 1105.2);(-0.9304294877698576, -0.02597748971763273, -0.3655490915271035)
(2210.4, 2947.2, 1473.6);(-0.8276723729831534, -0.4280482527729509, -0.3629505976003616)
(2947.2, 2947.2, 1473.6);(-0.9657638280394872, 0.12353917029402603, -0.22811905193030113)
(3315.6, 2947.2, 1105.2);(0.09802402743455768, 0.949637304007627, 0.2976243956443)
(3684.0, 2947.2, 1473.6);(-0.06823099538521439, 0.8228657241891211, 0.5641245706609989)
(4052.4, 2947.2, 1105.2);(-0.018032134047974803, 0.9739456378030316, 0.22606356793194665)
(0.0, 3315.6, 1105.2);(-0.04823103288184153, -0.998385074864791, -0.03001682452186126)
(368.4, 3315.6, 1473.6);(-0.06603677364779172, -0.8433840131073929, -0.5332377996363904)
(368.4, 3684.0, 1105.2);(0.03944426236338901, -0.8026188162585739, -0.5951866816002304)
(0.0, 3684.0, 1473.6);(0.033702586808740075, -0.061095141531889365, -0.9975627896646896)
(736.8, 3315.6, 1105.2);(0.010692054793629396, -0.8970635432204167, -0.441772203051665)
(736.8, 3684.0, 1473.6);(-0.24669708990960923, -0.4735650795459649, -0.8455037913958482)
(1105.2, 3315.6, 1473.6);(-0.21865507462547326, -0.7039154046648481, -0.6757906934961827)
(1105.2, 3684.0, 1105.2);(-0.38499588012165037, -0.5272303222651203, -0.7575000723257874)
(1473.6, 3315.6, 1105.2);(-0.30024742425019835, -0.7185229657065851, -0.6273565429509242)
(1473.6, 3684.0, 1473.6);(-0.6619494642451675, -0.29282357781888846, -0.6899835208603762)
(1842.0, 3315.6, 1473.6);(-0.6957832566342488, -0.39330262440224917, -0.6009980910333594)
(1842.0, 3684.0, 1105.2);(-0.804852352318167, -0.2773267881576453, -0.5246928087348613)
(2210.4, 3315.6, 1105.2);(-0.7994354991124937, -0.31776373076891495, -0.5098324177281969)
(2578.8, 3315.6, 1473.6);(-0.9466403410090151, -0.19375442480235833, -0.25754861219552916)
(2578.8, 3684.0, 1105.2);(-0.9887082201379819, -0.04784588085578371, -0.14200995428743116)
(2210.4, 3684.0, 1473.6);(-0.9070599579491916, -0.2343768545634823, -0.34972806969149495)
(2947.2, 3315.6, 1105.2);(-0.9450627893334115, 0.2528804294731728, -0.20714201072408153)
(2947.2, 3684.0, 1473.6);(-0.9973592516751217, 0.0051149571866814505, -0.07244556791840143)
(3315.6, 3315.6, 1473.6);(-0.9641258047092686, 0.25080328072927544, 0.08694335552034642)
(3315.6, 3684.0, 1105.2);(-0.5529106341699351, 0.4153671715222094, 0.7223295255238009)
(3684.0, 3315.6, 1105.2);(-0.021175890730930305, 0.7477281959457912, 0.6636671806255031)
(3684.0, 3684.0, 1473.6);(-0.2802627634580228, 0.07546347405976157, 0.9569524792285686)
(4052.4, 3315.6, 1473.6);(-0.016417927221634928, 0.23907732445964597, 0.9708617226953394)
(4052.4, 3684.0, 1105.2);(0.01852565092845587, 0.16481580789881423, 0.9861503687188572)
(0.0, 4052.4, 1105.2);(0.2633550098316594, -0.004738352877140393, -0.9646873518444089)
(368.4, 4052.4, 1473.6);(-0.02611346387712073, -0.10269429313724164, -0.994370136901436)
(736.8, 4052.4, 1105.2);(-0.22943407734165872, -0.26441560424621124, -0.9367200181406891)
(1105.2, 4052.4, 1473.6);(-0.6013105240310088, -0.13007246683481144, -0.7883570301970172)
(1473.6, 4052.4, 1105.2);(-0.7987297183333977, -0.1144738629869044, -0.5907000691924006)
(1842.0, 4052.4, 1473.6);(-0.8452064423846433, -0.09201347644912604, -0.5264594855287924)
(2210.4, 4052.4, 1105.2);(-0.9765445291798124, -0.06721281888065127, -0.20455615245476094)
(2578.8, 4052.4, 1473.6);(-0.9958289949641422, -0.043133053544992576, -0.08039995323749358)
(2947.2, 4052.4, 1105.2);(-0.7313095472917753, 0.16245283328851287, 0.6624163516976566)
(3315.6, 4052.4, 1473.6);(-0.21654356596512184, 0.08462668323346059, 0.9725981742343609)
(3684.0, 4052.4, 1105.2);(-0.23033969415472233, 0.04564141963849452, 0.9720393439105703)
(4052.4, 4052.4, 1473.6);(-0.08724389184574548, -0.06565690060084949, 0.9940209629273912)
(368.4, 0.0, 1842.0);(-0.8930051208665422, -0.3734539984262655, 0.2511453068754568)
(0.0, 368.4, 1842.0);(-0.09823647211045779, -0.5963966034289662, 0.7966559401433492)
(736.8, 368.4, 1842.0);(-0.5355290815676106, -0.8434864753854538, -0.04170334083950159)
(1105.2, 0.0, 1842.0);(-0.8240160600064549, -0.3956393212700114, -0.4055453862595938)
(1473.6, 368.4, 1842.0);(-0.03786364266153956, -0.6124345445735992, -0.7896140026477034)
(1842.0, 0.0, 1842.0);(0.2160546293645667, -0.10703689246678318, -0.970496522807369)
(2578.8, 0.0, 1842.0);(0.9848989956206332, -0.01467416203857652, -0.17250691984362082)
(2210.4, 368.4, 1842.0);(0.9637778892843702, -0.10628909172865086, -0.24461154736860338)
(2947.2, 368.4, 1842.0);(0.9976334427312701, -0.05842065821800871, 0.03625659440058314)
(3315.6, 0.0, 1842.0);(0.9930113070019344, -0.011294760478850342, 0.11747754062813696)
(3684.0, 368.4, 1842.0);(0.8271186927650126, -0.015719921943727823, 0.561807397719877)
(4052.4, 0.0, 1842.0);(-0.0976312097825481, -0.1228935208555246, -0.9876058573176492)
(368.4, 736.8, 1842.0);(-0.13664869502465538, -0.9408576033894507, 0.310022748023944)
(1105.2, 736.8, 1842.0);(-0.19838899464820073, -0.9067580874356909, -0.3720639429888958)
(1842.0, 736.8, 1842.0);(0.7969525474138479, -0.49681461347787115, -0.34357222967727197)
(2578.8, 736.8, 1842.0);(0.99959880593062, -0.0014045748793303293, 0.028288767231658664)
(3315.6, 736.8, 1842.0);(0.7643747502724709, 0.17085198707326552, 0.6217240864394867)
(4052.4, 736.8, 1842.0);(0.1753651834299219, 0.38535946115157677, 0.9059498540987555)
(0.0, 1105.2, 1842.0);(0.006967921695715293, -0.9449059067619945, 0.3272678955130418)
(368.4, 1473.6, 1842.0);(-0.1263078169910131, -0.984929857008317, 0.11815037934996582)
(736.8, 1105.2, 1842.0);(-0.24281509844100568, -0.9699487061271035, -0.015502756253080166)
(1105.2, 1473.6, 1842.0);(-0.11420829489926185, -0.9872069502135812, -0.11126051782282492)
(1473.6, 1105.2, 1842.0);(0.26142469754275915, -0.9446019885785948, -0.19845455572508655)
(1842.0, 1473.6, 1842.0);(0.4844991660419902, -0.8079514564962887, 0.3353729298111904)
(2210.4, 1105.2, 1842.0);(0.9849034809493851, 0.0076001991546637525, 0.17293747478957155)
(2578.8, 1473.6, 1842.0);(0.6484079152232622, 0.383412605642614, 0.6576944194001982)
(2947.2, 1105.2, 1842.0);(0.7892958263600475, 0.3319961381602283, 0.5165178242203307)
(3315.6, 1473.6, 1842.0);(0.3693804518795462, 0.7153312296572362, 0.5931773037181451)
(3684.0, 1105.2, 1842.0);(0.3295445452904093, 0.5609242121514372, 0.7594500779456322)
(4052.4, 1473.6, 1842.0);(0.08142745156240574, 0.7404597865170173, 0.6671498142720459)
(0.0, 1842.0, 1842.0);(-0.021078906640495877, -0.9985151677918869, 0.050230860876371485)
(736.8, 1842.0, 1842.0);(-0.11462413787491338, -0.9913681841266305, -0.06364299268497574)
(1473.6, 1842.0, 1842.0);(-0.051554322759714305, -0.9944771735603857, -0.09141828631151278)
(2210.4, 1842.0, 1842.0);(0.12753588902776444, -0.6445793176806004, 0.7538249798383637)
(2947.2, 1842.0, 1842.0);(0.1819331108070561, 0.7685159542795074, 0.6134195719162582)
(3684.0, 1842.0, 1842.0);(0.12928888297930177, 0.8675848017149598, 0.48018850108179234)
(368.4, 2210.4, 1842.0);(-0.043766708327726445, -0.9924192356474201, -0.11484135125966714)
(0.0, 2578.8, 1842.0);(-0.02890611734302736, -0.9899801721942324, -0.1382161171587056)
(736.8, 2578.8, 1842.0);(-0.08859280514203907, -0.9640679041153789, -0.25044838017373)
(1105.2, 2210.4, 1842.0);(-0.08458492307811302, -0.970748026977784, -0.22470794135190147)
(1473.6, 2578.8, 1842.0);(-0.1979923861644429, -0.907188559127912, -0.37122490919701623)
(1842.0, 2210.4, 1842.0);(-0.27523556253397297, -0.9593269990969486, 0.06274626618573094)
(2578.8, 2210.4, 1842.0);(-0.5421110450340381, 0.11708110588870978, 0.8321103469468338)
(2210.4, 2578.8, 1842.0);(-0.9120611455737287, -0.397955888694544, 0.09887151960030499)
(2947.2, 2578.8, 1842.0);(-0.9534692612092583, 0.2711102890654267, 0.13189230110939817)
(3315.6, 2210.4, 1842.0);(-0.031233707653783926, 0.8911429202691818, 0.4526463864434494)
(3684.0, 2578.8, 1842.0);(-0.13189167416301234, 0.8221065788293073, 0.5538459707644804)
(4052.4, 2210.4, 1842.0);(-0.0008444108495022769, 0.9255918934906385, 0.378522038558829)
(368.4, 2947.2, 1842.0);(-0.11086290381443697, -0.9076642055639124, -0.4047902005926809)
(1105.2, 2947.2, 1842.0);(-0.2225862992729765, -0.7895561245380686, -0.5718885079981821)
(1842.0, 2947.2, 1842.0);(-0.7683704945204016, -0.46180001383533803, -0.44311119413997563)
(2578.8, 2947.2, 1842.0);(-0.9816754625359569, -0.14851352655052497, -0.1194027582861527)
(3315.6, 2947.2, 1842.0);(-0.9876107397981493, 0.1302100463578737, 0.08758065118981849)
(4052.4, 2947.2, 1842.0);(-0.10577639386398836, 0.3683932818368414, 0.9236329056495399)
(0.0, 3315.6, 1842.0);(-0.01787909647346197, -0.31520458637079307, -0.9488553138598688)
(368.4, 3684.0, 1842.0);(-0.1581572444367657, -0.28331832303869914, -0.9458948217760305)
(736.8, 3315.6, 1842.0);(-0.26554072505922965, -0.5691771979410055, -0.7781551520609781)
(1105.2, 3684.0, 1842.0);(-0.5100200110880396, -0.2911313527964478, -0.8093961475746386)
(1473.6, 3315.6, 1842.0);(-0.6068019873664631, -0.40621880617692663, -0.6832112628142947)
(1842.0, 3684.0, 1842.0);(-0.7896021825281957, -0.22113236929970126, -0.5723887390529363)
(2210.4, 3315.6, 1842.0);(-0.9004003874322882, -0.2501175559982907, -0.35597801967709614)
(2578.8, 3684.0, 1842.0);(-0.9636960547892832, -0.16275257302890273, -0.21166368123993873)
(2947.2, 3315.6, 1842.0);(-0.981905603605608, -0.15512525877598232, -0.10861647986190281)
(3315.6, 3684.0, 1842.0);(-0.9966810581188122, -0.07891707956704955, 0.019974056667912247)
(3684.0, 3315.6, 1842.0);(-0.8510548513671335, -0.05319396558789155, 0.5223753841726279)
(4052.4, 3684.0, 1842.0);(-0.056261414667451486, -0.2585340835873988, 0.9643623700887758)
(0.0, 4052.4, 1842.0);(-0.011265704379363797, -0.09980726244718822, -0.9949430105627332)
(736.8, 4052.4, 1842.0);(-0.38245280567041123, -0.12145533077939545, -0.915957670452133)
(1473.6, 4052.4, 1842.0);(-0.6516940670977612, -0.0687557762801997, -0.7553591769070431)
(2210.4, 4052.4, 1842.0);(-0.9458085498006056, -0.0735761176403439, -0.3162795314860732)
(2947.2, 4052.4, 1842.0);(-0.9882736123382518, -0.025360485787526355, -0.1505726167552502)
(3684.0, 4052.4, 1842.0);(0.16932261272492027, -0.07285392671305325, 0.9828642623386484)
(0.0, 0.0, 2210.4);(-0.1014116468945069, -0.08940116142181839, 0.9908194135212398)
(368.4, 368.4, 2210.4);(0.0808422233290908, -0.3556572769095576, 0.9311135464101506)
(368.4, 0.0, 2578.8);(-0.07176424616872285, 0.07596940332509138, 0.9945242796082278)
(0.0, 368.4, 2578.8);(0.048367492509668854, 0.021411914765266812, 0.9986000778962578)
(736.8, 0.0, 2210.4);(-0.6104004295063845, -0.2583083648848028, 0.7487910952254715)
(736.8, 368.4, 2578.8);(0.7024523737106653, -0.26187683522857225, 0.6618014701093669)
(1105.2, 368.4, 2210.4);(0.03710324281864157, -0.8345027450651937, -0.5497531426476772)
(1105.2, 0.0, 2578.8);(0.9431613206337767, -0.05126391633661844, -0.32835763146633623)
(1473.6, 0.0, 2210.4);(0.3479143232584966, -0.11144080113434854, -0.9308794613236007)
(1473.6, 368.4, 2578.8);(0.7410025603383731, -0.143017583568682, -0.6560954018754823)
(1842.0, 368.4, 2210.4);(0.48631663466205793, -0.2076274253083639, -0.8487561387764982)
(1842.0, 0.0, 2578.8);(0.5483591021420292, -0.03712253956895504, -0.8354185849943362)
(2210.4, 0.0, 2210.4);(0.5230355681764137, -0.06586399907898147, -0.8497621596939344)
(2578.8, 368.4, 2210.4);(0.9876009143325231, 0.011323835878920857, -0.1565765140452156)
(2578.8, 0.0, 2578.8);(0.6823516918327022, -0.04544058600687044, -0.7296103904114861)
(2210.4, 368.4, 2578.8);(0.6517494229857562, -0.109628677342844, -0.7504693483026422)
(2947.2, 0.0, 2210.4);(0.9994142220966368, 0.007457836875814643, -0.03340049909968472)
(2947.2, 368.4, 2578.8);(0.9773306126389315, 0.21061493127995087, 0.021592228248902813)
(3315.6, 368.4, 2210.4);(0.9416618206957802, 0.0013260629176361114, 0.33655795489194257)
(3315.6, 0.0, 2578.8);(0.9759979814589559, 0.12518370397928935, 0.17820488333956822)
(3684.0, 0.0, 2210.4);(0.9557539743827639, -0.10236699935551544, 0.2757813225990819)
(3684.0, 368.4, 2578.8);(0.6525591992297821, 0.12409090974154247, 0.747507817765207)
(4052.4, 368.4, 2210.4);(0.5595464282236027, -0.48463398171394645, 0.6723374884909326)
(4052.4, 0.0, 2578.8);(0.07900499192829144, -0.14603757981627263, 0.9861192810871392)
(0.0, 736.8, 2210.4);(0.09305686208456374, -0.467755597210866, 0.8789454600240453)
(368.4, 736.8, 2578.8);(0.4084831931723919, -0.3743837920188485, 0.8324531561410973)
(736.8, 736.8, 2210.4);(0.1426580696613489, -0.9818676236487892, 0.12483847480155022)
(1105.2, 736.8, 2578.8);(0.6152603720470997, -0.7438356411974105, -0.26108085619765736)
(1473.6, 736.8, 2210.4);(0.1795780960187532, -0.6804133765379785, -0.7104852879957941)
(1842.0, 736.8, 2578.8);(0.6796387341012086, -0.20211854582698677, -0.7051519584756828)
(2210.4, 736.8, 2210.4);(0.9607103562042327, -0.11266094958231815, -0.25365946053941396)
(2578.8, 736.8, 2578.8);(0.9761402892693878, 0.17572833964322246, -0.12755268053362157)
(2947.2, 736.8, 2210.4);(0.9696554805983812, 0.10778644610803546, 0.21943183675328862)
(3315.6, 736.8, 2578.8);(0.8348264424505719, 0.350975575577387, 0.4241237512017497)
(3684.0, 736.8, 2210.4);(0.6972900945260946, 0.09080472453754597, 0.7110140828967106)
(4052.4, 736.8, 2578.8);(0.21970054333521494, 0.21290973261486362, 0.9520510054698114)
(368.4, 1105.2, 2210.4);(0.09322710264220592, -0.9216662107865821, 0.37661665288094115)
(0.0, 1105.2, 2578.8);(0.12692963209505234, -0.6084570865295982, 0.7833701821923832)
(0.0, 1473.6, 2210.4);(0.025821513068512846, -0.9587245062695298, 0.28316173918998844)
(368.4, 1473.6, 2578.8);(0.09914977301342012, -0.9411970147869316, 0.3229822005429334)
(736.8, 1105.2, 2578.8);(0.3511900565884142, -0.9090436338173441, 0.22428824304805786)
(736.8, 1473.6, 2210.4);(-0.10414174363880829, -0.9932231760759881, 0.05159670277639272)
(1105.2, 1105.2, 2210.4);(-0.08235103070927247, -0.9436779061023773, -0.32045329967930297)
(1105.2, 1473.6, 2578.8);(-0.0839476122459436, -0.9958662274452351, -0.034687972442905744)
(1473.6, 1105.2, 2578.8);(0.15499021723311665, -0.8833874341872022, -0.4422721714987083)
(1473.6, 1473.6, 2210.4);(-0.14714235616182847, -0.9655539166352323, -0.21460373038115776)
(1842.0, 1105.2, 2210.4);(0.5907298232905229, -0.726936365923108, -0.3501453923353166)
(1842.0, 1473.6, 2578.8);(-0.3934848513558909, -0.9132421820767854, -0.10563327425136411)
(2578.8, 1105.2, 2210.4);(0.9740318277246109, 0.16557347179265752, 0.15442611183986926)
(2210.4, 1105.2, 2578.8);(0.9813146050590543, 0.0163215314223587, -0.19171659685541356)
(2210.4, 1473.6, 2210.4);(0.5636980206199178, -0.22513127584319265, 0.7947077765986708)
(2578.8, 1473.6, 2578.8);(0.6365963980533559, 0.7321818961880899, 0.24218731775199615)
(2947.2, 1105.2, 2578.8);(0.787429448111047, 0.5817615995918989, 0.20373587187289124)
(2947.2, 1473.6, 2210.4);(0.5949428156445115, 0.6709241664024498, 0.44261022248718884)
(3315.6, 1105.2, 2210.4);(0.6966515509593337, 0.4332584379805662, 0.5718074347755498)
(3315.6, 1473.6, 2578.8);(0.4991358390456548, 0.7125488529373718, 0.4930897954306354)
(3684.0, 1105.2, 2578.8);(0.4691055632266431, 0.5179291167956338, 0.715324681892851)
(3684.0, 1473.6, 2210.4);(0.2709637340727761, 0.7480783446340963, 0.6057701256308768)
(4052.4, 1105.2, 2210.4);(0.11654221148518668, 0.5355259748060187, 0.8364387863138615)
(4052.4, 1473.6, 2578.8);(0.09879184486269099, 0.7068463444182054, 0.7004344485897632)
(368.4, 1842.0, 2210.4);(-0.055714773818362553, -0.9959506410349833, 0.07055625132030988)
(0.0, 1842.0, 2578.8);(-0.004637798206239519, -0.9865244765225482, 0.1635479992225847)
(736.8, 1842.0, 2578.8);(-0.09503477270339965, -0.9935602326171141, 0.06169648400873051)
(1105.2, 1842.0, 2210.4);(-0.17800328193310722, -0.9783422848810813, -0.1056466054102443)
(1473.6, 1842.0, 2578.8);(-0.4715017377097836, -0.8780319647075039, 0.08213391679772114)
(1842.0, 1842.0, 2210.4);(-0.43286718511625066, -0.8763461397551375, 0.21128995098158998)
(2578.8, 1842.0, 2210.4);(0.07044561463524054, 0.5330913123380736, 0.8431198420677418)
(2210.4, 1842.0, 2578.8);(-0.9377741702151556, 0.10048116493302336, 0.3323900437302217)
(2947.2, 1842.0, 2578.8);(0.39368643839828954, 0.8244454171318069, 0.4065719399954094)
(3315.6, 1842.0, 2210.4);(0.2536256234017248, 0.8618787790877466, 0.4391343909468967)
(3684.0, 1842.0, 2578.8);(0.20338683503555965, 0.7860228028289077, 0.5837824498622806)
(4052.4, 1842.0, 2210.4);(0.03570934318144014, 0.867685175420434, 0.4958298893422631)
(0.0, 2210.4, 2210.4);(-0.024411890704503333, -0.9986561918972523, -0.04571509572898214)
(368.4, 2578.8, 2210.4);(-0.13571270456227408, -0.9627746916752575, -0.23376688150806457)
(368.4, 2210.4, 2578.8);(-0.09693997721344544, -0.9941275031158392, -0.04809520107582123)
(0.0, 2578.8, 2578.8);(-0.09556135303916671, -0.9144723959942673, -0.39320257472431136)
(736.8, 2210.4, 2210.4);(-0.12259325488169476, -0.9819448555744718, -0.14406663204344547)
(736.8, 2578.8, 2578.8);(-0.2525438921481798, -0.8458586075880955, -0.4698348630186745)
(1105.2, 2578.8, 2210.4);(-0.2747930954842721, -0.8736357121391164, -0.4015587094676825)
(1105.2, 2210.4, 2578.8);(-0.3419005327834367, -0.9350021003819565, -0.09420773834315359)
(1473.6, 2210.4, 2210.4);(-0.4046125500818629, -0.9095423534704513, -0.09498100631012829)
(1473.6, 2578.8, 2578.8);(-0.9020143550294543, -0.41237875644063554, -0.1277257396035457)
(1842.0, 2578.8, 2210.4);(-0.9279626539131868, -0.3614290318541991, -0.09085355180361199)
(1842.0, 2210.4, 2578.8);(-0.9852118045712165, -0.15771775261882323, 0.06695379483192096)
(2210.4, 2210.4, 2210.4);(-0.889835405552442, -0.27307235449157263, 0.3655467688788261)
(2578.8, 2578.8, 2210.4);(-0.954655296450529, 0.017891943171020438, 0.29717527375021857)
(2578.8, 2210.4, 2578.8);(-0.7837665640242839, 0.34767563329055245, 0.5146179428795514)
(2210.4, 2578.8, 2578.8);(-0.9972801815038335, 0.07322151389843759, 0.008417213440436482)
(2947.2, 2210.4, 2210.4);(-0.16653133450952098, 0.7324498450437755, 0.6601397875615644)
(2947.2, 2578.8, 2578.8);(-0.7635524559860172, 0.3208509706494572, 0.5603947729868849)
(3315.6, 2578.8, 2210.4);(-0.6456600038913702, 0.5728577566261909, 0.5049328173610858)
(3315.6, 2210.4, 2578.8);(0.17848119988224645, 0.815556722017662, 0.5504649802307131)
(3684.0, 2210.4, 2210.4);(0.02096928129973772, 0.8840673315015526, 0.46688889750506635)
(3684.0, 2578.8, 2578.8);(-0.09615205298004376, 0.6222893373229268, 0.7768595518894748)
(4052.4, 2578.8, 2210.4);(-0.025697366398347757, 0.5510652599927398, 0.834066379006685)
(4052.4, 2210.4, 2578.8);(-0.005213056683148453, 0.6048583993909755, 0.7963159804538683)
(0.0, 2947.2, 2210.4);(-0.08221952378152558, -0.6537777629884394, -0.7522064786552766)
(368.4, 2947.2, 2578.8);(-0.218916266569134, -0.5884421547030034, -0.7783389356828544)
(736.8, 2947.2, 2210.4);(-0.281705076293026, -0.6838694734604495, -0.6730265917923809)
(1105.2, 2947.2, 2578.8);(-0.59207928068914, -0.5124777702545703, -0.6219394346506213)
(1473.6, 2947.2, 2210.4);(-0.7027399370790772, -0.48153267682770273, -0.5237202134548962)
(1842.0, 2947.2, 2578.8);(-0.9705313044230025, -0.09374921381440508, -0.2219911530763468)
(2210.4, 2947.2, 2210.4);(-0.9732882278511639, -0.12094320426363289, -0.195148063963715)
(2578.8, 2947.2, 2578.8);(-0.9965795100245105, 0.0784422406075992, 0.026001828546588595)
(2947.2, 2947.2, 2210.4);(-0.9880843509014142, -0.0677192346796992, 0.1382151249253376)
(3315.6, 2947.2, 2578.8);(-0.8292796600643403, 0.16857138255555124, 0.5328029038836802)
(3684.0, 2947.2, 2210.4);(-0.738432546126055, 0.06706318403217304, 0.6709842801208228)
(4052.4, 2947.2, 2578.8);(-0.06884230460762908, 0.40950179467160186, 0.9097082044573676)
(368.4, 3315.6, 2210.4);(-0.2176518304328519, -0.42998565885409284, -0.8762077458508574)
(0.0, 3315.6, 2578.8);(-0.03869331307053669, -0.3279117773302675, -0.9439156179509536)
(0.0, 3684.0, 2210.4);(-0.04487369329400673, -0.23786334840057277, -0.9702615003893656)
(368.4, 3684.0, 2578.8);(-0.18146083407160432, -0.16823369882231107, -0.9689011240981206)
(736.8, 3315.6, 2578.8);(-0.3593224974211904, -0.3619443899419759, -0.8601648687528046)
(736.8, 3684.0, 2210.4);(-0.35405197083034645, -0.25606897649804766, -0.8994864541650361)
(1105.2, 3315.6, 2210.4);(-0.5059920735611062, -0.39111994108651804, -0.7687634312178296)
(1105.2, 3684.0, 2578.8);(-0.44815396170058475, -0.17913033763814637, -0.8758255241483399)
(1473.6, 3315.6, 2578.8);(-0.752426521558969, -0.2544386114248143, -0.6075486175368047)
(1473.6, 3684.0, 2210.4);(-0.6270320453821323, -0.20569156247578846, -0.7513466544745963)
(1842.0, 3315.6, 2210.4);(-0.8485331693303269, -0.23447120751976686, -0.47435715804702805)
(1842.0, 3684.0, 2578.8);(-0.9138703671870453, -0.07158420738203602, -0.3996456595922199)
(2578.8, 3315.6, 2210.4);(-0.9732728262407256, -0.11789032269965564, -0.1970834278044742)
(2210.4, 3315.6, 2578.8);(-0.9683655954656512, -0.002063131246233118, -0.2495271869113982)
(2210.4, 3684.0, 2210.4);(-0.9390476835016712, -0.09970349801497874, -0.3290116420337163)
(2578.8, 3684.0, 2578.8);(-0.9574521851999065, -0.013759922259895358, -0.2882637292399538)
(2947.2, 3315.6, 2578.8);(-0.9984316214874432, -0.045826395010222336, -0.03215958230950847)
(2947.2, 3684.0, 2210.4);(-0.9706443966674492, -0.14063486465097652, -0.19511865636756828)
(3315.6, 3315.6, 2210.4);(-0.9714398704687888, -0.21596487232245715, 0.09830438436981186)
(3315.6, 3684.0, 2578.8);(-0.9682766101893157, -0.04918995413918897, -0.24499133570816825)
(3684.0, 3315.6, 2578.8);(-0.9163845554682998, -0.031872344851315175, 0.399028194659031)
(3684.0, 3684.0, 2210.4);(-0.9637031479352993, -0.2669605754386091, 0.0028798994914964516)
(4052.4, 3315.6, 2210.4);(-0.5595200982566709, -0.3952207519672416, 0.7285175473942226)
(4052.4, 3684.0, 2578.8);(-0.7414362624226413, -0.6295098863158552, -0.23235656176519529)
(368.4, 4052.4, 2210.4);(-0.21247168932275864, -0.07686908033424175, -0.974139068985995)
(0.0, 4052.4, 2578.8);(-0.08323946030221098, -0.07294536440104503, -0.9938562099524234)
(736.8, 4052.4, 2578.8);(-0.2718163640928898, -0.025137456796077463, -0.9620207754914376)
(1105.2, 4052.4, 2210.4);(-0.4495528849450741, -0.06357949099777625, -0.8909881323351195)
(1473.6, 4052.4, 2578.8);(-0.7818951929141296, -0.05552306968724065, -0.6209324407939096)
(1842.0, 4052.4, 2210.4);(-0.8696950891391575, -0.06077792730723923, -0.4898331302387261)
(2578.8, 4052.4, 2210.4);(-0.9586498469729319, -0.032907029131548325, -0.2826793206665634)
(2210.4, 4052.4, 2578.8);(-0.9411215921425147, -0.012204351812410993, -0.3378478986170808)
(2947.2, 4052.4, 2578.8);(-0.9239190468944947, 0.00012005831917190545, -0.3825880034339402)
(3315.6, 4052.4, 2210.4);(-0.9372256060846729, -0.006712301381488985, -0.3486590143813607)
(3684.0, 4052.4, 2578.8);(-0.8850725880343584, -0.0426553894476811, -0.4634943706899034)
(4052.4, 4052.4, 2210.4);(0.12670449219304356, -0.2829752071825939, 0.9507213071021764)
(0.0, 0.0, 2947.2);(0.017432183152766918, 0.14233374055608555, 0.9896652086892018)
(368.4, 368.4, 2947.2);(0.5190889002483106, 0.09265656096480986, 0.8496831617427604)
(736.8, 0.0, 2947.2);(0.9984329590697076, -0.04602633221201687, -0.03183084960249172)
(1105.2, 368.4, 2947.2);(0.9971045640304006, -0.04824719392146877, 0.0587766677215445)
(1473.6, 0.0, 2947.2);(0.9194288941422903, 0.07414240759422216, -0.3862038477441896)
(1842.0, 368.4, 2947.2);(0.762065254290379, 0.03953356894830599, -0.6462922288945997)
(2210.4, 0.0, 2947.2);(0.6073112984538571, 0.007025315023047498, -0.7944328994440732)
(2578.8, 368.4, 2947.2);(0.659056206887404, 0.1312833404087288, -0.740546825456914)
(2947.2, 0.0, 2947.2);(0.6703411010875179, 0.17935480981110474, -0.7200518456266858)
(3315.6, 368.4, 2947.2);(0.6571619896249034, 0.5169836632420108, 0.5485125443716938)
(3684.0, 0.0, 2947.2);(0.011691301122734001, 0.03757866720511818, 0.9992252785278927)
(4052.4, 368.4, 2947.2);(-0.007453197894134292, 0.05192735614598528, 0.9986230517692043)
(0.0, 736.8, 2947.2);(0.12810955156289192, -0.2596461884835645, 0.9571686369727709)
(736.8, 736.8, 2947.2);(0.8084925490122601, -0.14797547905290676, 0.5695990307143447)
(1473.6, 736.8, 2947.2);(0.969732439545115, -0.19547511796094758, -0.14631634888840508)
(2210.4, 736.8, 2947.2);(0.7463314689103193, 0.08591199503125253, -0.6600064148354281)
(2947.2, 736.8, 2947.2);(0.6658041557537379, 0.7428576826526206, -0.06976596236726448)
(3684.0, 736.8, 2947.2);(0.307077782692421, 0.40082561508693487, 0.8631581904071157)
(368.4, 1105.2, 2947.2);(0.36247617986958625, -0.5298729840394518, 0.7667109232378774)
(0.0, 1473.6, 2947.2);(0.10057999036164748, -0.7720524519143082, 0.627549740683522)
(736.8, 1473.6, 2947.2);(0.1811317904430267, -0.9185537207370988, 0.3513550008338224)
(1105.2, 1105.2, 2947.2);(0.5899677445373099, -0.780419165369316, 0.2070844917656064)
(1473.6, 1473.6, 2947.2);(-0.2914980292230627, -0.9545606316116079, 0.06199112465763848)
(1842.0, 1105.2, 2947.2);(0.8337728810348144, -0.16601012254132572, -0.5265580899242925)
(2578.8, 1105.2, 2947.2);(0.5224112617994686, 0.8270894992315344, -0.20738715921198403)
(2210.4, 1473.6, 2947.2);(0.24330279191905307, 0.8342107850566992, -0.49486979857279584)
(2947.2, 1473.6, 2947.2);(0.459168122936526, 0.8393302888641144, 0.291014262664615)
(3315.6, 1105.2, 2947.2);(0.5286554478619092, 0.6794163616244567, 0.5088387023437875)
(3684.0, 1473.6, 2947.2);(0.307859570921306, 0.5991563543533017, 0.7390765505887804)
(4052.4, 1105.2, 2947.2);(0.11423336160208485, 0.37605748772762637, 0.91952787071468)
(368.4, 1842.0, 2947.2);(-0.06085172403537643, -0.9773960600995, 0.2024697740007064)
(1105.2, 1842.0, 2947.2);(-0.33894901827867424, -0.9186342016111109, 0.2030388303705476)
(1842.0, 1842.0, 2947.2);(-0.9883734401821863, -0.13188501702157207, -0.07565900493430819)
(2578.8, 1842.0, 2947.2);(0.1719188761092817, 0.983435940288589, 0.05742518076610774)
(3315.6, 1842.0, 2947.2);(0.2959108057705011, 0.7780534384624692, 0.5541386486475938)
(4052.4, 1842.0, 2947.2);(0.06954565584389269, 0.46940984330094876, 0.8802373547887078)
(0.0, 2210.4, 2947.2);(-0.047232129500483264, -0.9987732897408816, -0.014867469287896694)
(368.4, 2578.8, 2947.2);(-0.13398320285657775, -0.8077929474079366, -0.5740375035398747)
(736.8, 2210.4, 2947.2);(-0.24216918307163252, -0.967858217793423, -0.06785688631345413)
(1105.2, 2578.8, 2947.2);(-0.7786891802567726, -0.5937959618886451, -0.20260680194843936)
(1473.6, 2210.4, 2947.2);(-0.9357403338486774, -0.3290724435164509, 0.1268911128758749)
(1842.0, 2578.8, 2947.2);(-0.9948381049974896, 0.08036331268674, -0.061958718668295075)
(2210.4, 2210.4, 2947.2);(-0.9680223505514212, 0.24424477252945284, 0.057247007999870723)
(2578.8, 2578.8, 2947.2);(-0.9017949640085825, 0.3686095976556666, 0.2255943425817393)
(2947.2, 2210.4, 2947.2);(0.056988419410815866, 0.9220551240034365, 0.3828402647999089)
(3315.6, 2578.8, 2947.2);(-0.14067556642714146, 0.8055253218800904, 0.5756208307735047)
(3684.0, 2210.4, 2947.2);(0.10213572335177833, 0.6011990038802147, 0.7925452994932507)
(4052.4, 2578.8, 2947.2);(-0.0019094110498478966, 0.4848028968241153, 0.8746213497167725)
(0.0, 2947.2, 2947.2);(0.014398308137765657, -0.3318104551737017, -0.9432361902303107)
(736.8, 2947.2, 2947.2);(-0.3940030658463006, -0.5164574848175874, -0.76028497978035)
(1473.6, 2947.2, 2947.2);(-0.9579362644527082, -0.1256795049167782, -0.2579976265206034)
(2210.4, 2947.2, 2947.2);(-0.9818333578625055, 0.16683730366228064, -0.09038014989552291)
(2947.2, 2947.2, 2947.2);(-0.8653605625356909, 0.37373830766256116, 0.33387239208032327)
(3684.0, 2947.2, 2947.2);(-0.20681319919372224, 0.8258406747935966, 0.5246098364458244)
(368.4, 3315.6, 2947.2);(-0.12366990741143256, -0.16762316153674545, -0.9780635100632646)
(0.0, 3684.0, 2947.2);(-0.07634378155576232, -0.14831339553430398, -0.985989231037972)
(736.8, 3684.0, 2947.2);(-0.25783395072158694, 0.014544037516783433, -0.9660797714619682)
(1105.2, 3315.6, 2947.2);(-0.601764219921358, -0.23277322686481805, -0.764000293506082)
(1473.6, 3684.0, 2947.2);(-0.8788671588299248, -0.06324787495576566, -0.47285539379792996)
(1842.0, 3315.6, 2947.2);(-0.9662901994135811, 0.03555796469488938, -0.2549880029805688)
(2578.8, 3315.6, 2947.2);(-0.9845634188690034, 0.13940170790127646, -0.10583968092916081)
(2210.4, 3684.0, 2947.2);(-0.9571729975485517, 0.0591514091312821, -0.2834095332936134)
(2947.2, 3684.0, 2947.2);(-0.956747898369207, 0.08224925664851492, -0.27904931239275993)
(3315.6, 3315.6, 2947.2);(-0.8859197137939919, 0.3728348559108328, 0.2759355557537301)
(3684.0, 3684.0, 2947.2);(-0.862857596490542, 0.43324408890065896, -0.260338870726603)
(4052.4, 3315.6, 2947.2);(-0.12561683726029158, 0.9278060998953841, 0.35127802549211357)
(368.4, 4052.4, 2947.2);(-0.16464664068334556, -0.0018445784155196067, -0.9863508915402055)
(1105.2, 4052.4, 2947.2);(-0.739324956363417, 0.062092286485290686, -0.6704797960097382)
(1842.0, 4052.4, 2947.2);(-0.9348069716320343, -0.026345672429791727, -0.35417768327827653)
(2578.8, 4052.4, 2947.2);(-0.9381062504602059, 0.0352684169141671, -0.34454724148636273)
(3315.6, 4052.4, 2947.2);(-0.8919020454538729, 0.1098500643589693, -0.43868406020224626)
(4052.4, 4052.4, 2947.2);(-0.05810322245703179, -0.14571090916807103, -0.9876195352915631)
(368.4, 0.0, 3315.6);(0.9982553548401021, 0.014917055999026605, -0.05712904666965706)
(0.0, 368.4, 3315.6);(0.21515710534191473, -0.2810133247501861, 0.9352747892110289)
(0.0, 0.0, 3684.0);(0.7878756909053357, -0.6142739937155993, 0.04381045908373729)
(368.4, 368.4, 3684.0);(0.8922898756048343, -0.37510074718207204, 0.25123337229866705)
(736.8, 368.4, 3315.6);(0.9826424975549987, -0.007755441649376819, 0.1853471745770554)
(736.8, 0.0, 3684.0);(0.9947224334456469, -0.09172808675596861, -0.04596997389666538)
(1105.2, 0.0, 3315.6);(0.99506729383461, -0.02251081977123165, -0.09661440748611362)
(1105.2, 368.4, 3684.0);(0.9972742535340253, -0.07215332186084909, 0.01542599697256067)
(1473.6, 368.4, 3315.6);(0.9972368780693215, -0.004853181644364945, -0.07412864255117718)
(1473.6, 0.0, 3684.0);(0.9969255724683143, -0.005923114574186944, -0.07813014573431445)
(1842.0, 0.0, 3315.6);(0.7884781739589843, 0.045863089849296115, -0.6133504269011159)
(1842.0, 368.4, 3684.0);(0.9609423354159898, 0.07848370359697063, -0.26538676733206984)
(2578.8, 0.0, 3315.6);(0.5177181177029474, 0.09967644254637467, -0.8497249892779524)
(2210.4, 368.4, 3315.6);(0.6570123757928068, 0.18625873500276427, -0.7305083310204352)
(2210.4, 0.0, 3684.0);(0.4925833875504785, 0.16191944360572005, -0.8550694124407147)
(2578.8, 368.4, 3684.0);(0.05349542099021816, 0.7064726900211853, -0.7057156496686959)
(2947.2, 368.4, 3315.6);(-0.10890634384681011, 0.8333783035527801, -0.5418671529419467)
(2947.2, 0.0, 3684.0);(-0.9808939982576399, 0.18709155531079752, -0.05332648604143997)
(3315.6, 0.0, 3315.6);(-0.9722998277864358, 0.16499712141759368, 0.16555662116138775)
(3315.6, 368.4, 3684.0);(-0.991100960612954, 0.13227808319545642, 0.014879333930512101)
(3684.0, 368.4, 3315.6);(-0.18651863526848642, 0.25696389819334997, 0.9482512081315051)
(3684.0, 0.0, 3684.0);(-0.9897610241469693, 0.0036828623765418067, -0.1426869006049887)
(4052.4, 0.0, 3315.6);(-0.006459711431433067, 0.16302075894269058, 0.9866014921344747)
(4052.4, 368.4, 3684.0);(-0.1311554060599773, -0.037813078820673106, 0.9906404143438445)
(368.4, 736.8, 3315.6);(0.5566286921304068, -0.26471328184229975, 0.7874588100424504)
(0.0, 736.8, 3684.0);(0.21736673707487933, -0.776070772919476, 0.5920015684384522)
(736.8, 736.8, 3684.0);(0.9150108143286997, -0.04980871054855494, 0.4003427306883692)
(1105.2, 736.8, 3315.6);(0.9596951963815304, -0.031493040390009365, 0.2792728387244435)
(1473.6, 736.8, 3684.0);(0.9999680089008331, 0.007998418171008026, -8.050878873968105e-05)
(1842.0, 736.8, 3315.6);(0.9442367306363103, 0.09195903069750852, -0.31616535735343737)
(2578.8, 736.8, 3315.6);(0.17216175672947973, 0.7625800929470601, -0.6235638951708738)
(2210.4, 736.8, 3684.0);(0.47741493003059426, 0.7295342541979372, -0.4897496876321031)
(2947.2, 736.8, 3684.0);(-0.520428024379427, 0.8537902244533861, -0.014032963634353685)
(3315.6, 736.8, 3315.6);(-0.042492356758037204, 0.803544226396171, 0.5937264318206887)
(3684.0, 736.8, 3684.0);(-0.6592612372466704, 0.03257033060304109, 0.7512082232167043)
(4052.4, 736.8, 3315.6);(-0.04896720151836719, 0.020325267569199293, 0.9985935592991275)
(0.0, 1105.2, 3315.6);(0.12653441067784965, -0.5303052667937743, 0.8383110204006584)
(368.4, 1105.2, 3684.0);(0.2998148356622778, -0.594707914435281, 0.7459447438147411)
(368.4, 1473.6, 3315.6);(0.0674152628574371, -0.6619257800352624, 0.7465316095508429)
(0.0, 1473.6, 3684.0);(-0.18591804724092206, -0.5572265665027143, 0.8092793295851058)
(736.8, 1105.2, 3315.6);(0.5462963638722885, -0.290135723648394, 0.7857363073467707)
(736.8, 1473.6, 3684.0);(-0.17322648043366304, -0.33317305175634443, 0.926816219139442)
(1105.2, 1105.2, 3684.0);(0.928946247669358, 0.09510200498783282, 0.35779110887264093)
(1105.2, 1473.6, 3315.6);(0.06027032455638768, -0.7188299380771833, 0.6925684140226295)
(1473.6, 1105.2, 3315.6);(0.9900897546224393, -0.09036142947716592, 0.1075039062291273)
(1473.6, 1473.6, 3684.0);(0.8663424528964316, 0.4994447960836267, -0.002376967475233572)
(1842.0, 1105.2, 3684.0);(0.7006889997216559, 0.6377437630229671, -0.31987156546709666)
(1842.0, 1473.6, 3315.6);(0.27897467712539764, 0.6643783817288182, -0.6933790416606035)
(2210.4, 1105.2, 3315.6);(0.2825257114556333, 0.7590885507415356, -0.586484266199532)
(2578.8, 1105.2, 3684.0);(-0.1701265601730238, 0.9622209578958545, -0.21257417931084316)
(2578.8, 1473.6, 3315.6);(-0.07118859475219183, 0.9824522712431651, -0.17239407967315568)
(2210.4, 1473.6, 3684.0);(-0.1656051375520902, 0.9457709849806977, -0.2794497850866847)
(2947.2, 1105.2, 3315.6);(0.02917999702033273, 0.99939407793046, 0.01897379169852543)
(2947.2, 1473.6, 3684.0);(-0.23814135617247587, 0.971211186011209, 0.006125899691843825)
(3315.6, 1105.2, 3684.0);(-0.4399290952568822, 0.8461143256228211, 0.30092015406466205)
(3315.6, 1473.6, 3315.6);(0.29313571581536746, 0.7997234362099873, 0.52394071963334)
(3684.0, 1105.2, 3315.6);(0.1812911914449912, 0.3928484962141435, 0.9015561895560041)
(3684.0, 1473.6, 3684.0);(0.08574086285275594, 0.5097150550123392, 0.8560602006465625)
(4052.4, 1105.2, 3684.0);(-0.052044012785532646, -0.3055964033784388, 0.9507377445833008)
(4052.4, 1473.6, 3315.6);(0.06091922299948569, 0.15996012777882315, 0.98524190216927)
(0.0, 1842.0, 3315.6);(-0.0988955801070355, -0.7908392477452336, 0.6039809172987554)
(368.4, 1842.0, 3684.0);(-0.6550083585631642, -0.36062628087880355, 0.6640126021032371)
(736.8, 1842.0, 3315.6);(-0.28888084062198155, -0.8728052505666224, 0.3933940194065902)
(1105.2, 1842.0, 3684.0);(-0.7818165611173667, -0.27652177397588923, 0.5588368037986062)
(1473.6, 1842.0, 3315.6);(-0.9476650226119013, -0.2738964858972133, 0.16404791961845222)
(1842.0, 1842.0, 3684.0);(-0.19858255442003486, 0.9360305677471312, -0.29053699475797773)
(2210.4, 1842.0, 3315.6);(-0.1964529764062434, 0.938346579012792, -0.28445021658652014)
(2578.8, 1842.0, 3684.0);(-0.31563952092985026, 0.9420334039174276, -0.11377503562257986)
(2947.2, 1842.0, 3315.6);(0.03986716680479972, 0.9779103288515097, 0.20518771341503442)
(3315.6, 1842.0, 3684.0);(-0.06010317830161162, 0.9388418956698312, 0.33906268283773483)
(3684.0, 1842.0, 3315.6);(0.20496658992711098, 0.5120856318633269, 0.8341204964828456)
(4052.4, 1842.0, 3684.0);(0.17422048622535122, 0.10164549668286381, 0.9794464840834829)
(368.4, 2210.4, 3315.6);(-0.22663538887081422, -0.9713920937581092, -0.07094928255882363)
(0.0, 2578.8, 3315.6);(0.07085006984212212, -0.21390676755557594, -0.9742813568971189)
(0.0, 2210.4, 3684.0);(-0.04605613332724394, 0.9171985931243407, -0.3957594892781134)
(368.4, 2578.8, 3684.0);(-0.023432395427683047, 0.5396589653589019, -0.8415575583121337)
(736.8, 2578.8, 3315.6);(-0.581203087269168, -0.7152886957035932, -0.38802712939618067)
(736.8, 2210.4, 3684.0);(-0.8769827351644438, -0.37379065463867084, 0.30196329036537706)
(1105.2, 2210.4, 3315.6);(-0.8339018737737363, -0.47054644944404034, 0.2884331878135016)
(1105.2, 2578.8, 3684.0);(-0.9914474983414047, 0.11815601714120064, -0.05541672713088153)
(1473.6, 2578.8, 3315.6);(-0.9947044887231881, 0.06838655738632217, -0.07672195828306443)
(1473.6, 2210.4, 3684.0);(-0.962164557544464, 0.2541604465003397, -0.09819282886246819)
(1842.0, 2210.4, 3315.6);(-0.9797912798486971, 0.15772720834606743, -0.12300884390891752)
(1842.0, 2578.8, 3684.0);(-0.9417382773237671, 0.3096336810037778, -0.13136209731621262)
(2578.8, 2210.4, 3315.6);(-0.3131949035009183, 0.9478183242375748, 0.05957664526075319)
(2210.4, 2578.8, 3315.6);(-0.9487576670749577, 0.3152632108691449, -0.021633239215635064)
(2210.4, 2210.4, 3684.0);(-0.4672229949966486, 0.8823359122043634, -0.0564447604375799)
(2578.8, 2578.8, 3684.0);(-0.49175380296602517, 0.8616602707026901, 0.12537852751176518)
(2947.2, 2578.8, 3315.6);(-0.3369352020798219, 0.8899234272366383, 0.30742635419694475)
(2947.2, 2210.4, 3684.0);(-0.31849091981021793, 0.9400130941370792, 0.12222486182964604)
(3315.6, 2210.4, 3315.6);(0.04438910166102825, 0.8685031683065072, 0.4936920642417555)
(3315.6, 2578.8, 3684.0);(-0.21015989491170406, 0.952708744610781, 0.21949684852601237)
(3684.0, 2578.8, 3315.6);(-0.04678146123636279, 0.8983279907188106, 0.43682755862662215)
(3684.0, 2210.4, 3684.0);(0.040216871999489257, 0.9080215767837255, 0.4169885121940098)
(4052.4, 2210.4, 3315.6);(0.029714935234268516, 0.36207392481481926, 0.9316756386174407)
(4052.4, 2578.8, 3684.0);(0.010658074659218605, 0.9893956208025144, 0.14485410239743124)
(368.4, 2947.2, 3315.6);(-0.0012110159402379272, -0.027641947447175304, -0.9996171548056385)
(0.0, 2947.2, 3684.0);(0.03190501734747633, -0.1418333653631058, -0.9893762511490929)
(736.8, 2947.2, 3684.0);(-0.5197920092610415, 0.5211836239296708, -0.6768928255314167)
(1105.2, 2947.2, 3315.6);(-0.8995286470978398, -0.16405291476226216, -0.40488869360397794)
(1473.6, 2947.2, 3684.0);(-0.9735714741754876, 0.19447040080182304, -0.11974910389537786)
(1842.0, 2947.2, 3315.6);(-0.9715373738381998, 0.19622373713376107, -0.13270786043348995)
(2578.8, 2947.2, 3315.6);(-0.9220287638305036, 0.3704913068889482, 0.11224593617994627)
(2210.4, 2947.2, 3684.0);(-0.9437329075353854, 0.3262213915126999, -0.05429367324399195)
(2947.2, 2947.2, 3684.0);(-0.38346175444124314, 0.9007010951683273, 0.20419260526135508)
(3315.6, 2947.2, 3315.6);(-0.28996454075616174, 0.8989604421019897, 0.32831492296248665)
(3684.0, 2947.2, 3684.0);(-0.10540829117289612, 0.9854790218848118, 0.13311720240812014)
(4052.4, 2947.2, 3315.6);(0.000860038510027616, 0.9786762954804701, 0.2054068377595664)
(0.0, 3315.6, 3315.6);(-0.06641422493839615, -0.17061565154160374, -0.9830968671371435)
(368.4, 3315.6, 3684.0);(-0.3409007543856255, 0.27517607270057365, -0.8989242485729263)
(368.4, 3684.0, 3315.6);(-0.21662475495633593, 0.10236858513293874, -0.9708730031873313)
(0.0, 3684.0, 3684.0);(-0.10442194626260543, 0.04752475661786493, -0.9933969270372957)
(736.8, 3315.6, 3315.6);(-0.29710761950995923, 0.20729443195590747, -0.9320708561634158)
(736.8, 3684.0, 3684.0);(-0.8526617860192962, 0.33078646331414313, -0.40441092263996165)
(1105.2, 3315.6, 3684.0);(-0.8655043237882621, 0.3405441933147859, -0.367330801735173)
(1105.2, 3684.0, 3315.6);(-0.8011076629946854, 0.20877679735271223, -0.560926698578645)
(1473.6, 3315.6, 3315.6);(-0.9636261317747523, 0.03837748075690589, -0.26448411508364916)
(1473.6, 3684.0, 3684.0);(-0.964314378606307, 0.11899229182775203, -0.23651345352582182)
(1842.0, 3315.6, 3684.0);(-0.9763764242503155, 0.18841007623188924, -0.10578620582316801)
(1842.0, 3684.0, 3315.6);(-0.9669635455630391, 0.055969632651178394, -0.24869439433378585)
(2210.4, 3315.6, 3315.6);(-0.9692277210605167, 0.20586816862218232, -0.13496637313044327)
(2578.8, 3315.6, 3684.0);(-0.938785459393173, 0.34424285923246106, -0.013368436685309314)
(2578.8, 3684.0, 3315.6);(-0.9626668523885331, 0.16247738579873347, -0.21650318800508137)
(2210.4, 3684.0, 3684.0);(-0.9799505018326787, 0.1598034561387335, -0.11899524933373125)
(2947.2, 3315.6, 3315.6);(-0.9088257685454001, 0.3916336312950633, 0.14373176846649174)
(2947.2, 3684.0, 3684.0);(-0.9345000107525941, 0.3426006137164766, -0.09661547176562912)
(3315.6, 3315.6, 3684.0);(-0.27072570554399966, 0.9582740151125616, 0.09175240769458695)
(3315.6, 3684.0, 3315.6);(-0.88887645200023, 0.4221261710721379, -0.17806782071856472)
(3684.0, 3315.6, 3315.6);(-0.1855386731511108, 0.9758384801432339, 0.11538917382955985)
(3684.0, 3684.0, 3684.0);(-0.3119643579171616, 0.9235070544013138, -0.223188171416726)
(4052.4, 3315.6, 3684.0);(-0.06259382446779031, 0.9972500226774761, 0.039678777807148506)
(4052.4, 3684.0, 3315.6);(-0.02759647075236267, 0.9975664332131665, -0.06402847904155592)
(0.0, 4052.4, 3315.6);(-0.04551913542826827, 0.0759475380541393, -0.9960722763802725)
(368.4, 4052.4, 3684.0);(-0.9964745750201321, 0.06131680786582992, -0.05725967526620945)
(736.8, 4052.4, 3315.6);(-0.8827335398039843, 0.14025294925551685, -0.44845357388503115)
(1105.2, 4052.4, 3684.0);(-0.9526757092037146, 0.07458261569634601, -0.2946971776741183)
(1473.6, 4052.4, 3315.6);(-0.9253180020668242, 0.0064494847198726495, -0.3791371772827202)
(1842.0, 4052.4, 3684.0);(-0.9797978933947479, 0.017894442154598445, -0.1991880444183092)
(2210.4, 4052.4, 3315.6);(-0.9643339256595557, 0.03307315501088416, -0.2626142536871459)
(2578.8, 4052.4, 3684.0);(-0.9785890574915854, 0.07078728345754058, -0.1932682515532034)
(2947.2, 4052.4, 3315.6);(-0.9361745605636523, 0.08234208881649767, -0.34175572059994624)
(3315.6, 4052.4, 3684.0);(-0.7680949676318976, 0.21366695515649065, -0.6036361097322694)
(3684.0, 4052.4, 3315.6);(-0.3372104852243666, 0.19100654995825683, -0.9218490041909202)
(4052.4, 4052.4, 3684.0);(-0.5535024119765428, 0.8177469643228836, -0.15787647790870502)
(368.4, 0.0, 4052.4);(0.987192074345762, -0.08685746654885512, 0.1338192394748465)
(0.0, 368.4, 4052.4);(0.17397711275284064, -0.9829960527740489, -0.05874286738681171)
(736.8, 368.4, 4052.4);(0.9924384803043236, -0.11870100554873662, 0.031239943869403625)
(1105.2, 0.0, 4052.4);(0.9993436624889941, -0.03514301625215142, -0.00878707299300339)
(1473.6, 368.4, 4052.4);(0.999598546284952, 0.01157094758293071, -0.02586231693107751)
(1842.0, 0.0, 4052.4);(0.980193466097967, 0.15678839853911472, -0.12098829324522896)
(2578.8, 0.0, 4052.4);(-0.9831312080777013, 0.06251433868931615, -0.17188654735585632)
(2210.4, 368.4, 4052.4);(0.6521195584458671, 0.6707170366491682, -0.35338185895844404)
(2947.2, 368.4, 4052.4);(-0.9988269916463306, 0.03029412667356946, -0.037774417901892926)
(3315.6, 0.0, 4052.4);(-0.9961476385459013, -0.06022955385938516, -0.06373604209020121)
(3684.0, 368.4, 4052.4);(-0.91734289428734, -0.3963516435558347, 0.037247670411918295)
(4052.4, 0.0, 4052.4);(-0.8759767929186346, -0.46332381726290306, -0.13414804741372724)
(368.4, 736.8, 4052.4);(0.6815309156092573, -0.6923745483359646, 0.23692424081418179)
(1105.2, 736.8, 4052.4);(0.9983168844479068, -0.04338529731672839, 0.038485246562339405)
(1842.0, 736.8, 4052.4);(0.9497973165822541, 0.25062504140756403, -0.187275588458844)
(2578.8, 736.8, 4052.4);(-0.07523858952423608, 0.9964564148926777, -0.037600104596065935)
(3315.6, 736.8, 4052.4);(-0.9931611590385985, -0.11352180179420236, 0.02727109632019901)
(4052.4, 736.8, 4052.4);(-0.49903990921738967, -0.5617731844369316, 0.659825778714267)
(0.0, 1105.2, 4052.4);(-0.07065718320322624, -0.9686145728904637, 0.238313599372781)
(368.4, 1473.6, 4052.4);(-0.7103433532220618, -0.5450557923032557, 0.44533863947552005)
(736.8, 1105.2, 4052.4);(0.9348592487848486, 0.02094196676295194, 0.3544003653913579)
(1105.2, 1473.6, 4052.4);(0.9662310270585773, 0.23396928481963267, 0.1079628459717342)
(1473.6, 1105.2, 4052.4);(0.9955450519055283, 0.06236474152751858, -0.07071554737555773)
(1842.0, 1473.6, 4052.4);(0.02169430445065276, 0.999550319347169, 0.02070063398485445)
(2210.4, 1105.2, 4052.4);(-0.044660325423926735, 0.997277864655187, -0.05867125362406699)
(2578.8, 1473.6, 4052.4);(-0.2858519192362097, 0.9540967593865117, -0.08937591396529729)
(2947.2, 1105.2, 4052.4);(-0.23910781605353573, 0.9695549526405834, 0.05282656634899436)
(3315.6, 1473.6, 4052.4);(-0.18990923646100544, 0.9747225545260262, 0.1176878226710639)
(3684.0, 1105.2, 4052.4);(-0.9646673780179174, -0.23713419583798878, 0.1148225716151086)
(4052.4, 1473.6, 4052.4);(-0.41498223059185446, -0.515485204318713, 0.7497097787954373)
(0.0, 1842.0, 4052.4);(-0.22277205193266533, 0.9728248676845004, -0.06312202224536395)
(736.8, 1842.0, 4052.4);(-0.8258692160257687, -0.30829013937217914, 0.472119929664979)
(1473.6, 1842.0, 4052.4);(-0.20034875561644624, 0.9765182330082017, -0.07919922174794893)
(2210.4, 1842.0, 4052.4);(-0.26709216342264797, 0.9598211931674108, -0.08605261986074261)
(2947.2, 1842.0, 4052.4);(-0.3525447774661705, 0.9357571806065859, -0.008407069914182844)
(3684.0, 1842.0, 4052.4);(0.11428380694703105, 0.9708202041114041, 0.21082538452184896)
(368.4, 2210.4, 4052.4);(-0.40722506550595716, 0.9076344050467001, -0.10182108229237932)
(0.0, 2578.8, 4052.4);(0.1624960658789932, 0.9801377129369298, -0.1136885757348314)
(736.8, 2578.8, 4052.4);(-0.6991827865687876, 0.6948518097713252, -0.1682985247214575)
(1105.2, 2210.4, 4052.4);(-0.9665091013982409, 0.2548929072453806, 0.02982889120237094)
(1473.6, 2578.8, 4052.4);(-0.95182229029532, 0.30272687375190077, -0.04889547632830802)
(1842.0, 2210.4, 4052.4);(-0.5650567630258737, 0.8236297969593077, -0.048423260108045194)
(2578.8, 2210.4, 4052.4);(-0.3831245536342122, 0.9236771680098789, 0.006005472490623004)
(2210.4, 2578.8, 4052.4);(-0.6957067133693919, 0.7179413023286325, 0.023504369453911263)
(2947.2, 2578.8, 4052.4);(-0.3105452986972823, 0.9488775068506348, 0.056507472514166344)
(3315.6, 2210.4, 4052.4);(-0.2661462618471351, 0.9603141804626498, 0.08344364629584253)
(3684.0, 2578.8, 4052.4);(-0.10580692360928898, 0.99074087802376, 0.08507295415728353)
(4052.4, 2210.4, 4052.4);(0.13089926228489518, 0.987637197766067, 0.0862447025739019)
(368.4, 2947.2, 4052.4);(-0.19085946831744197, 0.9323101073973781, -0.3071978629454844)
(1105.2, 2947.2, 4052.4);(-0.8868897293675438, 0.44701730568346637, -0.11662819711312966)
(1842.0, 2947.2, 4052.4);(-0.9596668623487654, 0.27860772254854776, -0.03764638423523675)
(2578.8, 2947.2, 4052.4);(-0.7122451751835972, 0.7003031596806456, 0.04777337091927551)
(3315.6, 2947.2, 4052.4);(-0.16624793307028946, 0.9852810999848624, 0.03978415215228561)
(4052.4, 2947.2, 4052.4);(-0.029758231112144505, 0.9985800135002451, 0.044186019496292195)
(0.0, 3315.6, 4052.4);(-0.5269775314616446, -0.20690668089133005, -0.8243083808485296)
(368.4, 3684.0, 4052.4);(-0.9936238425159064, -0.07463458058997544, -0.08450644332879835)
(736.8, 3315.6, 4052.4);(-0.7272328048797012, 0.6547961887828617, -0.20585042788938118)
(1105.2, 3684.0, 4052.4);(-0.9468508274904809, 0.29833509710762257, -0.12028998426459715)
(1473.6, 3315.6, 4052.4);(-0.9658051705014902, 0.24713314491851188, -0.07839375813974837)
(1842.0, 3684.0, 4052.4);(-0.9869174154429509, 0.15310324230161512, -0.05053130012318072)
(2210.4, 3315.6, 4052.4);(-0.9611646478084648, 0.27566939718994865, -0.012996278550413697)
(2578.8, 3684.0, 4052.4);(-0.959477055021543, 0.2815053182553881, 0.012591135021100684)
(2947.2, 3315.6, 4052.4);(-0.7064550617416715, 0.706857554956536, 0.03568813164679231)
(3315.6, 3684.0, 4052.4);(-0.8085955088940588, 0.5747869454305397, -0.12567127897410674)
(3684.0, 3315.6, 4052.4);(-0.07599430829938243, 0.9970767945313996, -0.007920284912026537)
(4052.4, 3684.0, 4052.4);(-0.041178633147967075, 0.9880833610693026, -0.14830910878990325)
(0.0, 4052.4, 4052.4);(-0.9759214689103188, -0.14074809618727932, 0.16663511016464083)
(736.8, 4052.4, 4052.4);(-0.9972958357583795, -0.0008821207190779348, -0.07348631057572529)
(1473.6, 4052.4, 4052.4);(-0.9904647929290191, 0.04683102443016735, -0.129562143849568)
(2210.4, 4052.4, 4052.4);(-0.9945268556015746, 0.08604009854266749, -0.05927423495932045)
(2947.2, 4052.4, 4052.4);(-0.9589217404504956, 0.2409091290823415, -0.14977278529886578)
(3684.0, 4052.4, 4052.4);(-0.9949492724058314, 0.10017813436455118, 0.00634718318189079)
