(5.20856, 2.93685, 0.926722);(-0.8435682681793805, 0.08043700125762855, 0.5309637141552341)
(1.98511, 0.239867, 2.12148);(0.14819291634593107, 0.9420858495526095, -0.30085397058643865)
(1.9095, 2.36491, 1.12442);(0.5387194906474744, 0.7642582351607239, 0.3545287863989912)
(1.70077, 1.04167, 0.264969);(0.38920904729462485, -0.28920189155455023, -0.8745733722365897)
(0.792054, 1.24124, 1.03788);(0.6484630549364875, -0.5359684116429814, -0.5405862818305119)
(0.312482, 2.5306, 2.04306);(0.9485614663858661, -0.018259722604434474, 0.3160660168672118)
(0.0387117, 1.76221, 1.47804);(-0.2264622294196633, -0.116978434850768, 0.9669699604569629)
(1.08864, 0.968437, 2.03564);(0.20320086544380334, 0.6107124793073136, -0.7653363155510153)
(1.82464, 0.0280016, 0.0182966);(0.6894943061103391, -0.04325089877820792, -0.7229985903141851)
(2.37014, 0.424205, 0.869464);(0.6563002809651887, 0.7104574563294649, -0.254008157252638)
(1.19146, 1.97465, 1.82286);(0.7897110150198738, 0.18961064341400685, 0.5834417851511896)
(2.38197, 1.77035, -0.109573);(0.27555766751664884, -0.563300768412993, 0.7789481472974409)
(2.47541, 1.48872, 2.37359);(0.3613547006628801, -0.6834889705137056, 0.6342441229486918)
(3.10353, 0.634084, 1.75071);(0.5194244804763423, -0.1038091421749486, 0.8481874032799492)
(4.18373, 0.187882, 0.734513);(0.6601012063687824, 0.7439562749798055, -0.10390119474120538)
(0.483806, 4.56442, 0.805047);(0.041169197727907746, -0.9933754453248954, -0.1072861677198226)
(2.06191, 1.27896, 1.38742);(-0.9926819053857803, 0.08769532889446745, -0.08301905811166495)
(3.95291, 2.10951, 1.18458);(-0.4277165893203097, 0.8864854222012101, 0.17664120539937356)
(3.08539, 1.27024, 0.744801);(-0.00391081433857837, -0.566080028127852, 0.8243410139535576)
(4.0942, 0.94188, 1.96263);(-0.7722335677975376, -0.5886661405649759, 0.23901358061629505)
(3.11947, 1.83422, 1.73581);(-0.08442621691209123, 0.6919153549167497, 0.7170253520820172)
(3.4, 3.55727, 0.193239);(-0.8684616077452343, 0.11550874655020879, 0.4821121916555961)
(4.67994, 1.25334, 1.14546);(0.7762221003894976, 0.048247786495295916, -0.6286106918954059)
(4.52621, 2.50219, 0.313433);(0.39047209264885246, 0.8027105833018264, 0.4507629801987599)
(3.01476, 2.58271, 0.964663);(0.36728584442194206, -0.31828580984597143, 0.8739538041212219)
(1.28945, 3.34687, 1.4796);(-0.15794474525688196, 0.5964947937734717, 0.7869227525284054)
(1.05327, 3.38035, 0.496123);(-0.25058489201389383, -0.06408461649218633, 0.9659712075540526)
(3.27718, 3.8681, 1.77824);(0.1801692782888066, 0.8519922464219778, -0.49157730134509103)
(2.47494, 3.64555, 1.1418);(0.5980798506985867, -0.67006362375667, -0.43967628126433694)
(4.78536, 2.63754, 1.94658);(-0.6251478016776381, 0.5783814442012468, -0.5240850418217414)
(0.675816, 2.5355, 0.939068);(-0.9142730914249267, -0.3090920868990286, -0.26185262288682737)
(1.71004, 4.25944, 1.03294);(0.9187493394686538, 0.3678381952087076, -0.14350858291932725)
(2.22225, 3.57255, 2.31576);(0.6065802878440923, 0.7947903037038584, -0.01920227948205094)
(0.249648, 3.53004, 1.24135);(0.9547045434442165, 0.2478019641187843, -0.16472225504115343)
(0.540541, 3.75227, 2.32779);(0.5038210366863057, -0.4788853583365112, -0.7189111047711306)
(1.54535, 4.29048, 2.18959);(-0.04276037523733142, 0.2791036985554366, 0.9593084361988268)
(3.53478, 4.71769, -0.121658);(0.9133536818971162, 0.3544466551866599, -0.20038118771973207)
(0.502688, 4.93831, 2.24591);(0.025570382370970323, 0.9305209359633376, 0.3653449647652426)
(3.88517, 4.22878, 0.931874);(0.6956074113004304, -0.680049873523163, -0.23165167572250328)
(3.95178, 2.15879, 2.27775);(0.8155998493699799, -0.31525832976469764, -0.48518972703638236)
(2.1766, 3.09479, 0.276869);(-0.4485236620521896, 0.22128839704463538, -0.8659433987927323)
(2.16834, 2.50242, 2.366);(-0.3322414732280029, -0.0710072773324101, 0.940517713832719)
(2.65506, 4.65114, 0.498679);(-0.6516470773238539, -0.7475874073795915, -0.12833220539965734)
(4.13712, 3.38011, 2.08435);(-0.2528439559822794, 0.7917277592868287, 0.5560909000315403)
(3.22629, 2.75687, 1.99236);(-0.4765582619382069, -0.790796522727842, 0.3841003548813632)
(4.25824, 4.51507, 1.90429);(-0.7406964968393028, -0.32278865855677547, -0.5892165828259606)
(4.86964, 4.19081, 1.08192);(-0.15137830281405332, -0.9863679867121457, 0.06451979716773226)
(4.13252, 3.19733, 1.04563);(0.4636792639845963, 0.8859776414060209, 0.006720050545007842)
(0.123394, 1.67765, 0.159084);(0.25654243033195595, -0.5293479555183309, -0.8086882733340064)
(4.86376, 5.06588, 2.5685);(0.4049740952681653, 0.605778592936749, 0.6848563926118406)
(0.339585, 2.88071, 0.0390919);(0.6367107799651724, 0.7270729746720126, 0.25683510698059303)
(3.82824, -0.191498, 1.90895);(-0.6614863630532423, -0.4460245994415684, 0.6029078272734422)
(1.36588, 0.330679, 1.10901);(0.7060075967027929, -0.3506455792303093, 0.6153055754372679)
(2.1316, 5.03045, 2.45545);(-0.4141392661713271, -0.033201213806279224, 0.9096077987885023)
(1.9047, 5.18002, 1.24913);(-0.31029647968132423, -0.9290946378630017, -0.2012442510771307)
(4.62593, 4.98702, 0.363027);(0.5426050134182012, 0.2846427003083787, 0.7902900306688602)
(3.02211, 4.95877, 1.31519);(0.6784069867909542, -0.2600118624800141, 0.6871373892045843)
(1.18891, 2.92842, 2.6774);(-0.36190044942996913, -0.6395738051452361, -0.6782133974453984)
(1.43923, 2.37553, 0.0824626);(0.6235411304488154, -0.47336669789963004, -0.6221900256016758)
(4.47365, 4.03366, 0.162411);(-0.6634626242051516, 0.6926647385012356, -0.28290087719876167)
(4.05819, 1.50251, 0.282353);(0.8156831945620269, 0.38380014160656384, -0.43284913932208335)
(1.29005, 0.922237, 3.34284);(0.33297331548181464, -0.5869287732049511, 0.7379995842554243)
(0.471829, 0.458925, 2.79489);(0.8139469508860677, 0.3636448419690415, 0.4530483308131529)
(2.30748, 1.1719, 4.1729);(0.0646792350087848, 0.997796367477625, 0.014798838033261303)
(1.34621, 1.17705, 4.38795);(-0.5450608827669128, -0.3312587751423176, 0.7701793673999356)
(0.795145, 2.6492, 4.18348);(0.6703210631256697, -0.7020497968955904, -0.24040747702376472)
(2.93744, 3.04133, 4.86593);(-0.3029474962703583, -0.5265658279555341, 0.7943243942703911)
(1.9618, 0.189987, 3.49887);(0.35866593620345133, -0.05716434658735535, -0.9317140031611323)
(1.95702, 1.83887, 3.31999);(0.11120535875261814, -0.6135287650624948, 0.7818029308115899)
(1.85866, 4.73586, 4.70348);(-0.48838149446870593, -0.6161381774336587, 0.6179460026323033)
(2.86633, 1.71489, 5.10513);(-0.06649268367096743, -0.9975866267250088, 0.01999112797344878)
(0.530103, 2.35572, 3.20376);(0.7527326449418158, 0.5472992460325163, 0.3658648664891691)
(2.83814, 0.249349, 2.65805);(-0.10042599291092925, 0.8036585517662344, 0.5865556683903524)
(2.9591, 2.28969, 4.17001);(-0.36009044412362023, 0.39571457593058423, 0.8448342124031979)
(0.335987, 2.23927, 4.94582);(-0.6922215689897002, -0.6048234084515153, 0.3937231819623139)
(0.285825, 0.520591, 4.04115);(-0.4103247536647524, 0.7958948028511154, 0.4451798056117823)
(3.0239, 0.60895, 4.88024);(0.7616619669632518, 0.35178736739954997, 0.5441660557401244)
(3.18075, 0.956409, 3.69365);(0.6706065045127738, 0.6993736363894978, 0.247312419478864)
(4.62492, 1.65197, 2.766);(-0.44493997021792264, -0.8483518389406531, 0.2869278311152234)
(4.96483, 1.182, 3.8116);(-0.3292718508281569, 0.8030997994756764, 0.49659919485871906)
(3.94621, 1.77165, 3.55151);(0.24225954016342108, -0.396252651286101, 0.8856038344251583)
(0.412982, 1.63744, 4.03908);(0.9689925884599744, -0.23961559181934655, -0.06031361095725435)
(3.05545, 2.30798, 3.06433);(-0.3977765817406509, 0.6913637421287445, -0.6031500369629949)
(4.64956, 2.7079, 3.98872);(0.5928509874119331, 0.4144953325405244, 0.6904500894538403)
(3.4569, 1.29082, 2.73036);(0.7560491821431418, 0.15535766388800623, -0.6358094293512386)
(4.12739, 0.935832, 4.28658);(-0.5167487929251846, -0.5870315420113502, 0.6231890994667196)
(3.28083, 3.41547, 2.79751);(0.21989635082901182, 0.9528318299223093, -0.20918197527269855)
(4.40839, 1.51268, 5.08935);(-0.6342125618071113, 0.7056297394281763, -0.31600806521445773)
(4.74853, 4.76239, 3.73206);(0.7500730419928633, 0.12133386480634152, 0.6501296216345851)
(4.22879, 4.6797, 4.59701);(0.14096529819057138, -0.28481578582435896, 0.9481607210021391)
(4.00057, 2.59551, 4.91809);(-0.15903701860002872, -0.987251146812685, 0.006511515326884928)
(3.93671, 3.61527, 4.71207);(-0.6844704208335228, -0.34806051112340747, -0.6405888881337954)
(0.822518, 4.48377, 4.33789);(-0.6405636773889388, 0.7480764084489996, -0.1733778023046925)
(2.46668, 5.22345, 3.59885);(0.48627740892643484, -0.37506831097608745, -0.7892135602416737)
(5.02084, 3.66256, 4.05907);(-0.7400482591372523, -0.09145243508978669, -0.6663070060145478)
(1.88642, 2.89433, 4.00444);(0.341239442033878, 0.93362596409651, 0.10907888138989018)
(3.98112, 4.0086, 3.74894);(0.4387194978605892, -0.5668989368406664, 0.6972451488578995)
(1.29555, 3.56348, 4.5037);(-0.32192584597398805, -0.5910622530458423, 0.7396006778784785)
(1.93816, 3.96155, 3.85859);(-0.4615847744315213, -0.7792751254290313, -0.42387471604304144)
(4.81531, 3.82769, 2.9338);(-0.18941508138860275, 0.15999056867558187, -0.9687749712277941)
(0.780001, 3.37577, 3.49396);(-0.511712272627679, -0.8408864234396893, 0.1762401001957938)
(2.92967, 3.53776, 3.88655);(0.5668074300690322, -0.27851965839294285, -0.775342593378706)
(0.935674, 4.4112, 3.16061);(-0.45879372091991477, -0.7713323461784743, -0.44108359001811615)
(0.24457, 3.47595, 4.41238);(-0.4679309583081108, 0.0291652097427941, -0.883283651381317)
(3.97318, 4.77638, 3.15429);(-0.9639284961548041, -0.26481984725123475, 0.026689001528168426)
(2.10973, 2.21676, 4.86673);(0.8813313527439255, 0.4249111432485898, 0.20665325309256322)
(3.75897, 2.97813, 3.66641);(0.409358193294962, 0.8197373067448985, 0.40057036524548933)
(4.77648, 2.7983, 2.94468);(0.6524314669766228, 0.5983349844959913, -0.46511119877607077)
(2.60448, 4.19944, 3.1367);(0.7405371238092947, 0.6580070400503212, 0.13649726555675823)
(2.74445, 4.0804, 4.67388);(0.674435505249237, 0.4013286573775066, -0.6197354742362055)
(2.94901, 4.75898, 7.04304);(-0.6321163278629595, -0.5256224936765642, 0.569341674383913)
(1.23597, 1.81378, 6.68887);(0.8127496565319664, -0.25380405931953887, -0.524424918630012)
(0.289191, 2.10433, 5.9575);(-0.5627235659272001, 0.7654403131594059, 0.31215911862479134)
(1.94551, 0.950014, 6.71869);(-0.6568708421064053, -0.7539968866726164, -0.00306458454340837)
(1.17805, 0.917517, 7.31985);(-0.42747559556382736, -0.7272691989724384, 0.5369768406768946)
(2.3722, 1.18971, 7.75138);(-0.08617453512342435, -0.6781837015670725, 0.7298224554129898)
(1.15282, 1.96604, 5.36196);(-0.4030096476736719, -0.44508157734713366, 0.7996784437435651)
(0.616218, 1.01982, 6.37057);(0.5099994979408163, 0.6029583854641473, -0.61346694898632)
(2.01878, 0.310477, 5.60413);(0.40629256209026937, -0.8865733964401951, -0.22116502145371264)
(3.42748, 2.10071, 7.18283);(-0.014316464755976832, -0.638367721643963, -0.7695983957883401)
(3.60698, 4.48524, 7.84229);(0.09728974863672668, 0.8202251777960884, 0.5637068054579238)
(2.99066, 2.45235, 5.78396);(-0.1404888207420951, 0.9738707648163312, 0.17843381036829822)
(2.97599, 1.10443, 6.59519);(0.8816497822672295, -0.4675404639973518, 0.06402793104019419)
(3.63307, 1.16908, 7.73138);(-0.1934209330116209, 0.9810908221722761, 0.007010087177862223)
(2.77541, 2.66637, 7.92067);(0.7453380834918155, 0.47707961790155556, -0.4656889299518006)
(3.96702, 2.07304, 6.06811);(0.31800339811693923, -0.9397763609713766, 0.12527661451953612)
(2.043, 1.53902, 5.8421);(-0.4557539511429773, -0.5151216488968824, -0.7259049681985388)
(4.77842, 0.661486, 5.895);(-0.3514395821465257, -0.4556486462492718, -0.8178474987868345)
(5.01397, 3.01529, 5.26056);(-0.22623162764229054, 0.6800296963516538, 0.6974086769851646)
(3.76255, 0.990976, 5.77951);(-0.9107157450336728, 0.1421224085101061, -0.3878118780375981)
(2.29613, 1.9421, 6.88366);(0.6791458723654429, -0.42719499891684537, 0.5968796503060044)
(4.06596, 2.96562, 7.05166);(-0.6061135895352395, 0.7332933219725307, -0.3080701552101361)
(1.07366, 2.76807, 6.22179);(-0.7395888124234883, -0.5032400686034985, -0.44694275012574086)
(0.738048, 0.690426, 5.24979);(0.41346591564596236, -0.33443074211264834, 0.8468778042486586)
(3.04295, 4.81434, 5.92691);(-0.760864082534082, 0.021549553387705752, 0.6485533629998075)
(1.92245, 4.69694, 5.65795);(-0.82210097228265, -0.16338745303782554, -0.5453939232900692)
(0.256574, 3.25494, 6.49693);(-0.15505802294235296, -0.845860783328066, 0.5103690280070287)
(0.725337, 2.54302, 7.31868);(-0.5621184431949461, -0.46758968778216287, 0.682189665488909)
(2.16235, 4.0344, 6.52047);(0.6202349294137087, -0.15745917710124505, -0.7684498941907472)
(2.0544, 3.50922, 5.36293);(-0.03152759899618956, 0.719250093790603, -0.6940355272489618)
(0.686012, 3.08972, 5.22);(0.8658452711002226, -0.22316865850005305, -0.44778087986946097)
(1.68632, 3.36218, 7.15395);(0.7762619701395274, 0.28735600377086246, -0.5611095087520257)
(2.09681, 2.62736, 6.10012);(-0.6288121476284158, -0.29384347398049954, -0.7198967257836438)
(1.06672, 4.01655, 6.53526);(-0.5855931673777026, 0.5943550959886771, -0.5512011086643789)
(1.25949, 4.95057, 7.1633);(0.2479819149190238, -0.9480553098293479, 0.19923879987962412)
(0.219643, 4.50183, 6.21628);(0.5957822735330014, 0.5042209921652622, 0.6251437223580883)
(-0.0128518, 0.686333, 7.18463);(0.666524485132435, 0.5176219268716967, -0.5364817345824314)
(1.13332, 4.03643, 5.41103);(-0.5943604028425625, -0.36295472418941055, -0.7176347118983416)
(0.238355, 4.45985, 7.60788);(-0.585010827165308, -0.7915802917218749, 0.17653037658395726)
(0.111152, 1.72558, 7.03783);(-0.4322743329667156, 0.6714405465273443, 0.601919009117707)
(4.53091, 1.01583, 6.77672);(-0.27000793593202504, 0.7126256507563385, 0.6475032018591356)
(4.1511, 4.62831, 6.00522);(0.7976382577911381, 0.5562523192909121, 0.23314494845781927)
(4.89611, 2.64413, 6.62098);(-0.005343691312025968, -0.8812279216149294, -0.4726613958526691)
(4.65625, 3.81319, 6.81456);(-0.25828212603883544, -0.9644127153054101, -0.056554910716092144)
(3.07643, 3.06406, 6.66464);(0.6842388813052496, 0.47699710391308403, 0.5516257029623177)
(4.07197, 3.08991, 5.8649);(-0.23876201645010503, 0.5859147028932451, -0.7744008396393951)
(3.63862, 4.13502, 6.72995);(0.15973971695214798, -0.6296980647372306, -0.7602391532236644)
(5.17685, 4.76304, 6.66909);(0.4824966444203767, -0.8558919152356835, 0.18613440723646474)
(4.54334, 1.85112, 7.28789);(-0.4586137257020187, 0.8884532596506378, 0.018007110092116974)
(3.02811, 3.75058, 5.72796);(0.42966790073649175, 0.3692997500278116, 0.8240164984428966)
(3.18796, -0.00694538, 5.71676);(0.07662033502900041, 0.5349566781456058, 0.8413980489444115)
(1.0206, 5.1208, 6.08819);(-0.5714793551986505, -0.6438628138469676, 0.5087750225068048)
(3.85148, 0.423754, 6.98347);(-0.9079716347939123, -0.3886385956960618, -0.15667658518446023)
(1.53808, 0.710546, 8.41958);(0.30547608056312203, -0.23257076122609596, 0.9233608207123082)
(3.82184, 4.77965, 9.07063);(0.6128987465755569, -0.6002245893346635, 0.5138925654299211)
(3.60831, 3.38744, 7.80431);(0.7295252434324506, 0.6820963439233328, -0.05037357244872095)
(0.470916, 0.720484, 8.24903);(-0.8797071973548255, -0.12328264707271855, -0.4592566122037456)
(0.812841, 0.906092, 9.78092);(-0.7579878021214034, 0.5540759951643078, 0.34417188063211407)
(2.56471, 3.62112, 7.62181);(-0.4214974602114136, 0.32832634107303854, 0.8453056871883203)
(1.00379, 2.73913, 8.46034);(0.507566637172019, 0.6975386780249643, 0.5057824645923117)
(2.22661, 0.0785979, 8.98517);(0.39334643240733846, -0.7576281365883675, 0.5208437296944805)
(2.83105, 1.83172, 8.52355);(-0.08298892549812235, 0.99289758534432, -0.08524801031159447)
(1.79924, 2.19246, 7.719);(-0.6092445862394638, 0.6052075759443326, 0.5123912803292904)
(1.41479, 1.61119, 8.92185);(0.25064734257286375, -0.7792082920128564, 0.5744652707688851)
(0.713799, 3.60284, 7.63059);(-0.38278169766412756, 0.7170306324822483, -0.5825334702963217)
(2.85715, 5.17585, 8.15398);(-0.7142987022488244, -0.6510566623359771, 0.2567149905899201)
(0.747365, 1.65443, 7.96452);(0.197939883704738, 0.790590195235955, 0.5794712638567414)
(3.13033, 0.0486429, 8.2458);(0.5977986174310225, 0.0697242569134521, 0.7986083777393179)
(2.71242, 0.706678, 10.2108);(-0.3182855574753756, 0.5453599238107101, -0.7754204391191696)
(-0.18089, 3.59975, 9.76796);(0.3465791004783554, -0.8461190088194468, 0.4049265983187706)
(4.53185, 0.836463, 8.0123);(-0.010250549851701039, -0.45646824248052587, -0.8896806560977246)
(4.60495, 1.1961, 9.08732);(-0.48677708620273563, -0.7393411023939506, -0.46521264241083615)
(5.08754, 2.3546, 9.75249);(0.3828727807545324, -0.5740993073120936, -0.7237530097354111)
(3.58689, 1.5767, 9.58877);(0.15821832601225735, 0.6933670165271495, -0.7030001007867058)
(5.15979, 0.292053, 8.58408);(0.6790039221575005, -0.7312896767962519, -0.06456843118711)
(3.5982, 2.54812, 10.3753);(-0.17570673597869196, 0.7112097234428117, -0.6806672257514044)
(4.55252, 2.91073, 8.96135);(0.458789269004215, 0.698128677320279, -0.5496624023431252)
(3.90897, 2.29878, 8.09939);(0.5250223972645148, 0.85006254561199, -0.04177500351029763)
(4.74405, 4.96515, 8.49475);(0.4435215153974905, -0.8407269410793763, -0.3105911716756105)
(3.48914, 1.05136, 8.71045);(0.7948919625239195, -0.3258070459083445, 0.5118559726635509)
(3.88271, 0.554384, 10.0038);(0.513920924904041, -0.16913098939824392, 0.8409994003392309)
(2.25073, 1.03792, 9.13572);(0.25010274074761224, -0.9247189015229424, -0.2869556973414803)
(4.1988, -0.0752071, 8.25548);(-0.7568569711242251, -0.6418804202848767, 0.12311397693021632)
(0.372702, 5.13256, 9.08522);(0.4925552923691995, 0.7562146408900897, -0.43073042713809434)
(0.707272, 2.18573, 9.66966);(-0.6478379635140409, 0.5557770664004752, 0.5209777591157441)
(2.2407, 2.18115, 9.23841);(-0.7509553950438509, -0.38424201508897005, 0.5370512717561533)
(1.17556, 4.43856, 8.30587);(0.5678266328471832, -0.537000140441089, -0.6238619752763274)
(0.503565, 3.54768, 8.73732);(-0.5763637054193276, -0.2323417804793002, -0.7834680440956168)
(1.40479, 2.99998, 9.46991);(0.531400708120311, 0.8469717029734505, -0.015881491475458545)
(1.52144, 4.80962, 9.31213);(-0.8503626390610568, -0.10137349120348245, -0.5163398080434359)
(0.9159, 3.8759, 9.6881);(0.5875860081454422, -0.7378920091902876, 0.3320512999595467)
(2.06975, 3.7649, 8.8247);(-0.12109172616327657, -0.1924716793832812, 0.9738025705912762)
(2.05407, 2.77866, 8.50824);(-0.6099040923914911, -0.18976739053341482, -0.7694188297502536)
(4.89032, 2.96326, 7.76397);(0.5719669550125106, -0.7792475840325616, 0.2561776827772718)
(4.51958, 4.01027, 8.0061);(-0.7742448411106911, -0.5695360534120901, -0.2759956700335375)
(5.05162, 3.8092, 8.93358);(0.29498968191204217, 0.8054030510170135, -0.5141079779364625)
(4.7203, 4.49445, 9.51143);(0.5431676917312559, -0.8326405052486777, -0.10806779205001796)
(2.78679, 3.13364, 9.74396);(0.9391100574512627, 0.2853891715983516, 0.1913774300388963)
(3.27152, 2.95663, 8.80787);(0.13707572140569368, 0.9894292930757258, -0.047327799492244256)
(2.06912, 4.51268, 7.87921);(0.8434581915487293, -0.24991916152971666, 0.4755193916231288)
(2.56274, 4.13319, 9.71399);(-0.4267747223473647, 0.7482951885950221, 0.5078559314322026)
(3.83172, 3.65858, 9.59025);(-0.9105744844626076, 0.37134724120741347, 0.18153604240838683)
(3.15597, 4.14688, 8.78383);(-0.5637525738183801, -0.6846149011098832, 0.46204488168516356)
(0.265238, 4.78478, 10.1138);(0.04849312721407094, -0.054139167026322155, 0.9973551860830202)
(4.9383, 2.19278, 8.37296);(-0.3526176185895769, 0.9258575899593262, -0.13582539591300238)
(-0.0318261, 8.96912, 0.16135);(-0.8134483944877988, 0.4675132909358555, 0.3460246122800354)
(1.68376, 6.13948, 0.760077);(-0.8230042262673354, 0.10499446285466785, 0.5582474418355757)
(0.0506368, 7.22845, 0.383648);(0.5411048231828572, 0.8213582128996584, 0.18048893714166558)
(0.597368, 6.76189, 1.26329);(0.6418899096427001, -0.5025001697142548, 0.5791985180713358)
(1.14214, 5.72639, 1.51796);(0.569309459099711, 0.6694715282175602, 0.4771735666250167)
(4.73256, 9.97808, 2.50709);(0.47484268878014685, -0.8735822841362209, 0.1066696477700365)
(1.31861, 6.90778, 2.0252);(-0.39399418760945615, -0.7403245453881065, 0.5446908734556307)
(1.40215, 7.4189, 0.854058);(-0.4628079924122204, 0.6385325269497678, 0.6148861473366547)
(4.75787, 5.74158, 1.56971);(-0.2965667558105388, 0.8608916264298124, -0.4134171826267563)
(3.28884, 10.153, 0.532423);(0.5541497951712359, 0.5592787007446075, 0.6165430555971749)
(3.13286, 7.65932, 2.08349);(0.4824913572071825, -0.7420713150999245, -0.4653302628523525)
(-0.0048886, 10.0759, 1.41901);(0.7119108894175461, 0.4008720128576073, 0.5766147022372989)
(-0.0968977, 7.98243, 1.30481);(-0.7042847383207178, 0.6103295036327101, -0.3626029569156431)
(3.70982, 6.76288, 0.586219);(-0.417534503953433, -0.4397747298861294, -0.7951497500231905)
(2.86495, 8.65499, 1.19747);(0.24309460057115742, 0.5120238401661951, 0.823854721583006)
(2.79306, 6.7921, 1.23952);(-0.4515195953928727, 0.8596081707421942, -0.2391732588930364)
(4.68267, 6.62466, 0.782775);(-0.8547529644856497, -0.25574362513895743, 0.4516553640817056)
(3.56525, 5.81559, 1.02026);(-0.6447353509319474, 0.5007813378855727, 0.5775243534987892)
(2.14689, 7.14155, 2.51873);(0.5307311490725882, -0.621944147518265, -0.5757689855939351)
(4.9421, 6.41447, 2.21596);(0.044121285604707336, 0.5719507417411949, 0.8191005195812568)
(4.28245, 7.21239, 1.4515);(-0.6551723829741009, 0.7260650947150629, -0.2087549444311325)
(3.64993, 6.42131, 1.87771);(0.5982323854597976, 0.677262155778447, -0.42829193937945065)
(2.14182, 7.81398, 1.66205);(-0.13501334860290715, -0.4102930214918598, -0.9019041147561697)
(4.8002, 7.99108, 0.973585);(0.5039536632655405, 0.7458445651322966, -0.4355991160962767)
(3.69019, 9.17151, 1.17719);(-0.5152664234072677, -0.5424663068140768, 0.6634989215368614)
(2.66507, 5.74649, 0.488594);(-0.3256745097235997, 0.8153356209727731, 0.47871070479908373)
(0.533571, 7.61167, 2.41724);(-0.5092406296058213, -0.5342774610741852, 0.6747011010416311)
(3.19275, 7.68597, 0.922502);(-0.7971576831452906, -0.2984009773797066, 0.5248775903972929)
(2.91969, 8.64572, 2.3439);(-0.6954194081334684, -0.2412628768996084, -0.6768929538866696)
(1.25914, 8.25813, 2.05661);(-0.7281413563272524, -0.3425537378464612, -0.5936893985017141)
(1.47658, 8.43482, 0.608688);(-0.7079643779034938, 0.6630261176293915, 0.24327516716881595)
(0.849375, 9.19903, 1.03871);(0.045857979044839806, -0.4305629542679679, 0.9013948014993001)
(0.408322, 9.95075, 0.433972);(-0.5961822929447752, -0.8025063791837248, 0.023456021583763365)
(1.94902, 9.22285, 1.18999);(0.05030382212197758, -0.692775095305558, 0.7193971036946808)
(1.15449, 9.18082, -0.000139018);(0.6836309747578108, 0.7192634523055885, -0.12372864069863433)
(2.19751, 7.51194, 0.3644);(0.20763274419033895, 0.6276840920271135, -0.7502675017326069)
(0.870973, 10.0365, 1.89416);(0.9197439505504953, 0.39220644405737737, -0.015657926607161466)
(1.37313, 4.85457, 0.231051);(-0.7878893398414116, 0.480747256425454, 0.3848538210849196)
(4.17891, 7.15618, 2.51271);(0.4641715087157631, -0.5367062738317063, 0.7046213068920196)
(2.84338, 9.82191, 1.37435);(0.08475784085273234, 0.4613143417926653, 0.8831790228885551)
(3.98575, 8.12922, 1.6814);(0.3285688327014896, -0.14850369839937566, -0.9327321018057049)
(4.64829, 9.55443, 1.27971);(0.41381329124931693, 0.7687804019351577, -0.48758102258581154)
(4.37919, 9.02024, 2.13497);(-0.6869914022675904, 0.32428276584889837, -0.6502949338444812)
(4.08975, 5.7359, 2.56797);(-0.30036708433189235, 0.6695889661353048, 0.6792865603556512)
(4.87084, 8.91762, 0.524746);(0.05115142732642829, -0.7385673655108209, -0.6722364004462082)
(3.1823, 5.16971, 2.57717);(0.25504737454215975, -0.8988852299891917, -0.3563091074424414)
(2.53651, 9.20786, 0.412823);(-0.3092504121255061, 0.8728280069453286, 0.3775386773458454)
(0.780045, 6.35812, 4.0229);(0.5060587643093613, -0.5522053448926839, -0.662550967199984)
(3.5833, 5.28889, 5.15084);(-0.6188301914358115, -0.4790719324094998, 0.6225265277439544)
(2.23949, 6.07707, 2.78952);(0.16485091427408277, -0.8082753892433748, -0.5652566418950508)
(2.01138, 6.28625, 4.47458);(0.29078348799210557, 0.7078668525100983, -0.6437153736152272)
(2.88987, 10.0682, 3.65919);(0.5318064547617727, -0.6311552172827926, 0.5646458946724271)
(0.232041, 7.21209, 4.4288);(0.8222775212639696, 0.37754066175179296, 0.4258200638156924)
(0.354033, 5.29453, 3.65248);(-0.09748079733380684, -0.8351168257982606, 0.5413662174718726)
(2.73417, 5.51511, 4.52336);(0.10703459359698385, 0.34836851102563415, -0.9312265977190037)
(0.74196, 6.91769, 3.18248);(0.5592170069000897, -0.5687836543333505, 0.6031264326465094)
(1.17612, 10.1675, 4.71213);(0.5575037483962362, -0.7206121311358556, 0.4121986499055847)
(4.42297, 5.85151, 4.41759);(0.5149295823493409, -0.3720320302980171, -0.7722950819821842)
(1.69052, 6.63424, 3.50187);(0.20909622691062904, 0.23664739628849096, 0.9488291615046497)
(1.53191, 7.21271, 4.9506);(-0.7940071591453769, -0.2221985913031337, 0.5658448703035054)
(3.61842, 5.64103, 3.60508);(0.6294445158994898, 0.29675400580869316, -0.718148077655682)
(4.07904, 6.57329, 3.59485);(-0.612794865325322, 0.45699578294953813, -0.6446993930486201)
(1.13456, 9.82719, 3.1481);(0.3599328598787471, -0.8982440242910078, 0.2522023180008493)
(4.81307, 8.11561, 2.50791);(-0.09841358406059314, -0.9323145404258265, 0.34800052325094116)
(1.5321, 5.37654, 3.95206);(0.4574803565952792, -0.389858071777836, 0.7992011056042928)
(3.07501, 6.71406, 2.83783);(0.12629229082981383, -0.6417709527760043, -0.7564260052707981)
(4.73371, 5.74158, 3.32645);(-0.8105726665516463, -0.4454650715724429, 0.3801747259462572)
(3.29194, 7.27247, 4.45939);(-0.5441365258015097, 0.5131763608107688, 0.6637510557382781)
(3.5217, 7.48836, 3.30943);(0.8038763550856425, 0.27104511851683544, 0.5294500443501886)
(2.87701, 6.46271, 4.00851);(0.7309408885954978, 0.6621856393481922, -0.1650321072405309)
(3.69644, 9.48044, 4.47768);(-0.7307080632942953, -0.3929652360860182, -0.5582508839800976)
(4.28013, 7.44922, 4.16182);(0.7062643630441068, -0.04250669473753323, 0.7066709491668611)
(4.79334, 8.3856, 4.06021);(0.4955137496740146, 0.6767959407887846, -0.5444385901236449)
(0.763156, 8.54595, 3.01524);(0.14291766995583843, -0.9349896240489205, 0.32460582640373575)
(0.771297, 9.31563, 4.8787);(-0.28393865169260735, -0.6488334586907288, -0.705970243677742)
(0.791039, 8.68583, 4.05119);(0.5792273808970445, 0.41872277158302434, -0.6994046623929387)
(1.89981, 9.43993, 3.67063);(0.005955525512161773, 0.7093885628852806, 0.7047924506998002)
(0.31038, 9.48132, 3.64634);(0.37073979752487696, 0.3348210061803894, 0.8662833810893319)
(2.04242, 8.89797, 4.52743);(0.2607801045037023, -0.5677702184888948, -0.7807885220033083)
(3.97145, 10.2281, 3.72914);(0.7112790258638183, 0.6256950725958972, 0.32029333976127705)
(1.13925, 7.70381, 4.08727);(0.6239615590110011, 0.757159639552792, -0.19334232104960122)
(5.05401, 7.21782, 2.97063);(-0.351718816066762, -0.25554787849350097, -0.9005493635676316)
(2.09299, 7.40778, 4.0492);(0.6365184857756069, -0.6699260032538478, 0.38215620815349066)
(2.97578, 9.03932, 3.6755);(0.09736492342086553, 0.9129850380507277, -0.3962049873269645)
(2.65827, 8.01665, 3.15544);(-0.7975194186746095, 0.3645565284297967, -0.4806883755783238)
(3.6321, 9.61742, 2.92639);(0.5584318975502661, 0.3974151442781994, 0.7281586495378236)
(1.70015, 8.74497, 3.02642);(0.45987672435200516, -0.8614954655235423, 0.21526486309113518)
(4.67152, 9.80248, 4.35054);(0.31855262453534783, 0.6514092084897806, -0.6886147460636894)
(-0.185353, 8.05956, 4.91352);(0.1752007590118582, 0.35837567592482783, -0.9169904955598458)
(3.70992, 8.27522, 3.85267);(-0.8676886781530243, 0.4970493781104817, -0.007633709782317602)
(2.49664, 9.54443, 2.8027);(-0.5071507284999309, -0.014501934025093251, 0.8617353610543792)
(3.96826, 8.38954, 4.85228);(-0.8706336159981368, -0.4252087487019456, 0.24737547720284378)
(2.19822, 10.0899, 4.6567);(-0.25353361674526237, 0.5168513253873529, 0.8176707238402284)
(0.696484, 5.57028, 4.70131);(0.7775439614975656, 0.07526892203087122, -0.6243075983159128)
(2.72701, 8.17478, 4.83564);(-0.04971385723326107, 0.6522039895894876, 0.7564115866130995)
(0.859428, 8.03747, 5.0276);(-0.266158808040305, 0.7228620460768941, 0.6376754278189574)
(3.90063, 8.28331, 2.83256);(0.6212497209557262, 0.5381586360914197, -0.5695911398649518)
(1.45889, 7.68102, 3.11271);(0.3288002049074454, -0.23646990715892605, -0.914315267432996)
(0.162971, 6.51813, 2.47582);(-0.7236941331509735, -0.6317305840583267, 0.2778187733184822)
(1.27677, 5.69868, 2.80362);(0.2168930955803144, 0.2559975032674944, 0.9420311371766847)
(0.240901, 5.76014, 5.96466);(-0.5720396041594091, 0.5346416332704712, -0.6220361848373689)
(0.904081, 6.35971, 5.28668);(0.5741331105336921, -0.8179725216633503, -0.03594614294478728)
(1.78872, 6.28569, 6.30251);(0.4604304142832614, -0.8563725934505579, 0.23373021796445084)
(2.27109, 5.42631, 6.33402);(0.7786522913289141, -0.5958464097352988, -0.1966409550774872)
(2.4283, 6.71311, 7.08377);(-0.6479488622601998, 0.5091094310498226, -0.5665420188404725)
(3.88871, 9.47963, 5.48037);(0.8384726098802717, -0.021378337046478207, -0.5445242411368781)
(1.35642, 7.03589, 6.93397);(-0.8873472982027604, 0.19556331483147393, -0.4175760556645785)
(1.38772, 5.99365, 7.25628);(0.43132998235804343, 0.2031121873324678, -0.8790334951957353)
(0.572105, 7.47195, 5.83395);(0.41536513754565335, -0.711169749640301, -0.5671943138891928)
(1.68932, 9.47596, 5.57346);(-0.0029087628720780917, 0.027194459100020538, -0.9996259302823288)
(0.0660861, 5.27475, 6.98176);(-0.732352927893821, -0.3781408647755624, 0.56627614764542)
(1.89825, 7.45858, 5.89399);(-0.7059053849765222, 0.5408930752902011, 0.4573098168247175)
(0.521386, 6.55665, 6.53991);(0.10317242183715503, 0.9235885373294307, -0.36924201424802555)
(0.532635, 7.70335, 7.07174);(-0.4658343453913203, 0.3749658396403678, 0.801497961168108)
(2.30859, 5.52522, 7.43027);(0.15983414597823226, -0.4066100471893061, -0.8995117093757699)
(3.36523, 9.43258, 6.39282);(-0.6768348858843247, -0.7343049329320434, -0.0518729478786445)
(2.84224, 6.17842, 5.81412);(-0.46520273931691547, -0.26611814830996383, -0.8442556144155121)
(4.91099, 9.10615, 6.49675);(-0.4203904424801223, 0.6969130852171497, 0.5810198168087561)
(4.42522, 5.01216, 7.36721);(-0.5402461963195316, 0.6931260440323003, -0.4771900401793943)
(3.73021, 6.25649, 6.37414);(-0.03794561845223088, -0.04814490143711073, 0.9981193307946142)
(4.91417, 9.85325, 5.33714);(-0.4260332565168774, 0.5667060571274469, 0.7052233044622727)
(3.31621, 5.81375, 7.14547);(-0.609672930055395, -0.23424262066368023, 0.757251155840835)
(4.46206, 5.51108, 6.4659);(0.3064792049757825, 0.5084901535719987, -0.804678979865721)
(3.84192, 6.99827, 7.39551);(-0.8848449236614776, -0.17710106270739948, -0.43091144642307133)
(4.68626, 7.23046, 6.45757);(-0.5725499660916606, -0.41470635477984064, -0.7072518473879409)
(4.45896, 6.15172, 7.16959);(0.2887145457481378, 0.895483134336555, -0.3387534017426629)
(3.24985, 7.24685, 6.35871);(-0.11284866423516753, -0.902679891507821, -0.41525196260555697)
(-0.0828313, 6.68185, 5.45175);(-0.6583183413235462, 0.7145767676219621, 0.2366368624115095)
(4.60635, 5.42558, 5.3423);(-0.5501574891091106, -0.5917108124304081, -0.5892410810781147)
(2.94197, 8.48661, 7.1258);(0.250484477135389, 0.46700611514322915, -0.8480346780250438)
(3.65859, 7.43115, 5.31722);(-0.6743459952734203, 0.3070926290540769, 0.671529296337364)
(2.49209, 6.99392, 5.12224);(-0.266379881885814, 0.5601653432302035, -0.7843829082599187)
(1.53629, 8.19089, 6.58142);(0.06015116626524096, -0.9895085313453658, -0.13135716041262724)
(2.32009, 9.24024, 6.38769);(-0.8660323701508553, -0.030841364587826377, -0.49903581442743455)
(4.14111, 8.12988, 7.19341);(0.09207007169279405, 0.6906038250100265, 0.7173489100709669)
(0.971853, 8.72268, 5.88379);(-0.581022323074897, -0.03458744796010807, -0.8131523648937246)
(2.78433, 8.14066, 5.81428);(0.03712975044897342, -0.8454853380374494, 0.5327062274793649)
(4.02192, 9.41243, 7.31562);(0.4306684314084951, -0.2671492664864458, 0.8620649462795134)
(0.754635, 8.88172, 7.45238);(-0.3128554145108398, -0.6077222489202582, 0.729928186726992)
(1.67897, 10.3453, 7.522);(-0.4686048330555322, 0.6732284146638908, -0.571990395134517)
(1.33907, 9.66799, 6.66259);(-0.3590185774025349, 0.5752707991988429, 0.7349620185213549)
(2.83741, 10.2639, 6.90836);(-0.3838704627091064, 0.684845005338589, -0.6193793559058006)
(1.85876, 9.21496, 7.30393);(-0.8486237973659154, 0.2815172175364948, 0.4478679568519762)
(2.69747, 9.23666, 5.1235);(-0.43814296381083323, -0.7886918768402971, 0.43127238106466836)
(4.54297, 6.50333, 5.52971);(-0.6221154231964795, 0.40446756993300614, 0.6703569087385869)
(4.93429, 7.59125, 5.13618);(0.4048134212501145, -0.6352673436205901, -0.6576940748592894)
(3.80418, 8.37733, 6.3223);(0.6585901192925684, -0.270093402878547, 0.702359315800458)
(5.10966, 8.52226, 7.47616);(0.41166564657329163, 0.12892997634310585, 0.9021687517485628)
(4.43522, 10.0744, 6.30486);(0.5632196560141941, 0.6016115908321186, -0.5664336791326062)
(2.06478, 8.10253, 7.49126);(-0.8231305546359406, -0.48714205090570756, 0.29180252271717877)
(0.464002, 10.0895, 7.33364);(0.21879423370700932, -0.5042563557301563, 0.8353769275017743)
(1.90548, 5.84052, 5.48895);(-0.14258785263718357, -0.9897821350377425, 0.00017158218099360109)
(3.43331, 6.45953, 5.03871);(-0.31945101699642653, 0.7477464829806625, -0.5820878326592979)
(4.02527, 10.4382, 5.07375);(0.34136468741093234, -0.9125126745843312, 0.22536807429577713)
(1.92154, 8.50817, 5.57859);(-0.4705750328353669, 0.463837847850121, -0.7506088124807498)
(0.445248, 10.0927, 5.83902);(0.6869462525307702, -0.017499083181960973, -0.7264975073747483)
(4.80255, 8.64774, 5.36573);(-0.6812125218098815, 0.5452137107396914, -0.4885606510463956)
(0.956777, 5.59654, 8.19444);(-0.44070249517600874, -0.7291423296682324, -0.5235769034550919)
(2.80744, 6.71041, 10.1891);(0.42665445460496954, -0.29091565944247616, 0.8563492602068885)
(1.88654, 5.43044, 8.39243);(-0.9248314635460146, 0.3161395008872115, -0.21152441942745354)
(0.913845, 6.01611, 9.17774);(-0.17091567102212155, -0.9852844421984042, 0.0015496324847069163)
(4.07611, 5.82193, 8.11422);(-0.5185097689392867, -0.7284811874856741, -0.4477306991864523)
(1.86158, 6.7172, 8.57751);(-0.6375360418464893, -0.16835064633062347, 0.7518017393081589)
(2.05455, 5.89414, 9.37797);(0.3116661735966288, -0.40138568439297556, 0.8612512575317488)
(4.58627, 8.76752, 8.48265);(0.822287515230861, -0.001589267163066976, -0.5690700453593923)
(4.12739, 7.92937, 9.1464);(0.4500102247561794, -0.44702145904258583, -0.773086419988303)
(2.64137, 8.712, 8.03046);(-0.31085777301157125, 0.7401738156624081, -0.5962467337990521)
(4.33688, 8.88262, 9.69696);(-0.2063909662927058, -0.22651963460410426, 0.9518884515380919)
(2.31269, 9.66499, 8.04592);(-0.9716619596184497, 0.067436917905981, 0.22655087361071077)
(2.17336, 7.57992, 8.30079);(-0.5472104662465583, 0.5446927109350906, 0.6355081087479577)
(0.685054, 7.54609, 8.09771);(0.4893006965725279, 0.5149205548552587, 0.7038761613531115)
(3.4735, 9.18717, 10.3211);(0.6071023210611308, -0.49810053435286217, 0.6191305431325296)
(3.14953, 7.5775, 9.26292);(0.5634125848991464, 0.025568180801535383, 0.82577995089961)
(4.71347, 6.26694, 10.1086);(-0.6516724331018575, 0.7261046328229059, -0.21930595552382504)
(3.98562, 7.03854, 8.65606);(-0.21826986907558996, 0.6275614168722125, 0.7473452564290924)
(4.09343, 7.56907, 10.138);(-0.829751927776216, -0.23903036805365482, 0.5043572359942777)
(3.58226, 5.82218, 10.209);(0.10945455362652402, -0.9090036688177368, 0.40215921071922833)
(3.25453, 7.40355, 8.10051);(-0.42514086962616976, -0.7811624621899419, -0.45720941442500046)
(4.84896, 7.10788, 9.22863);(-0.6194346212861479, 0.7831137759064094, -0.05507779895468426)
(3.19969, 5.77782, 8.95267);(-0.8884190208577392, -0.3168124184036546, 0.3321769632641668)
(4.28724, 6.0466, 9.06177);(0.2523860895040606, 0.9498423316139125, 0.18466403791506014)
(2.73992, 6.68221, 9.14359);(0.3864514718809828, 0.5851028687793698, -0.7129585491647978)
(3.75067, 6.69452, 9.62079);(0.6668087701352868, -0.5372149218024692, 0.5164941353620902)
(3.41089, 8.6473, 9.32188);(-0.35016348537281794, -0.5142229405274074, -0.7829178123832072)
(1.50661, 6.64009, 9.89012);(-0.036438770177288686, 0.7177929358845186, -0.6953024645593098)
(3.66001, 9.80824, 9.16742);(0.5523016644314012, -0.7831688724052477, 0.2856735702892323)
(3.15002, 6.35759, 7.98748);(0.4425909003020883, -0.7970235342155529, -0.41093403470184364)
(0.175316, 8.58191, 8.16585);(-0.08429705070044276, 0.6378636271890413, 0.7655220443282131)
(0.348288, 9.04118, 9.5065);(0.7425864749662435, -0.007222555243472309, 0.6697112526253114)
(0.899185, 8.27592, 8.89112);(0.820141296827315, -0.5719793615765623, -0.014417460555814582)
(1.59792, 9.25185, 9.31618);(-0.6731208570865138, 0.5724414478057386, -0.4682083944027348)
(0.220803, 8.0152, 9.70926);(0.4736032344941178, 0.7018196839108023, -0.532117569294654)
(1.63684, 8.71005, 8.36083);(0.43639654696013885, -0.2819590258051446, -0.8544338251545764)
(0.203644, 9.60048, 8.58482);(0.21314742635945633, 0.727201660773859, -0.6524920836332666)
(1.42356, 7.96523, 9.88781);(0.4430718007758641, -0.7814957209046627, -0.4392628114977803)
(2.31752, 8.30178, 9.07079);(0.7027861343087697, 0.3514067046793131, -0.6185507071613142)
(3.49173, 9.3498, 8.25943);(0.49664286814729625, 0.09926070870835331, -0.8622605019512042)
(5.07468, 9.57794, 8.07027);(-0.18928397585781248, -0.9819213617829667, -0.0014197738352917462)
(2.83161, 8.18214, 10.1642);(0.5123781272097899, 0.8272312614932734, 0.23055822424115735)
(4.57004, 7.86769, 8.12212);(0.5781970824003987, 0.5954589074484222, -0.5577784716569812)
(2.77352, 9.35084, 8.91115);(-0.6483774618660691, -0.5706864279946605, 0.5039083923163109)
(4.66822, 9.7941, 9.16768);(0.888705855633117, -0.013567339950821843, 0.4582770226075797)
(0.297787, 6.86356, 9.4628);(0.19183193871315424, 0.6024568444895674, -0.7747556116719815)
(0.867082, 10.0004, 9.45143);(0.21738585091781648, -0.7036994759808234, -0.6764247477177721)
(1.23819, 9.87853, 8.3337);(-0.5998293525197383, -0.7953678207476216, -0.08714802106147151)
(4.86186, 6.73372, 7.94019);(0.3653381153226276, -0.11609948978273552, -0.9236065016903567)
(0.744234, 5.9091, 10.5796);(-0.2602621321993639, 0.6891169451874394, 0.6762998287731357)
(2.95475, 9.92253, 9.79186);(0.24751225677338928, 0.037150238964553904, -0.9681722690161191)
(4.3668, 9.71227, 10.3526);(-0.7667815939317961, -0.6418967817374585, 0.0038090422034529076)
(0.562741, 6.5348, 7.68182);(-0.6802396774559468, 0.5323378138573567, -0.5038754143160783)
(3.67186, 8.33502, 8.04049);(-0.5866251646676787, 0.7882942744206531, 0.1856422718408577)
(6.84993, 0.994512, 1.66849);(-0.8576330731652092, -0.5058473737115617, -0.09264958889447084)
(7.5963, 1.07349, 0.845521);(0.39451098668069806, -0.8905595208967061, -0.22641736048380134)
(5.64582, 1.94725, 1.30192);(-0.8524807529290245, -0.07108764136051086, 0.5179026096973861)
(8.46928, 0.0382851, 0.558669);(-0.7290066185707513, 0.3378504866646274, 0.5953204168685242)
(6.51414, 0.0218307, 1.37919);(-0.4283636217711559, 0.5499417308041723, -0.7169858438373865)
(7.97523, 3.91004, 1.28779);(-0.6870658610791723, 0.3898677017336017, 0.6131424611658328)
(5.33912, 1.91146, 0.384802);(-0.5655689420295281, -0.743364247246158, -0.3571293431346032)
(5.93488, 3.90113, 0.904444);(0.38403261685584533, -0.7902008908035196, -0.4775997292337753)
(7.9893, 2.82288, 1.09216);(-0.6554702450890713, 0.3846722782070129, -0.6499122988387737)
(8.05498, 2.28725, 0.23629);(-0.520121114700975, 0.3577189510898602, 0.7755715170591203)
(5.74658, 0.870854, 1.37585);(-0.6819463076862152, -0.7238511011103149, 0.10482755770560712)
(6.31016, 1.13619, 0.351145);(-0.6953633834114618, 0.0027870582181619506, -0.7186529046188104)
(6.65214, 1.94947, 2.16985);(-0.6295568125209494, -0.3969323584546675, -0.6679093670701718)
(6.56262, 2.037, 0.588364);(-0.7160486791111418, -0.40387360553824625, 0.5693508583402033)
(5.37159, -0.0728496, 1.50613);(0.6681483111620489, 0.6472546203338901, 0.36693226997326545)
(9.07887, 4.93423, 2.46866);(-0.640893358886016, 0.7301695126322203, -0.23687166432105458)
(8.37949, 0.863385, 1.46321);(0.6921368372205997, 0.08405410418393801, -0.7168552895334599)
(7.69276, 0.231775, 1.70849);(0.0823212079026988, -0.9289137008482984, -0.3610298534827261)
(7.00355, 3.58471, 0.979199);(-0.666756868550244, -0.7074781615206307, 0.23432867774231286)
(8.52513, 2.03939, 1.64951);(-0.5109147220985203, 0.6386579245451738, -0.5753974297462956)
(9.33275, 1.44045, 1.70241);(-0.16194086538107896, 0.47798815433972297, -0.8633090295082825)
(9.30863, 2.0086, 0.750519);(0.683745000199297, -0.42141690930918124, 0.5957353130801972)
(6.4538, 4.89377, 1.59683);(-0.39330339350781063, -0.9133970025974744, 0.10496835857147543)
(9.72789, 0.821656, 0.892561);(-0.7061198555008484, -0.6606339399787053, -0.25486770492879857)
(7.36227, 2.03264, 1.09692);(0.4139715417193069, 0.8987029278844743, 0.14477779546053887)
(9.45196, 2.54521, 1.67799);(-0.7889764674329527, -0.20118088549534222, -0.5805535161794553)
(10.3684, 0.809633, 1.86035);(0.31386383421387515, 0.8916881325115232, 0.326162180380677)
(9.26075, 0.391826, 1.73609);(-0.48172887206528314, 0.7114321378413562, -0.5116655226465702)
(8.79701, 4.91268, 1.32426);(0.7835250597842578, -0.3079720986501511, 0.5396681083250119)
(6.26136, 2.83118, 1.09316);(0.45051086491392617, -0.5773815065355892, -0.6809335918466645)
(5.75198, 2.93108, 2.09519);(0.7150937006045615, -0.5501447226578003, 0.4312560532762939)
(5.50499, 4.5293, -0.00179201);(0.8622314697488328, -0.13596677182670636, -0.48792410222676225)
(9.04367, 3.89984, 0.915295);(-0.47228894753922596, 0.8430685085694087, -0.25725209404559374)
(6.43914, 3.73428, 1.85409);(0.23806624178319502, 0.7264636038235005, -0.6446511435210501)
(9.76154, 3.02337, 0.747615);(-0.7353038638820962, 0.6229570505413822, -0.26693209050401107)
(7.22019, -0.144879, 0.610049);(0.5471542126119151, 0.016820883890170023, 0.8368627877293796)
(7.46475, 3.69885, 2.16966);(-0.40792192252387394, 0.5575213700107083, -0.7230280956545253)
(5.64508, 4.87967, 1.09623);(0.6232750858454581, -0.2758343157950682, -0.7317401161575082)
(6.67606, 4.56529, 0.363917);(-0.9709158720972302, 0.23712455146624342, -0.033080453467388166)
(9.48536, 3.56764, 1.85007);(-0.39130564991852335, 0.9149988859170762, 0.09826966527037444)
(7.09796, 2.84049, 1.7902);(0.5655126082242832, 0.5712413975491158, -0.594877092907015)
(7.48839, 4.98731, 0.894312);(-0.6565619892592857, 0.014951754050006753, -0.7541238620483495)
(5.25786, 3.8505, 1.97047);(-0.40232640799600955, 0.115922087822773, -0.9081274860854271)
(9.90788, 4.62681, 1.58458);(0.423092369209441, 0.41099732487564244, -0.8075110191581337)
(5.55278, 0.235111, 0.249621);(-0.7058192671727797, -0.4113163943843169, 0.576747766184114)
(8.51701, 3.19204, 1.812);(0.2611231431395524, -0.647992129197023, 0.7154864810851632)
(8.78445, 2.85399, 0.385511);(-0.8036711913306426, 0.5638988367999325, -0.19008081986583722)
(8.23774, 4.28241, 2.19334);(0.5876785812109201, 0.759764104614425, -0.27819487868284193)
(10.463, 1.57743, 2.61644);(-0.18170047552354532, -0.9312019216409569, 0.3159872122835142)
(9.86133, 4.29675, 0.434699);(0.5811642272507017, 0.7981456068903302, 0.1587820240636867)
(7.47329, 4.93202, 2.58862);(-0.5352866013052464, -0.4928994705322901, -0.6859434134183856)
(6.21316, 0.558109, 2.32127);(-0.5897793793607633, -0.7153892247713868, -0.37467124357472004)
(5.12499, 0.975892, 2.24575);(0.5772402464096605, 0.24196506734923964, 0.7799016631009273)
(7.69193, 1.54385, 2.03714);(0.015359245182926825, -0.5738978751956778, -0.8187828298354192)
(8.37052, 0.91595, 2.48568);(-0.5548609596874394, -0.4077938915458969, 0.7251437494956341)
(5.47737, 2.05619, 2.55039);(-0.8458482635653418, 0.08526630886072474, 0.5265646889003888)
(7.10496, 2.97751, 0.0580461);(-0.08528024146855574, -0.628709546273627, -0.7729499251823981)
(7.95564, 4.50726, -0.211242);(-0.5590304634387329, 0.6325471336537462, -0.5360681529935399)
(8.54709, 1.22074, 0.513762);(-0.6048900500689469, -0.3708466848846182, -0.7046848683189355)
(5.99374, 2.96968, 0.00362896);(0.2268928310418436, -0.6777763793711779, -0.6993846029105262)
(8.93253, 4.64204, 0.227059);(-0.14210896071943555, -0.9156097551438795, 0.3761167632113824)
(5.97908, 1.24262, 4.04445);(0.9290305888205928, 0.25138399999670863, 0.27149263264648166)
(6.40671, 0.502254, 3.32032);(-0.3554744249565318, -0.9267323419271127, 0.12167620814321961)
(9.95963, 4.2984, 3.97975);(0.31364846986345646, -0.30591524155681055, -0.898910731015906)
(6.30232, 1.47343, 3.06159);(-0.78803645467024, -0.6019237544949525, 0.12917561645085782)
(6.76181, 0.344824, 4.2313);(-0.2686138168664423, -0.7916945499829906, -0.5486951402333278)
(6.78384, 2.38368, 4.13505);(0.5952432776520802, 0.5688193193663343, 0.5675649939219549)
(7.1707, 1.30686, 4.82474);(0.9010633967435757, -0.3860579917805023, -0.19759550104021906)
(9.97015, 4.28331, 2.78968);(0.4854260023011726, 0.5337539256690718, -0.6924365264215607)
(7.37334, 1.18396, 3.51989);(-0.8024632981986849, -0.3464814924143663, -0.48580163694495915)
(7.23853, 0.248156, 2.72686);(-0.13849994055173392, -0.5070162967473995, -0.8507362936302406)
(5.5014, 2.19101, 3.74046);(0.08652616210615152, -0.9869610635637636, 0.13572428773165357)
(8.71732, 0.734921, 4.98338);(-0.4942189446898493, 0.6956578314021632, -0.5213519121653731)
(9.90679, -0.0194709, 3.4196);(-0.968532679424799, 0.21172835202947268, 0.13082642635608063)
(8.81263, 4.62792, 3.63822);(0.36619993750097346, 0.910960332081969, 0.1898654237806124)
(8.0124, 0.494599, 4.301);(0.04586822154178893, -0.050629516583456435, 0.9976636498856308)
(6.33053, 4.44732, 2.78026);(0.8979619599252983, 0.43795912891356903, 0.04308271031846601)
(8.72587, 0.891665, 3.35922);(-0.49918108508617753, -0.8664267967955035, 0.011083775839912598)
(8.16811, 1.96734, 3.53474);(0.7668893903232376, -0.47801771056248377, -0.4282285971280461)
(8.08629, 0.00753993, 3.18475);(-0.5964833391295848, 0.7099995197971977, 0.3743104433869955)
(9.47336, 2.23836, 4.66512);(0.7421373299356013, -0.66048298685153, 0.11399301555682409)
(9.75816, 1.05752, 4.54273);(-0.24055693733249628, -0.8788153392344165, 0.412087320148906)
(9.78897, 1.27892, 3.4879);(0.7818188777519213, 0.33284078833008984, 0.5272345322667426)
(8.38591, 1.53999, 4.46399);(-0.17926253251867758, -0.34326050254690355, 0.9219746047621037)
(8.34711, 4.02009, 4.58328);(0.05603084515402119, -0.966718995821495, 0.24962958059734458)
(10.1788, 3.27497, 3.02135);(-0.7621626226363547, -0.5689650125087302, 0.3088477799774741)
(5.78204, 5.14918, 3.31832);(-0.16754109579774487, 0.8569930196202353, 0.4873324794645662)
(7.08269, 4.51197, 3.49558);(-0.21161773019353475, 0.9449921218875619, 0.24941496714948705)
(7.8977, 5.12736, 4.02597);(0.0039450296488890745, -0.21678539689126197, -0.9762113134131194)
(5.32058, 4.44991, 4.60807);(0.36406386046089695, -0.5616220723547874, 0.7429927007381852)
(5.04541, 0.654976, 4.93502);(0.3664215337006309, 0.15002211542445035, -0.918274808825795)
(9.40128, 3.50689, 4.73471);(0.5728362409038733, 0.5715677567437258, -0.5875108003756737)
(6.27419, 2.54006, 2.98307);(-0.24850491620224233, -0.1698220421480981, -0.9536276949753327)
(6.76361, 3.47667, 2.91418);(0.15648450130616307, -0.9473010915438043, 0.27952324198692025)
(6.51876, 3.3726, 3.85122);(0.8436913643855917, 0.4119505009025133, -0.3442116594006475)
(9.16112, 3.20659, 3.71001);(0.22433392585955567, -0.6441585121473801, -0.7312551544683379)
(7.2901, 2.46224, 2.80153);(0.6547546321503309, -0.7542214735623258, -0.04946049428744804)
(5.77874, 2.98225, 4.42294);(0.6035394046587275, -0.7737036640275701, 0.19267285043436116)
(7.4475, 3.16751, 4.35529);(0.9472750248657975, 0.23424537446272337, 0.21863012557358436)
(6.50291, 4.59061, 4.33854);(0.6458397778278052, 0.6920094824584314, -0.3225117944555593)
(5.86644, 4.18454, 3.69625);(0.5441912032831502, -0.7913857738844102, -0.27850402360219223)
(5.79313, 3.37516, 3.03505);(-0.7822001506798886, 0.5601299429088831, 0.2727954752800181)
(6.0959, 3.9392, 5.30092);(-0.48643945170991243, -0.5166226667063017, 0.7046117229122925)
(8.51373, 2.70536, 4.30862);(-0.7580010109619197, -0.03592383598388092, -0.6512633456512892)
(7.95921, 3.32035, 3.08891);(-0.8342521778288486, 0.536917808529802, 0.1254694013350592)
(8.2766, 2.52819, 2.49047);(-0.2868458633156479, 0.6678452002446044, -0.6868058235112344)
(8.94245, 0.189067, 4.13902);(-0.6711572781711198, 0.5192605993991151, 0.5290712030243245)
(5.30492, 2.02198, 4.71678);(0.7197319938285702, 0.16822248485720878, -0.6735629537378204)
(5.43592, 0.192426, 3.93593);(0.025501059139868883, -0.6119513880792317, -0.7904841520300369)
(6.26622, 2.21777, 5.05532);(-0.20394819453282684, -0.6995342503299464, -0.6848773368729032)
(9.29867, 4.45835, 4.95099);(0.42511787817980173, 0.5344398112687871, 0.7305127499112429)
(9.93626, 2.39045, 3.75496);(0.11815730840857597, -0.39384175125590637, 0.9115522614953689)
(9.10901, 1.85955, 2.57658);(-0.7389686835284525, -0.3930363306201872, 0.5472181718262332)
(9.26309, 2.95487, 2.68165);(-0.6064189170361167, -0.6342565349920298, -0.47955682132636523)
(7.73549, 2.29653, 4.7957);(0.6081606000683006, -0.6375026471166377, -0.4730021769969399)
(7.34392, 4.79844, 5.01177);(-0.45818135459609677, -0.13012201168829265, 0.8792827238008704)
(9.49686, 0.944127, 2.56033);(0.4414049244023514, 0.14428158010128475, 0.8856322703903866)
(9.02937, 3.94781, 2.84029);(0.6306670264734574, 0.6603797868417278, 0.40762438451349037)
(4.97697, 1.94154, 5.78338);(0.6870151012523479, -0.08933559497724194, 0.7211306415076871)
(8.03134, 0.168323, 5.72491);(-0.028180718254411468, 0.8746613264226756, -0.48391467344893674)
(6.85131, 0.646014, 5.65384);(-0.7152831857415478, -0.533952776558844, 0.45084852955346716)
(7.50578, 0.972971, 6.35801);(0.011648022404514496, -0.4231452711498205, -0.9059869773223062)
(6.66332, 1.38806, 6.89972);(-0.5451892094119543, -0.8378544698957255, 0.02772387448610471)
(6.85118, 2.75876, 6.73623);(-0.7063352679555013, 0.660735581393097, 0.2540058674978914)
(7.92922, 2.31111, 6.82215);(0.4773689486607366, 0.6813102094921899, 0.5549191700565509)
(6.1698, 0.375846, 7.22812);(-0.6911124663934431, 0.005395089477130345, 0.7227270935872722)
(5.66354, 2.13367, 7.40042);(0.7458308796892058, 0.4569367056874019, 0.4847114047529419)
(5.91964, 0.263172, 6.16276);(-0.31492635362162236, 0.6372028405219845, 0.703415902454091)
(7.06519, 2.02839, 5.95394);(0.05297654587552448, 0.383820969802222, 0.9218866246600936)
(5.52869, 1.33469, 6.58184);(0.4432710525420205, 0.5961749126438426, 0.6693924465606076)
(5.94885, 2.14465, 6.09827);(0.6674655081373767, 0.7409956096057024, -0.0735887354965896)
(5.0076, 4.09746, 5.5467);(-0.1270243156218307, -0.9371694354312736, -0.32492810363868696)
(7.95486, 0.289115, 7.04503);(-0.322983717346661, -0.3317125302870911, -0.8863680474720802)
(8.02253, 1.34715, 7.20728);(0.7411983186930259, -0.5020883152508401, 0.4455697207567011)
(9.55138, 2.10615, 6.4822);(0.38173290911143576, 0.20895973088679276, -0.9003420555372494)
(9.57837, 0.562948, 5.5636);(-0.5352991264225462, 0.5834160521209226, 0.6108032051151138)
(8.53502, 0.856204, 6.13335);(0.6866677881633299, 0.7228162942182111, 0.07761413216375443)
(5.8712, 1.26322, 5.54583);(0.6921473417116816, -0.47558054301930935, -0.5429136252323306)
(10.2781, 1.25809, 5.49784);(-0.79789932424614, -0.5865837957914054, 0.13883846326756866)
(7.95051, 1.40236, 5.51552);(0.5518085944915248, -0.6276734974527662, 0.5491204381924791)
(8.474, 3.16407, 5.41469);(0.4193150137889953, -0.9075904293675465, 0.021319749800762733)
(9.15467, 0.997424, 6.99266);(-0.23110753064471815, 0.7446934901914275, -0.6261157360630788)
(7.72098, 4.81022, 6.35691);(0.6296964537249353, 0.3455750473607975, -0.6957443947369055)
(9.08766, 1.59213, 5.40324);(0.21170353665304167, 0.3484837267971453, -0.913094028414471)
(5.00627, 0.0688173, 7.32539);(0.3927742825913285, 0.39915932973463125, -0.8284927232152779)
(8.74833, 2.36459, 7.38885);(0.5953427007716589, -0.31057411393625833, -0.7410200998560127)
(8.53581, 4.50723, 6.87819);(0.43784047752703176, 0.20399102387963114, 0.8756045787999516)
(5.76841, 3.34488, 6.10928);(0.48581373640502823, 0.8019497553973729, -0.347651554488513)
(7.07543, 3.92113, 6.39649);(0.6042337957169241, -0.5808404636109914, 0.5454593256565395)
(6.12908, 4.34795, 6.52028);(0.3569770654631222, 0.9334519617123563, -0.035139862104045586)
(6.40401, 4.91118, 5.49048);(-0.927626254912049, 0.24322464659848045, -0.2834630531213735)
(7.62233, 3.81613, 5.46389);(0.47532246525856653, 0.7925621818202048, -0.3819865730217693)
(6.92003, 4.93554, 6.82557);(0.7480646747559828, -0.2569513723970692, 0.6118621042403984)
(9.59929, 4.85526, 6.1989);(0.6486146048256286, 0.7359108820849362, 0.19425310302763443)
(6.91602, 3.00586, 5.46006);(-0.19146805361874117, -0.7864638255830522, 0.5872091922753947)
(7.7179, 3.80453, 7.1631);(0.3988278549786426, 0.9013148699506615, 0.16902025706688933)
(9.84354, 2.91443, 5.54946);(-0.3133085921543698, -0.818143814766699, -0.48216016471836404)
(8.88607, 2.92226, 6.56741);(-0.4715135317370609, -0.7528316054245997, 0.4592597993104376)
(8.75746, 3.58054, 7.36119);(0.4436789155909101, 0.8945048900208157, 0.05486366364837945)
(9.84002, 3.30516, 7.2213);(0.837000906748848, 0.5055109783908454, -0.20949494702244356)
(8.61425, 2.26537, 5.91253);(-0.2682188498447765, -0.636153742343316, -0.7234411273148211)
(5.61333, 3.58495, 7.19968);(0.4273209847819025, 0.6518713519845013, -0.6264666921927483)
(7.56859, 2.70476, 7.68123);(0.3017022163431092, -0.7062142218430739, -0.6404976545782484)
(6.70505, 3.87314, 7.40216);(0.692325278256848, 0.6060924695829877, -0.39158348714083063)
(7.7346, 2.9249, 6.10674);(-0.40964365810523523, -0.5296419147143435, -0.7427459293405013)
(9.41608, 3.73789, 6.10333);(0.18991456107013852, 0.9203014438574392, -0.34202004609006337)
(9.65405, 4.19681, 7.10155);(-0.8308231687507803, 0.4125279350970619, -0.3735686885051618)
(8.61276, 4.2244, 5.7338);(0.6435261327645668, 0.11688293627984266, 0.7564472854440575)
(5.90554, 4.661, 7.47095);(0.0734625864395876, -0.3938435167425524, -0.9162371596445239)
(7.78194, 4.99549, 7.32276);(0.41985593810033195, 0.8845065849645001, -0.20339393402048064)
(10.4497, 4.49675, 5.22191);(-0.374267321754081, -0.687743964194404, 0.6220387540830503)
(9.87084, 4.84777, 8.36822);(-0.11164071410046927, -0.7572213791188298, -0.6435465282017413)
(5.67682, 3.0153, 8.91187);(0.7536699956002129, -0.5078313888306746, 0.41723952143856574)
(7.25899, 2.08011, 9.58553);(-0.6110495960439086, 0.5745258898324956, -0.5445533886468388)
(6.55538, 0.802155, 8.24888);(0.7184209992757057, 0.5350780533033497, 0.44448030853210385)
(9.57756, 5.06741, 9.59174);(0.27535122248277805, 0.5684057417944467, -0.7753042093090586)
(6.06271, 1.90327, 8.32356);(-0.8801829292039568, 0.25108524466117743, -0.4027830818832626)
(7.13023, 1.65568, 7.88698);(0.8322898837262571, 0.43054918590074026, -0.34917180293824324)
(6.18421, 1.86272, 9.71378);(-0.5672186421880866, 0.5723495693249039, 0.5921815451767308)
(5.78614, 1.0741, 9.07496);(-0.6308128164881572, 0.5497288257590977, 0.547606983779245)
(6.92216, 1.04171, 9.29407);(-0.062151298398196934, -0.927299686439553, -0.3691239732617281)
(5.26488, 1.01945, 9.99004);(-0.6076672035258845, 0.39811902531881643, 0.6871985240367058)
(6.66375, 0.334398, 10.1497);(0.07366781887560031, 0.6577667255781698, -0.7496105570122958)
(5.74829, 4.63842, 8.77166);(-0.6614021062551011, 0.5704895939050089, -0.4869177313339638)
(10.0871, 2.54761, 7.89634);(0.5283710889434192, 0.6529184647515438, 0.5426983238920424)
(8.61411, 4.40504, 8.09028);(-0.7476184364214612, 0.25927544571958294, -0.61142695129479)
(7.84034, 0.502021, 8.07332);(-0.6847827586716488, 0.033234300156653906, 0.727989048488467)
(9.81069, 1.50027, 8.04039);(-0.8808873003554296, -0.3729583388037231, -0.2914440625390924)
(9.13949, 1.07284, 9.06328);(-0.9945712867199096, 0.030565141211963347, -0.09946721960021004)
(10.0162, 1.78584, 9.26188);(-0.990598619039044, -0.13306463067117705, -0.031751850690668826)
(8.47853, 1.66333, 9.65035);(0.4196043645770828, -0.04501422146600865, -0.906590258658051)
(9.15906, 2.26975, 8.3842);(0.508796728900174, 0.7827989167283292, 0.35826211721229667)
(10.2033, 0.720616, 9.03455);(-0.34904617408512484, -0.7716716883585711, -0.5316855967038876)
(9.68941, 0.325563, 7.98085);(-0.8639633265323061, -0.011338943101342673, -0.50342705407693)
(8.82205, 1.23531, 8.03217);(0.13121040958344446, 0.7466048548214648, 0.6522001373611971)
(9.14521, 0.258457, 10.0211);(-0.682552029070918, -0.28948034324422506, 0.6710617396979046)
(7.93569, 0.818606, 9.13843);(-0.6606946710804377, 0.6746948649418375, 0.32904314432461274)
(9.41499, 1.29828, 10.1824);(-0.7278209612345745, 0.6854340131615032, 0.021374330139122984)
(6.6158, 2.95839, 7.88617);(0.25299638242685624, -0.7038220927062728, 0.6637976290237008)
(10.0183, 2.86459, 8.86204);(-0.6455891874326027, 0.7510594694684679, -0.1382905433927256)
(8.72293, 0.196189, 8.62759);(0.8560916915056206, -0.4676309640176936, 0.22006430248208825)
(6.01552, 3.70936, 8.18362);(0.559088083110251, 0.3533968916327175, 0.750020767918088)
(7.21833, 3.5068, 8.52566);(-0.3363091949706617, 0.8539139911228922, 0.3971486134216743)
(9.67367, 3.74683, 8.1406);(-0.013864601562880469, 0.8850684938351157, 0.4652542681630576)
(6.05287, 3.91144, 9.32467);(0.40418663609086364, 0.787851271485829, -0.4646757334138662)
(8.28055, 3.23385, 8.2916);(-0.4988744732302322, 0.22518912530948929, -0.8369074726644551)
(7.03372, 4.03696, 9.50304);(-0.7087683756350561, 0.37781238089449604, 0.5957392001056133)
(6.72219, 4.55168, 8.33264);(-0.2195553784074648, -0.8431262291585231, 0.4908498726874485)
(10.1634, 0.445865, 10.1291);(-0.8513098133346231, -0.35844323693988966, 0.38313189323289604)
(7.91939, 0.143687, 9.9452);(0.31816164661641216, 0.8182144473947401, 0.4788510046944178)
(8.02214, 3.50179, 10.3344);(-0.9128651603201414, 0.39814056402373404, 0.09033986026414763)
(8.63669, 4.6496, 9.3141);(0.9300978255217243, 0.11207866142196865, 0.34979480930056633)
(9.57668, 4.18758, 9.13008);(-0.6765002535161476, -0.7180522329287881, -0.16354937413077938)
(7.84445, 2.98278, 9.30815);(-0.20425663827617344, -0.7345981599663445, -0.6470276416770594)
(8.78926, 3.53979, 9.18332);(-0.7461177171291316, -0.5032246727818063, -0.4359739451958769)
(5.04102, 3.30509, 9.92659);(-0.14130085224814815, -0.9590891113689736, -0.2453204956937348)
(8.09954, 2.0667, 8.34918);(-0.7472415349015863, 0.5013460114303678, -0.4362135547421501)
(7.79405, 4.42128, 8.72619);(-0.516248467891002, 0.7233025909971673, -0.45860754600963316)
(9.58382, 2.48062, 9.96586);(0.850967191113548, -0.5210338874756678, 0.06617044468878422)
(6.54098, 5.04811, 9.59175);(-0.7127265572082795, -0.06299526443567877, -0.6986075087692031)
(7.67028, 1.28903, 10.1116);(-0.2832034852546633, 0.8572403005297339, -0.43004052493608463)
(9.17006, 3.78084, 10.1045);(-0.6000674808150467, -0.043108426154769695, 0.7987870066937383)
(5.62753, 1.02318, 7.71223);(0.18160896049973627, -0.28993984410251306, 0.9396558264960717)
(5.81338, 8.62569, 0.731114);(0.5796893737124105, -0.1815318906808097, 0.7943591144254365)
(7.75933, 7.39481, 1.70059);(0.7164441698311649, -0.5692397783106988, -0.4033284347820266)
(6.98446, 5.98145, 1.16226);(0.4390567024070689, 0.6095551166202127, 0.6600543703919773)
(5.80725, 6.00186, 1.4116);(0.7244252215072817, 0.6868113093090555, 0.059146630075658645)
(8.452, 5.629, 0.528227);(-0.5441760098641687, -0.8267573781648082, -0.1426348763043748)
(6.3883, 5.71256, 0.163893);(-0.5794090844014412, 0.5583821534780254, 0.5937124586787162)
(8.39049, 9.7596, 1.48061);(-0.7742259858442714, 0.20066593845938455, -0.6002560320277347)
(7.87951, 6.37607, 1.71391);(-0.5273223224691722, -0.691008670155008, -0.49440690326524145)
(9.61507, 5.42598, 0.478845);(-0.6055156935454961, 0.7939689792534974, 0.0544426749276363)
(5.41657, 7.19355, 0.375696);(0.49741681092279955, 0.8332552776424204, 0.24137555487754855)
(6.30087, 6.80857, 0.622952);(-0.7191263646284253, -0.015690912804843755, -0.6947021426134051)
(8.90928, 9.92799, 2.65286);(-0.12110157832803949, 0.7743694437375561, -0.6210365305938498)
(6.75623, 7.52404, 1.24428);(-0.9712151899224851, -0.2373157986038268, 0.020549126425694716)
(7.65793, 9.43214, 2.36681);(0.1757253223473997, -0.010979481879793852, -0.984378007710226)
(10.1405, 5.8938, 1.44035);(0.4232379524910223, 0.20281599074533993, -0.8830262224131248)
(8.53723, 7.88055, 1.18071);(-0.9783303440222864, -0.20437156477998117, 0.033196407555891094)
(7.67984, 7.37978, 0.700541);(0.6782756121389012, 0.6293617942949085, 0.3792702543826662)
(9.30539, 7.45571, -0.128486);(0.6574157591252786, 0.37201570452966176, -0.6552929384916588)
(9.70293, 6.40836, 0.14113);(-0.6916139182564393, 0.4859181882091325, 0.5343722508154117)
(9.06464, 6.08724, 1.64859);(-0.01765218960429036, 0.539931463777279, -0.8415238645608923)
(9.63532, 6.91525, 1.1744);(0.0610863365042717, -0.6269520144476515, -0.7766592760487179)
(8.32779, 5.74458, 2.35523);(0.6029512196011768, 0.7904745387204657, -0.10770250886641604)
(9.3014, 8.11606, 1.95156);(-0.66105103054644, 0.026241126440548216, 0.7498819495738119)
(9.49773, 8.34469, 0.589792);(-0.7671057523724587, -0.08451777666097243, -0.6359288561666079)
(9.88389, 10.183, 2.38592);(0.6647664502067464, 0.20818867528467713, 0.7174559513745304)
(7.29959, 8.46633, 2.42991);(0.7902311026841807, -0.5228244664040634, 0.31967073948025027)
(8.75869, 7.00614, 1.97613);(-0.43676334620302665, -0.3743305284662322, 0.8179941533236814)
(8.70992, 6.67955, 0.544675);(-0.16383458479837598, 0.5770204464912233, -0.8001285104000563)
(9.93876, 9.12093, 1.43974);(0.321571156952187, -0.9445420717549422, 0.06657526343405186)
(7.376, 5.3883, 0.0329815);(-0.4661670696437509, 0.4525487456785908, -0.760189381644135)
(5.18618, 7.50098, 1.79725);(0.7975118838812668, 0.24447682438177415, -0.5515486174475972)
(7.69869, 6.39296, 0.444865);(0.5082002101255091, 0.3416973590947398, 0.7905538952001115)
(5.82994, 9.55773, 0.751074);(0.3825307315520912, -0.6785082594820534, 0.6271337825638613)
(6.46595, 8.82266, 1.59996);(-0.5972193466892313, 0.49061319654859015, -0.6345295448696321)
(9.60065, 10.0309, 0.699407);(0.8273982218256623, -0.34934553034273347, 0.4397384256001361)
(7.32593, 9.43319, 1.42495);(0.31297271380291153, 0.3697851051585297, 0.8748182990871509)
(6.72373, 9.21521, 0.523872);(0.6222157769613362, 0.3131030154854973, -0.7175054206027222)
(6.46276, 9.61301, 2.27099);(0.8581680827511933, -0.37575885396030884, 0.34978968740884325)
(8.02051, 8.54176, 1.80155);(-0.3617288957813458, 0.7879039362358832, -0.4983568934215814)
(7.61425, 8.29328, 0.657544);(-0.07715251797787209, -0.8740348244463224, -0.4796984621871958)
(8.73646, 8.92671, 2.33897);(0.7907974646531597, 0.4087476542443163, -0.45559271838771015)
(6.08295, 7.04603, 1.93916);(0.35207814828534556, 0.34115235284633827, 0.8715824973273442)
(7.88526, 9.37783, 0.399878);(-0.572419783899147, -0.4439188231337135, 0.689399499179128)
(8.78515, 8.83509, 1.25267);(-0.6773829429069262, -0.1984668389552815, -0.7083524987559866)
(5.55692, 9.17158, 2.23179);(0.6699303496459112, 0.6830686582718111, 0.29087890042087094)
(5.71884, 5.19703, 2.24019);(-0.1157837589642992, 0.9928018381593008, 0.030637090390741525)
(8.33194, 7.87159, 2.41136);(-0.8535732733786109, -0.5114343371824513, 0.09923500251660251)
(9.73422, 7.21296, 2.39875);(0.6025406809697809, -0.7944912226389653, 0.07568635891701196)
(7.01348, 7.41007, 2.41877);(-0.05820690563037858, -0.2737325960896927, 0.9600429271521839)
(7.16108, 6.27931, 2.51084);(0.4410552252348809, 0.7441986213027486, 0.5016360237703197)
(9.09335, 9.11328, -0.0195874);(-0.8465502767329645, -0.4974532062495552, -0.18945431258057638)
(5.22621, 5.76331, 0.429194);(0.7200229240868005, 0.5864185729015621, -0.3710528886096819)
(7.52947, 6.11098, 3.83077);(0.033769663977130396, -0.37441512522618686, -0.926646061771554)
(6.68222, 6.75563, 3.32476);(-0.6082636492312754, 0.13914455411464063, -0.7814436167018639)
(5.67668, 5.7502, 4.13689);(-0.3298994503799501, 0.7876070100672344, 0.5204243944435716)
(5.44169, 8.92555, 3.30305);(-0.2093513863817033, -0.7133411297911539, 0.66881718695645)
(5.44895, 7.9193, 3.63467);(0.6269437412588671, -0.06745658611243001, -0.77613861795841)
(9.00621, 5.91047, 4.34401);(0.5682104210620083, -0.031720158775458855, -0.8222717001841879)
(6.92345, 5.62031, 4.75577);(-0.6526852593224758, -0.6907149199145062, -0.31131150263144736)
(5.43003, 6.67956, 3.74354);(0.9966225039603026, -0.019270646567583292, 0.07982622865176581)
(6.04601, 7.45138, 4.32982);(0.04698521645450231, -0.5749235410236597, 0.8168569712082648)
(7.96766, 6.02979, 5.10999);(0.6781832945870295, -0.7147804619862898, -0.17075218916824658)
(6.0159, 7.86341, 2.77258);(-0.7597619693901742, 0.6032260059762262, 0.24265229358556212)
(5.75003, 6.1932, 2.90812);(-0.35148444158683945, 0.6955682244543273, -0.6266127452037998)
(9.26119, 6.91034, 3.79014);(0.6386352312861824, 0.23801392739432395, -0.7317748367676862)
(6.94871, 9.46082, 3.30056);(0.07291865069907068, -0.9768680966564525, -0.20102634681808892)
(9.91609, 6.30116, 4.49436);(0.6296788164421556, 0.17330216483517077, -0.7572786460659308)
(8.24525, 6.73073, 4.31055);(-0.3891461235644312, -0.49035236248582037, -0.7798203992711085)
(6.30951, 6.50764, 4.7876);(-0.5470378847487241, -0.27272134325174624, -0.7914370610380871)
(8.47755, 6.11674, 3.43351);(0.4535483038767063, 0.5017918549021307, -0.7365452263129819)
(9.35765, 6.13181, 2.81486);(0.8470197321814418, 0.23628551101784978, 0.4761583041156712)
(8.56595, 7.0635, 2.95757);(-0.14861863148870438, -0.9830851019407363, 0.1070335681765153)
(5.18663, 6.4489, 4.78703);(-0.6872791050501889, 0.7000162700919819, 0.19397075389841942)
(8.58142, 7.73906, 4.08945);(0.5342264367636219, 0.8239142599522244, 0.18912272869811844)
(9.59697, 5.35267, 3.40714);(0.5128487577117189, -0.1385719591722538, 0.8472213192812784)
(9.06498, 8.04829, 3.09091);(-0.5180632819063004, 0.5769889201961758, 0.6314223799576035)
(8.79075, 9.03084, 4.55782);(-0.6582433369814465, 0.32630434336235103, -0.6784107788223849)
(9.44578, 7.23831, 4.77906);(0.22192560805218475, 0.7129245002345019, -0.6651974755334342)
(6.57206, 5.641, 3.57909);(-0.6335211342349408, 0.43697883569404933, -0.6385142673685118)
(5.43342, 9.03831, 4.64089);(-0.8528524194263296, 0.49103901677336087, -0.17754840096409436)
(9.90356, 5.30163, 4.67802);(0.5242924954014708, -0.09427920178267339, -0.8463030257401426)
(6.95621, 7.90334, 4.7839);(-0.55229958591024, 0.6876668806153916, 0.4712530410597626)
(7.34268, 10.0343, 4.79517);(-0.04864950732186303, -0.30957648476475585, -0.9496292042255424)
(10.1505, 7.4587, 3.37318);(0.6075402222445373, 0.5836445143243126, 0.5387522243612506)
(5.59206, 9.92654, 3.00229);(-0.3439679017949452, 0.34564791225961755, 0.8730484541452156)
(6.75365, 9.26774, 4.63893);(0.7790109582114243, -0.5148879656681395, 0.3578160278643809)
(6.16146, 8.44909, 4.10932);(0.5107859133234235, -0.7661520677612683, -0.3900112303709844)
(7.44981, 7.32228, 3.74866);(0.5062454122457931, -0.3235604248303384, -0.7993899136614734)
(7.81402, 8.49154, 4.3958);(-0.2913612856396347, -0.16397714939644284, 0.9424542936961112)
(6.87316, 8.38743, 3.39474);(-0.8543170227485957, -0.3976572815441547, 0.33468061054815873)
(9.02007, 9.38981, 3.51844);(0.9682374781312989, -0.24971078634838811, -0.01267711020745975)
(10.1193, 6.26525, 3.54104);(-0.5081398728421221, -0.6420620280932383, 0.5740646494157166)
(7.33817, 6.90002, 4.71946);(0.742902710610993, -0.4585911510644068, -0.48763687179320375)
(9.72386, 8.98861, 2.70337);(0.41779485415989287, 0.5447685703312283, 0.7271001750906017)
(9.68249, 9.61398, 4.37853);(-0.4658673865673649, 0.6034644812849022, -0.6471461951989189)
(8.20696, 8.7143, 3.35521);(0.5999128758813697, -0.5448197190204247, 0.5858976148767375)
(6.08302, 9.55525, 3.77539);(-0.6007783597225104, -0.23442024447283646, 0.7642725374304807)
(9.46311, 8.50933, 3.99472);(-0.6684843805713165, -0.5788145547150185, -0.46701428691447777)
(8.044, 9.5253, 4.05474);(0.6031788842907997, 0.5613428486761486, 0.5666298966572916)
(5.68353, 5.42163, 5.12523);(-0.6810226110357867, -0.46020487589877945, 0.5695785068425498)
(5.93172, 10.2846, 4.92141);(0.6474579528229313, 0.7225337416647036, 0.24236994756434294)
(8.85834, 9.9343, 5.01289);(0.3173709879878529, -0.9124305575916198, -0.25835273088678534)
(10.2778, 10.1968, 4.99365);(0.5245705694352496, -0.7421339449800209, 0.41720849151325917)
(6.4283, 8.25496, 6.17037);(0.017939306003182148, 0.4762667102609049, 0.8791178544412458)
(6.90157, 6.75528, 6.72224);(-0.5411253089463811, -0.3621123685080056, 0.7589848698038758)
(7.02992, 7.26385, 5.68616);(0.38570445064261843, 0.5687620718815138, -0.7264583830774644)
(10.1215, 8.7612, 5.68683);(0.8787617420485182, -0.41970911190209775, 0.22720489012828463)
(5.98489, 7.17855, 6.53976);(-0.06346319984432154, 0.7313870513487306, -0.6790032425437518)
(7.74339, 6.307, 6.44173);(-0.6142533090440746, 0.7344330286833626, -0.28861912394605416)
(5.7009, 6.42277, 7.24602);(0.9649705288648914, 0.2574505046118558, -0.050508574492977326)
(6.92159, 5.99383, 5.85369);(0.1416246873771101, 0.6828786289069975, -0.7166723282696459)
(5.49573, 6.32109, 5.87484);(-0.16718877097044849, 0.49289580893036894, 0.8538744851559088)
(8.39267, 5.22694, 5.50534);(-0.6117249713261317, 0.015713579414869033, 0.7909144346122506)
(8.90781, 8.93008, 5.75851);(0.28818194440856776, -0.7314872322396646, 0.6179624551599004)
(5.35152, 7.608, 7.2456);(-0.6491019494106004, 0.2554588440362005, 0.7165245552491879)
(7.99924, 9.4867, 5.33374);(-0.8892289019514675, -0.012546809958544446, 0.4572904301360913)
(5.75419, 7.25674, 5.49768);(-0.5948838384615941, -0.7565651647907955, 0.27151863685993327)
(9.96657, 7.6952, 7.7477);(-0.22912117365531234, -0.7161716090195789, 0.6592432890952471)
(9.61098, 6.0063, 6.6868);(0.0639026413831173, -0.9923722531859442, -0.10542183612000422)
(9.37299, 5.91602, 5.43239);(0.4266516102167141, 0.7503558947569833, 0.5049103234267764)
(8.71633, 6.17801, 6.1322);(-0.6427036178493057, -0.7348914305258104, 0.21648705490892872)
(9.38345, 7.76734, 5.84942);(-0.08657382332719016, -0.9577576730652863, 0.2742356884125055)
(9.90777, 6.97503, 6.39577);(0.9034915979536758, 0.03286853662356506, 0.4273436459423943)
(7.25586, 6.06104, 7.33488);(0.32862846738680696, 0.9371177039887185, -0.11753186501502895)
(9.67016, 10.1727, 6.94539);(0.658514045661699, -0.2976291034135683, 0.6912135476591134)
(8.92059, 7.06494, 6.73567);(-0.17324304610909427, -0.8993018420409611, 0.40155079862525056)
(8.58188, 5.55902, 6.96899);(-0.8584911786897647, 0.009726122187884448, -0.5127360906539005)
(8.55579, 6.78205, 5.28595);(0.41035979518648946, -0.8845543169978323, -0.2217397095132062)
(6.64112, 9.17769, 6.4548);(-0.6246849449373106, -0.7803351588036568, 0.02908194463135171)
(6.03125, 9.16421, 5.46992);(0.1176098208334807, 0.729722234473488, -0.67355281200403)
(8.70347, 8.27311, 6.55979);(-0.5284149677165262, 0.40473325436507973, -0.7463032994059415)
(7.81568, 7.95603, 5.60718);(0.7670601585105422, 0.000827966550140576, -0.6415746470187033)
(7.08703, 7.76707, 6.80962);(0.46558750295448353, -0.7689684393513404, 0.4380819744912734)
(5.3649, 8.18475, 6.24104);(0.6036408275040164, 0.35339292321827503, -0.7146545971233299)
(7.03826, 8.72759, 5.52678);(-0.8664006685210998, -0.49854235432633065, 0.028379614672337773)
(7.49676, 8.85687, 6.80671);(0.6407071119327042, 0.5249962002885569, 0.5602440418259086)
(6.60745, 9.91252, 5.64933);(-0.6523171084448869, -0.28922992370089606, -0.7005914938579225)
(5.69047, 9.48304, 6.93226);(0.3593442327920802, 0.22306125921562128, 0.9061541794839401)
(7.27987, 10.0589, 6.35467);(-0.3211553191556485, -0.8937449715678074, -0.3131759677486331)
(6.00176, 8.43712, 7.12459);(-0.4795432195970456, -0.8629385180445817, 0.159296624614337)
(9.15484, 9.08179, 6.99761);(-0.751173757889836, 0.09250078623462696, 0.6535913019644908)
(6.59991, 9.4434, 7.49079);(0.28850762840586, 0.9390880457865042, 0.18675382355526426)
(8.92893, 7.54203, 7.54335);(-0.4221591163415432, -0.702056307363788, -0.5734968367658623)
(8.21262, 8.50338, 7.41866);(0.8171999457705312, -0.5757354023482882, -0.026701968382416934)
(9.68314, 9.75784, 6.02339);(-0.8642664720452725, -0.4680171141862503, -0.18440023353345467)
(9.67126, 6.78193, 7.45523);(-0.0940169576659044, -0.8936690840007186, 0.43876688568369)
(8.40867, 9.70197, 6.47593);(-0.32704846624016937, -0.6138486637583687, 0.7184908619683468)
(8.05062, 7.44666, 7.00617);(0.483515424782623, -0.6607755204434866, -0.5740980278488325)
(6.07962, 5.60028, 6.58773);(-0.4845283835861492, 0.6374579866020249, -0.5990655730524713)
(9.72095, 8.00901, 6.80229);(0.6952336001302287, -0.16813766660883156, 0.6988418750456349)
(10.2219, 8.98883, 6.72575);(0.9049734564573343, 0.08260735731252922, -0.41737161813605095)
(8.35032, 6.50933, 7.46513);(0.7564284665023201, -0.5611269938475619, 0.33608402497076034)
(6.04546, 8.17078, 5.13546);(0.7695596416626348, -0.11240118230827553, -0.6286047503318589)
(8.69131, 8.10303, 5.06921);(-0.24072638910908406, 0.6973060039719057, -0.6751408315390459)
(6.44122, 6.76513, 9.00979);(-0.2408551259880425, 0.7443202507495125, 0.6228773335171757)
(9.43745, 9.73322, 8.65769);(0.7978041689311544, 0.23400282649699633, -0.5556538357894121)
(6.87927, 6.04159, 9.57581);(0.6023045810658124, 0.706104106113205, 0.3723522296928113)
(5.86652, 7.46638, 9.7034);(0.9430229578541347, -0.1810850321629531, 0.2791342187668526)
(6.86973, 6.99575, 10.0421);(0.08300443492208025, 0.833645982840373, 0.5460262256314935)
(7.47422, 6.96358, 8.99855);(-0.856396385079575, -0.20791855780072585, -0.4726045968298472)
(8.49631, 9.82181, 7.72766);(-0.7575890511906304, -0.6016836332810481, 0.2530526327817946)
(7.38077, 5.83003, 8.37696);(0.36891104017978077, -0.7287154068954773, 0.5769562376702683)
(7.71278, 7.70015, 10.0019);(0.551375513332932, -0.7973970928341216, -0.24524053424451883)
(6.3781, 5.69716, 8.6946);(-0.34423782502710637, 0.9373471854730642, 0.05367097638698373)
(9.74394, 7.77189, 8.86721);(-0.7403724603617203, 0.2776759095079563, -0.6121639561562426)
(5.56291, 6.23691, 8.51016);(0.48879666728358473, -0.6195770129015247, 0.6141678460620391)
(5.85221, 6.24557, 9.71964);(0.7066078304208516, -0.07282492839051159, -0.7038479266097569)
(6.55336, 7.77326, 8.81266);(-0.5737685687603742, 0.35199348235584377, -0.7395202619818324)
(8.2919, 8.79689, 9.41876);(-0.5447991941443135, -0.8110788590128217, 0.21294347259816548)
(8.20912, 6.3788, 8.65941);(0.2750015776344084, -0.517575195194175, -0.810240735595476)
(9.41883, 5.73569, 8.70729);(0.2749319208983059, 0.8829818361026364, 0.380467496619599)
(8.27077, 7.94111, 8.32516);(-0.46256244409540315, -0.12210097010576104, 0.8781385644713021)
(8.9456, 5.93267, 9.95142);(0.749212984565184, -0.019093894452121615, -0.6620538701295995)
(8.40244, 5.36221, 8.25392);(-0.5794638203216436, -0.07291740474536479, -0.8117294703430735)
(9.45945, 6.67051, 9.3048);(-0.7869285662588011, 0.5794098570471938, 0.2121971940493516)
(8.89328, 7.2038, 8.51136);(-0.5957715291487464, -0.25906594981969966, -0.7602243870725152)
(6.07971, 9.91355, 8.27071);(-0.7043950879098373, 0.009928050035934376, 0.7097386800442657)
(7.80266, 9.12399, 8.34498);(-0.6868119390608162, -0.6173346177219428, 0.3836500099382569)
(9.45459, 8.37361, 9.72596);(-0.01583145549344387, 0.19516639784682574, 0.9806423620099499)
(9.88427, 9.87251, 9.6797);(-0.39858252219961987, -0.6988508752142342, -0.5939187042089924)
(7.6296, 5.32161, 9.26311);(0.8865867605344124, 0.35924189600539297, -0.2913917915788756)
(6.73056, 10.1494, 9.18025);(-0.635822437979871, 0.715107969581968, 0.29043143631791707)
(8.65199, 7.65138, 9.40334);(0.730241102659944, 0.6060973251390477, -0.3152680834548284)
(6.5257, 5.47274, 7.70506);(0.18409735639727828, 0.6137048420397546, 0.7677724469036991)
(7.48679, 8.14028, 8.89857);(0.6968868477532483, 0.7117725219225955, -0.08791244772209145)
(10.0483, 5.78764, 7.91275);(0.07492581970595977, 0.32785971221294624, 0.9417505671084218)
(5.82773, 9.32751, 9.04765);(0.7340458498664647, 0.6207865308362661, -0.2753194025601776)
(6.28312, 9.59951, 10.0116);(0.567207273070706, -0.7055675565688495, 0.42479445911305963)
(6.24872, 8.80984, 8.14118);(-0.7837692485027491, -0.1564192161458941, 0.6010314417081188)
(5.09158, 8.06434, 9.09528);(-0.7214136372155868, 0.5836204278148741, -0.3727593865706954)
(5.73397, 10.3277, 9.38661);(-0.0414639500779561, 0.8526232954913072, 0.5208783512774124)
(6.94053, 9.1286, 8.95319);(0.5230167865709666, 0.8449190615692939, 0.11209469372741891)
(8.70756, 9.74535, 9.33005);(-0.04099230540314727, 0.9850584643647693, 0.16727059718031037)
(7.26978, 8.82464, 9.88537);(0.5583426636993446, -0.788655443969105, -0.2574413731143739)
(9.8909, 9.39988, 7.73028);(0.652023048560938, 0.26697928423573764, 0.7096393492008979)
(7.14745, 10.1378, 8.19751);(0.6714864624623135, -0.6193407887232217, 0.40684507881200394)
(6.16687, 8.42058, 9.62865);(0.6779824360720228, 0.22269551864238307, 0.7005330273116647)
(5.54884, 7.48369, 8.27895);(0.4870231055524395, -0.7900022956525558, 0.3724310238443478)
(9.25022, 8.47728, 7.79855);(-0.18852248672394856, -0.9523175855849758, -0.2398968282095885)
(7.77952, 9.95855, 8.97864);(-0.8387224100951518, -0.3510782080329224, 0.4162797264443372)
(9.13336, 8.7226, 8.85245);(0.41564178336504687, 0.3465435993679732, 0.8409217809393529)
(7.92771, 6.4553, 9.67627);(-0.16121663795432428, 0.5245261699816597, 0.8359913233108794)
(4.98609, 8.02277, 10.174);(0.1457697242139478, 0.21894297487661712, 0.9647876249490177)
(9.3612, 5.10417, 7.39847);(0.6068656804231123, -0.24380172859899718, -0.7564884421170848)
(7.39138, 7.09512, 7.92847);(-0.05781017114129299, 0.8814442775300203, -0.46873656751121395)
(5.2425, 5.51431, 7.83275);(0.4730801401710728, 0.7926397676458078, -0.38460028565007337)
(6.40494, 7.4865, 7.8147);(-0.4690655883192173, 0.17145229366930884, -0.8663611168850317)
(6.42849, 6.4977, 7.99627);(0.47506300848573774, 0.8017835051557722, -0.36257185333200304)
(10.0374, 6.69197, 8.45901);(0.3738423169484864, -0.4053208843034689, 0.8342403147810835)
(10.2272, 5.86513, 9.6117);(-0.6095184010955582, -0.44826240872706224, 0.6538716476863989)
(5.36515, 5.43423, 9.26564);(-0.7864350113866657, -0.4740027112617312, 0.39603207266808943)
(5.2689, 9.32496, 9.89524);(0.5009541443964867, 0.08156487969865032, -0.8616217938351657)
(6.60174, 7.90881, 10.4707);(-0.7980328584306271, 0.07712938681005674, 0.597657606456529)
(8.52394, 8.27128, 10.445);(-0.4934683581432172, -0.8059111262674145, -0.32710279129017705)
(7.15361, 8.31946, 7.89132);(-0.3340380331970485, -0.2211707218227654, 0.916243474293948)
