(5.20856, 2.93685, 0.926722);(0.3038779797723235, 0.3664589113459396, 0.8794123263319885)
(1.98511, 0.239867, 2.12148);(0.7556128404039975, -0.04295766967643413, 0.6536083491147993)
(1.9095, 2.36491, 1.12442);(-0.868962630409571, 0.3605767186008214, 0.33895187999883264)
(1.70077, 1.04167, 0.264969);(-0.5390891457314009, -0.811851905868694, 0.22423063102965612)
(0.792054, 1.24124, 1.03788);(-0.14233791129136808, -0.5467462020368175, 0.8251112104241017)
(0.312482, 2.5306, 2.04306);(0.3728749741286367, 0.7602723417253456, 0.5319306534465069)
(0.0387117, 1.76221, 1.47804);(-0.12419226572020431, 0.6525428917498388, 0.7475052210934987)
(1.08864, 0.968437, 2.03564);(-0.09434229255890197, -0.8327588886355538, 0.5455384177426992)
(1.82464, 0.0280016, 0.0182966);(0.5436220583806581, -0.6831343216357605, 0.4876500345998404)
(2.37014, 0.424205, 0.869464);(0.3461808360370044, 0.9137068505380157, 0.212834724705864)
(1.19146, 1.97465, 1.82286);(-0.25698788560346986, -0.5540845225267741, 0.7918002074698735)
(2.38197, 1.77035, -0.109573);(-0.551137545309194, -0.8019993615416797, 0.23031376475863088)
(2.47541, 1.48872, 2.37359);(-0.5403224710523555, 0.4791809934787179, 0.6916915517516644)
(3.10353, 0.634084, 1.75071);(-0.7550557500594977, 0.48533909336005543, -0.4408364535273018)
(4.18373, 0.187882, 0.734513);(-0.044915978280904885, 0.8170441292668202, -0.5748229690310686)
(0.483806, 4.56442, 0.805047);(-0.5991085032011579, -0.5659272605151908, 0.5663879740935885)
(2.06191, 1.27896, 1.38742);(-0.5901719406641135, 0.7921547193448554, 0.1555248567671021)
(3.95291, 2.10951, 1.18458);(-0.7415329113275412, 0.5753220288550724, 0.34515721712313124)
(3.08539, 1.27024, 0.744801);(0.5583129988100531, 0.5664715534124416, -0.6061324727600567)
(4.0942, 0.94188, 1.96263);(-0.8614116320642976, -0.08433974834266152, 0.500856074130902)
(3.11947, 1.83422, 1.73581);(-0.7056633391629406, -0.7001965011796749, 0.10846248889431982)
(3.4, 3.55727, 0.193239);(-0.8506404158694958, 0.5244503550223112, 0.0369148751364903)
(4.67994, 1.25334, 1.14546);(-0.6809296663188474, 0.23754285521652424, 0.692754055536656)
(4.52621, 2.50219, 0.313433);(-0.07422846676053252, 0.811112257056917, 0.5801612199849402)
(3.01476, 2.58271, 0.964663);(-0.8265087306291868, 0.11644019590409158, -0.5507494883988067)
(1.28945, 3.34687, 1.4796);(-0.148306428009899, 0.8788333312502874, -0.4534944093309942)
(1.05327, 3.38035, 0.496123);(-0.5628905024830543, -0.5939426222019746, -0.574792522347166)
(3.27718, 3.8681, 1.77824);(-0.8503843797622412, 0.15208362356416932, -0.5037032639361992)
(2.47494, 3.64555, 1.1418);(-0.793295092624393, 0.0683845908849932, -0.604984664059799)
(4.78536, 2.63754, 1.94658);(-0.9868890706786333, 0.08827383793493337, -0.13512102616284624)
(0.675816, 2.5355, 0.939068);(0.38622217318277047, -0.774806379203223, 0.5005072503850165)
(1.71004, 4.25944, 1.03294);(-0.6909491269312259, 0.33133237162836626, -0.6425014891065225)
(2.22225, 3.57255, 2.31576);(-0.35473912979522143, 0.8983611130391425, -0.25905107676132566)
(0.249648, 3.53004, 1.24135);(0.01110897898151335, -0.9999339524208241, -0.002946418513604107)
(0.540541, 3.75227, 2.32779);(0.0076109873301840915, 0.9968934740546064, 0.07839307532682677)
(1.54535, 4.29048, 2.18959);(0.012351166973432394, 0.9981907648686592, 0.05884424870210696)
(3.53478, 4.71769, -0.121658);(-0.9852166607044478, 0.1516471613349712, 0.07969485510007758)
(0.502688, 4.93831, 2.24591);(0.07408114115057692, 0.5750211113501614, 0.8147777034427572)
(3.88517, 4.22878, 0.931874);(0.30832424968873706, 0.6365344270184956, 0.7069371119654935)
(3.95178, 2.15879, 2.27775);(-0.9998662496604591, -0.010963729583221777, 0.012135873415384925)
(2.1766, 3.09479, 0.276869);(-0.6948772740393105, -0.540521965255534, -0.47432223129428813)
(2.16834, 2.50242, 2.366);(0.02846994632067741, 0.9985890041314143, -0.044827034079092096)
(2.65506, 4.65114, 0.498679);(-0.1594573668305558, 0.4185831713445471, 0.894070174444158)
(4.13712, 3.38011, 2.08435);(-0.6437734298626487, 0.7438826218159087, -0.17942802446432712)
(3.22629, 2.75687, 1.99236);(-0.4518828059212472, -0.5135510697666106, -0.729429385516042)
(4.25824, 4.51507, 1.90429);(0.5909080018452298, 0.3700489001128739, 0.716862291434366)
(4.86964, 4.19081, 1.08192);(0.4849175811275402, -0.6254088427579357, 0.611325378921565)
(4.13252, 3.19733, 1.04563);(-0.7166784365115639, 0.684365092117078, -0.13422533043700718)
(0.123394, 1.67765, 0.159084);(0.04497937113568123, -0.7672672748144894, 0.6397482201389744)
(4.86376, 5.06588, 2.5685);(0.9341334317156276, 0.35286962374297076, -0.05364476107393225)
(0.339585, 2.88071, 0.0390919);(-0.5459619320359471, -0.8332317235639647, 0.08746692868850775)
(3.82824, -0.191498, 1.90895);(-0.02532445124813466, 0.2603121955247938, -0.9651923295540855)
(1.36588, 0.330679, 1.10901);(0.7138752299872984, -0.46094212019754444, 0.5271759837458211)
(2.1316, 5.03045, 2.45545);(0.8734032937033499, 0.37461526268507156, 0.31117533885501664)
(1.9047, 5.18002, 1.24913);(0.8712564960234442, -0.44714826719431505, -0.20241182100379315)
(4.62593, 4.98702, 0.363027);(-0.5707687467399849, -0.8204369967689126, -0.033259165318363086)
(3.02211, 4.95877, 1.31519);(0.7071399478097309, 0.6155423678164469, 0.34793776402479376)
(1.18891, 2.92842, 2.6774);(0.18649222699157195, 0.9763175139576887, -0.10965747220870167)
(1.43923, 2.37553, 0.0824626);(-0.350311144391719, -0.8852784290176287, -0.30588266579040363)
(4.47365, 4.03366, 0.162411);(-0.8500131360801977, -0.4552587602305118, 0.264985150007476)
(4.05819, 1.50251, 0.282353);(0.6321237424928108, 0.7735110120307991, 0.04582890402324498)
(1.29005, 0.922237, 3.34284);(0.8691105517510652, -0.24075725566304454, 0.4320680417255579)
(0.471829, 0.458925, 2.79489);(-0.050755676720850254, 0.09075622136650097, 0.9945788905682058)
(2.30748, 1.1719, 4.1729);(-0.942593618233449, 0.33393029722188217, 0.0027977603329648708)
(1.34621, 1.17705, 4.38795);(-0.9202861697139597, 0.03176679995086327, 0.38995414634811953)
(0.795145, 2.6492, 4.18348);(-0.4370985387789888, -0.7142407971431709, 0.5466305435059046)
(2.93744, 3.04133, 4.86593);(0.5024325479642217, 0.38871156810487, 0.7723113695703521)
(1.9618, 0.189987, 3.49887);(0.7252947429702178, -0.6833738332510761, -0.0833531034065081)
(1.95702, 1.83887, 3.31999);(-0.1933861200182578, 0.9784824721349694, 0.07192955101293838)
(1.85866, 4.73586, 4.70348);(-0.15311138893577164, -0.08965735381058028, -0.9841333555397069)
(2.86633, 1.71489, 5.10513);(0.6183324739832051, -0.07466295172415155, 0.7823620614892097)
(0.530103, 2.35572, 3.20376);(0.6356547004454061, 0.617628688206886, -0.4631175933880103)
(2.83814, 0.249349, 2.65805);(0.9855622531094905, 0.15404893437364536, -0.0702564663507123)
(2.9591, 2.28969, 4.17001);(-0.2857406127556073, 0.295780101832317, 0.911518751086402)
(0.335987, 2.23927, 4.94582);(0.07886565656886997, -0.8016897986646006, 0.5925147044007205)
(0.285825, 0.520591, 4.04115);(0.20460536260110485, 0.07153282005279218, 0.9762272795052211)
(3.0239, 0.60895, 4.88024);(-0.237234577119287, 0.6792571762102003, -0.6944994197160843)
(3.18075, 0.956409, 3.69365);(-0.4359860235769043, -0.05582019359406506, 0.898220626145225)
(4.62492, 1.65197, 2.766);(-0.8533854554779123, 0.4364551768354662, 0.2850265654150122)
(4.96483, 1.182, 3.8116);(0.8856885324080416, 0.439147530974985, -0.15068267849843964)
(3.94621, 1.77165, 3.55151);(-0.29975964334730953, -0.619707623660145, 0.7253320738791232)
(0.412982, 1.63744, 4.03908);(-0.38006500656876496, 0.11828845626643568, -0.9173649393213086)
(3.05545, 2.30798, 3.06433);(0.04950990020030054, 0.4621116864409486, 0.8854386252230352)
(4.64956, 2.7079, 3.98872);(0.5481785889284579, -0.8180656762676171, -0.17397926299766575)
(3.4569, 1.29082, 2.73036);(-0.566691664720595, 0.1874740474025809, 0.8023179162194345)
(4.12739, 0.935832, 4.28658);(0.9927193062480085, -0.09972491945523734, 0.06755234594090125)
(3.28083, 3.41547, 2.79751);(0.15357629551739538, -0.4446615091325275, -0.8824343962874163)
(4.40839, 1.51268, 5.08935);(0.9965036694091471, 0.062297205625719936, 0.05567310863722325)
(4.74853, 4.76239, 3.73206);(-0.26748307123012977, -0.14854890821942593, 0.9520430812059473)
(4.22879, 4.6797, 4.59701);(-0.5584783088605848, -0.2607802505471429, 0.7874615161751023)
(4.00057, 2.59551, 4.91809);(0.28956363824828607, -0.9213325535039704, 0.259420942212207)
(3.93671, 3.61527, 4.71207);(0.1496120691912159, -0.8534795297742365, 0.49918826209023676)
(0.822518, 4.48377, 4.33789);(0.11873822883740458, -0.8668399514321997, 0.4842413980790755)
(2.46668, 5.22345, 3.59885);(0.5593514982395946, -0.39053816676563674, -0.7311674512151486)
(5.02084, 3.66256, 4.05907);(-0.29982045205990543, -0.9521621238087535, 0.05911841092754238)
(1.88642, 2.89433, 4.00444);(-0.42830122119428915, -0.29306984178963674, 0.8547912796448488)
(3.98112, 4.0086, 3.74894);(-0.5209669404680862, -0.5316867710069246, 0.6677594061303456)
(1.29555, 3.56348, 4.5037);(-0.4421002392237287, -0.33537353118722224, 0.8319086326378247)
(1.93816, 3.96155, 3.85859);(-0.3281614726896978, -0.8902937732827891, 0.31573255311421783)
(4.81531, 3.82769, 2.9338);(-0.18883712418011003, 0.5429502259337056, 0.8182576566644054)
(0.780001, 3.37577, 3.49396);(-0.2684121963950858, -0.33276558667034856, 0.9040032948802259)
(2.92967, 3.53776, 3.88655);(0.3992365135368398, -0.8573579975398916, -0.3248807016634504)
(0.935674, 4.4112, 3.16061);(0.488801058034096, -0.6216449816924152, 0.6120711089419145)
(0.24457, 3.47595, 4.41238);(-0.24928496690040663, -0.49387505453376845, 0.8330332741173851)
(3.97318, 4.77638, 3.15429);(0.7161101422682149, -0.572560137372091, 0.3992006428264482)
(2.10973, 2.21676, 4.86673);(0.6576570207293652, -0.5387310871620045, 0.5265510980053313)
(3.75897, 2.97813, 3.66641);(0.8518958596353972, -0.5230004653438595, -0.027275585899740058)
(4.77648, 2.7983, 2.94468);(-0.11231809637429599, 0.6046389229871748, -0.7885406888904108)
(2.60448, 4.19944, 3.1367);(0.10844501711290497, -0.8440277924758399, 0.525220681039639)
(2.74445, 4.0804, 4.67388);(0.06822975090782551, -0.07197289185873837, -0.9950701502550191)
(2.94901, 4.75898, 7.04304);(0.11643995397855318, -0.8400337226422883, -0.5298915756465763)
(1.23597, 1.81378, 6.68887);(0.6865461973935622, 0.5973680407183835, 0.41449456301949195)
(0.289191, 2.10433, 5.9575);(0.1112021133321526, -0.5597145520696257, 0.821190422613392)
(1.94551, 0.950014, 6.71869);(-0.4531905584919146, -0.3995636137705101, 0.7968483144516509)
(1.17805, 0.917517, 7.31985);(-0.6919272387773903, 0.2645008088570188, 0.6717708079039152)
(2.3722, 1.18971, 7.75138);(-0.4466027299677877, 0.5495025889256653, 0.70611111473288)
(1.15282, 1.96604, 5.36196);(0.8962888449994129, -0.07283836214461391, 0.4374481447322738)
(0.616218, 1.01982, 6.37057);(0.569171745085433, 0.582016970634491, 0.5807751462397929)
(2.01878, 0.310477, 5.60413);(0.8160065633973785, -0.56189284836494, 0.13568240655565603)
(3.42748, 2.10071, 7.18283);(0.1557322877433627, -0.0751550172584954, -0.9849361288606961)
(3.60698, 4.48524, 7.84229);(-0.18270787329754706, 0.971364098278581, -0.15188687109334612)
(2.99066, 2.45235, 5.78396);(-0.4764599800292798, 0.37738327577649905, 0.7940829620352631)
(2.97599, 1.10443, 6.59519);(0.299858677447048, -0.9366024138311929, -0.1812751829823654)
(3.63307, 1.16908, 7.73138);(-0.9341320347644263, 0.3519308116109024, 0.05951508603508954)
(2.77541, 2.66637, 7.92067);(0.5930349501971387, -0.7987071037425689, -0.10186515732002956)
(3.96702, 2.07304, 6.06811);(0.298909047918209, -0.836373040794422, -0.4594926742668724)
(2.043, 1.53902, 5.8421);(0.23508889967963326, -0.7447745827160195, 0.6245350512081754)
(4.77842, 0.661486, 5.895);(0.6983670999731936, -0.18288573196664595, -0.6919799149672305)
(5.01397, 3.01529, 5.26056);(-0.7314485697741153, -0.14606684897115915, 0.6660686641833842)
(3.76255, 0.990976, 5.77951);(0.8467935620545974, -0.31486354802116556, -0.4287208991761539)
(2.29613, 1.9421, 6.88366);(0.6152393666840378, -0.7703405065701807, 0.16749933020588953)
(4.06596, 2.96562, 7.05166);(-0.9368417546322919, 0.12666452359636304, 0.3260116949429804)
(1.07366, 2.76807, 6.22179);(-0.811517708157512, 0.5070153987915806, 0.29047270910533673)
(0.738048, 0.690426, 5.24979);(0.14974300766833018, -0.09382192587292976, 0.9842634189483712)
(3.04295, 4.81434, 5.92691);(0.8998335019513577, 0.3100488241795036, -0.30687032341180115)
(1.92245, 4.69694, 5.65795);(0.1492421986956877, -0.08210582078195786, -0.9853859144123168)
(0.256574, 3.25494, 6.49693);(-0.6655188301337294, 0.7207027780007894, 0.19409325727437624)
(0.725337, 2.54302, 7.31868);(0.28923122062036877, 0.9137612871166804, 0.2852816348546101)
(2.16235, 4.0344, 6.52047);(-0.3552549708966534, 0.6688693813925477, -0.6529989711238208)
(2.0544, 3.50922, 5.36293);(0.9741391680962299, -0.21483037080150963, -0.0700056637856627)
(0.686012, 3.08972, 5.22);(-0.14579768392121997, -0.8364736801514314, 0.5282563939765696)
(1.68632, 3.36218, 7.15395);(0.5680289406080027, 0.6922440419626995, -0.4451306650848653)
(2.09681, 2.62736, 6.10012);(-0.9293972893451905, -0.2137538690853348, 0.3008819735525241)
(1.06672, 4.01655, 6.53526);(-0.6136612253500815, 0.4848691569436868, 0.6231547168613545)
(1.25949, 4.95057, 7.1633);(0.2233228570610513, 0.7502757129758422, 0.6222646189786792)
(0.219643, 4.50183, 6.21628);(0.13648616182552226, 0.9509440222590988, -0.27762743769271814)
(-0.0128518, 0.686333, 7.18463);(-0.3411272095996454, 0.2876439475107713, -0.8949263580491862)
(1.13332, 4.03643, 5.41103);(0.3847982107927061, -0.504720634788686, 0.7727790226120518)
(0.238355, 4.45985, 7.60788);(0.47165453954976144, -0.7990207602928958, 0.3729716074221541)
(0.111152, 1.72558, 7.03783);(0.3801030162036075, 0.6206616608883764, 0.6857848057344244)
(4.53091, 1.01583, 6.77672);(0.5888110527241631, -0.31455526051843585, -0.7445512287747847)
(4.1511, 4.62831, 6.00522);(0.8530127049178355, -0.24597871298556512, -0.4602866476520064)
(4.89611, 2.64413, 6.62098);(-0.4415023617079256, 0.3098702170881312, 0.8420546972543284)
(4.65625, 3.81319, 6.81456);(0.9361975426046294, -0.3481049219330468, 0.048550227054467)
(3.07643, 3.06406, 6.66464);(-0.7150227441515723, 0.6915950052614475, -0.102170563487599)
(4.07197, 3.08991, 5.8649);(-0.41714417812909405, -0.49190630415461023, 0.7642113075491325)
(3.63862, 4.13502, 6.72995);(0.9964760156238557, 0.0014304494780494857, -0.08386598893887935)
(5.17685, 4.76304, 6.66909);(0.885251437572472, -0.46510360188661953, 0.0029209224509597963)
(4.54334, 1.85112, 7.28789);(0.29264239581231005, -0.7800780238651273, -0.5530268572645539)
(3.02811, 3.75058, 5.72796);(0.27620660637084116, 0.9506424474790902, 0.14138192122074242)
(3.18796, -0.00694538, 5.71676);(0.5870316709299754, 0.4652453151376377, -0.6625259346377629)
(1.0206, 5.1208, 6.08819);(0.9839791364782883, -0.13153745634534053, 0.12034515592095886)
(3.85148, 0.423754, 6.98347);(0.9347486427083378, 0.3312759582461981, 0.1284570529125715)
(1.53808, 0.710546, 8.41958);(-0.529337793073839, -0.8390866030239897, -0.12543991968021512)
(3.82184, 4.77965, 9.07063);(0.9675047209960109, 0.22260463214467036, 0.11992411182980339)
(3.60831, 3.38744, 7.80431);(0.2527959467522359, 0.9042361574509913, 0.34416737332859876)
(0.470916, 0.720484, 8.24903);(-0.7384504562082873, 0.4926216005889588, -0.46045073825431587)
(0.812841, 0.906092, 9.78092);(0.1326698509103981, -0.9406034477465629, 0.31251218335721204)
(2.56471, 3.62112, 7.62181);(0.40887923590258407, -0.8645784028605413, 0.29209922244818537)
(1.00379, 2.73913, 8.46034);(0.25219742682749474, 0.5406013639335934, 0.8025874551815078)
(2.22661, 0.0785979, 8.98517);(0.33342155569362136, -0.942611014967388, 0.017735294217914983)
(2.83105, 1.83172, 8.52355);(-0.05685327541061569, -0.19283371397723256, 0.9795830050735015)
(1.79924, 2.19246, 7.719);(0.12728276852481044, 0.991746958838685, -0.015396963040777274)
(1.41479, 1.61119, 8.92185);(0.3693644052620748, -0.8751446637220085, -0.3125568007327416)
(0.713799, 3.60284, 7.63059);(0.6019757090474517, -0.24188502298515122, 0.7609972939323046)
(2.85715, 5.17585, 8.15398);(-0.8813959623994049, 0.2639579075861643, -0.3917491295315928)
(0.747365, 1.65443, 7.96452);(0.37851636978506503, 0.8414558549994956, 0.3855870872991002)
(3.13033, 0.0486429, 8.2458);(-0.29714554234090557, 0.884222111306252, -0.3603550811963714)
(2.71242, 0.706678, 10.2108);(0.9637326197529117, 0.09162361409203401, 0.25064826144400826)
(-0.18089, 3.59975, 9.76796);(0.31288808353902436, -0.036100737997523495, 0.9491036739446912)
(4.53185, 0.836463, 8.0123);(-0.9237736840840067, 0.0068706096852128706, -0.3828772326953053)
(4.60495, 1.1961, 9.08732);(0.8575010621896882, 0.18846257489508447, -0.4787209899382635)
(5.08754, 2.3546, 9.75249);(0.6819759071357906, -0.6885863051014067, -0.24649089742444433)
(3.58689, 1.5767, 9.58877);(0.26063726548425853, 0.7017008457471168, 0.663086826078357)
(5.15979, 0.292053, 8.58408);(-0.8411452641721336, -0.06168469544355881, -0.5372798552978016)
(3.5982, 2.54812, 10.3753);(0.15762984225489368, 0.9480987166132636, 0.2761551310169337)
(4.55252, 2.91073, 8.96135);(-0.5363893860649015, -0.8335024546784919, 0.13251446925466906)
(3.90897, 2.29878, 8.09939);(0.023701444413619287, -0.35803084334114266, -0.9334088904382358)
(4.74405, 4.96515, 8.49475);(0.820863145080208, 0.1579129772355017, -0.5488598989447576)
(3.48914, 1.05136, 8.71045);(0.5258466260761405, 0.3896069151885601, 0.7561030204156003)
(3.88271, 0.554384, 10.0038);(0.6803403379665194, 0.15495127877154052, -0.7163289228717953)
(2.25073, 1.03792, 9.13572);(0.047253588150014195, -0.9979990408139977, 0.04201205709423431)
(4.1988, -0.0752071, 8.25548);(-0.8528988115374465, -0.48753110055195026, -0.18675396454323404)
(0.372702, 5.13256, 9.08522);(0.23220986164434723, -0.9534133493111242, 0.19256574334615534)
(0.707272, 2.18573, 9.66966);(0.15077272541649542, -0.9282069849222548, -0.34014611332781564)
(2.2407, 2.18115, 9.23841);(-0.6918648654698069, -0.3707218818803693, 0.6195871966265311)
(1.17556, 4.43856, 8.30587);(0.9031772570512704, 0.41233503964797263, 0.11937611747685702)
(0.503565, 3.54768, 8.73732);(-0.4195438077452981, 0.4712142521998315, 0.7758480018059787)
(1.40479, 2.99998, 9.46991);(-0.7081697465654798, 0.3269144032744421, 0.6257975575064988)
(1.52144, 4.80962, 9.31213);(0.9729383292513759, 0.18780648308812084, -0.1346095553206106)
(0.9159, 3.8759, 9.6881);(0.16516230497902787, 0.9692991956981408, 0.1821551048775516)
(2.06975, 3.7649, 8.8247);(-0.042945389333721065, -0.9595902726438603, -0.27810466048280624)
(2.05407, 2.77866, 8.50824);(0.6060770383052471, -0.6897082456309916, 0.39619838408019786)
(4.89032, 2.96326, 7.76397);(-0.19901417959062917, 0.875012632366074, -0.44130063394659086)
(4.51958, 4.01027, 8.0061);(-0.31076461091846835, 0.9387077050948776, -0.14917506827952579)
(5.05162, 3.8092, 8.93358);(-0.4064421579702536, -0.8237133170225334, -0.3953493943137122)
(4.7203, 4.49445, 9.51143);(0.6912867231085715, -0.7070171047143583, -0.1491625961665296)
(2.78679, 3.13364, 9.74396);(0.34634617009304464, -0.714447969206594, -0.6079542990706236)
(3.27152, 2.95663, 8.80787);(0.4450948185484468, 0.21884873579756406, -0.8683293346082079)
(2.06912, 4.51268, 7.87921);(0.7472879006331896, -0.5929207203609748, -0.30000968806667355)
(2.56274, 4.13319, 9.71399);(0.0005330256626495637, -0.9707795496981806, -0.23997246044377754)
(3.83172, 3.65858, 9.59025);(-0.40319566416138747, 0.7923203775008422, -0.457888278730064)
(3.15597, 4.14688, 8.78383);(0.038777399558442116, 0.9992337331780897, 0.005315991202327553)
(0.265238, 4.78478, 10.1138);(-0.0891452380758267, 0.830418436523611, 0.5499621321601023)
(4.9383, 2.19278, 8.37296);(-0.27204810879950964, 0.45431511433944755, -0.8482850955789244)
(-0.0318261, 8.96912, 0.16135);(-0.5755018255758506, -0.8172792059650115, -0.0291950039572474)
(1.68376, 6.13948, 0.760077);(-0.8179491325663336, 0.0361432562764986, 0.5741540573397648)
(0.0506368, 7.22845, 0.383648);(0.46511090810885314, -0.8727569964382196, 0.14821291551782978)
(0.597368, 6.76189, 1.26329);(0.30397938687108056, -0.481055740863442, 0.8223028070849613)
(1.14214, 5.72639, 1.51796);(0.31628607534422093, -0.9077447533949032, 0.27561310060912614)
(4.73256, 9.97808, 2.50709);(0.9381394603767292, 0.27619534682654856, 0.20883123156133046)
(1.31861, 6.90778, 2.0252);(0.8321732051890515, -0.03256334872647719, 0.5535588359741888)
(1.40215, 7.4189, 0.854058);(-0.8234165193377972, 0.40735733113436007, 0.3950256199953599)
(4.75787, 5.74158, 1.56971);(-0.2715377441186586, 0.634984148827931, 0.7232305194446773)
(3.28884, 10.153, 0.532423);(0.19950652228516166, 0.011924444527401469, -0.9798239409140773)
(3.13286, 7.65932, 2.08349);(0.07205834686725882, -0.6530168312499394, -0.7539075624710538)
(-0.0048886, 10.0759, 1.41901);(0.5202500182614878, 0.10070487683374994, 0.8480556858372101)
(-0.0968977, 7.98243, 1.30481);(-0.06204581546979037, -0.9634818089268251, -0.2604863156670266)
(3.70982, 6.76288, 0.586219);(-0.3739543955537581, 0.9273645069163428, -0.012376645661566777)
(2.86495, 8.65499, 1.19747);(0.21295316139692827, 0.9265901326652138, -0.3099704455242716)
(2.79306, 6.7921, 1.23952);(-0.641196844733312, 0.5818821757189416, -0.5002796616739839)
(4.68267, 6.62466, 0.782775);(-0.8092577966306368, 0.03965776448358249, 0.5861135387522555)
(3.56525, 5.81559, 1.02026);(-0.0952236642336616, 0.5847044587027874, -0.8056383492256282)
(2.14689, 7.14155, 2.51873);(0.6177846823784974, 0.7696638934122555, 0.16111976103503717)
(4.9421, 6.41447, 2.21596);(0.07455731106832283, 0.8488369891678704, 0.523370779836519)
(4.28245, 7.21239, 1.4515);(-0.1623150396651255, 0.5165386260498283, 0.8407387678090408)
(3.64993, 6.42131, 1.87771);(-0.516592377815531, 0.44762564741560934, -0.7299065659100844)
(2.14182, 7.81398, 1.66205);(-0.5970939643515564, 0.743275106065937, -0.3016967259312112)
(4.8002, 7.99108, 0.973585);(0.018061429053930916, -0.7494708974482963, 0.6617908722992295)
(3.69019, 9.17151, 1.17719);(0.8158113798825348, 0.5588298760664914, -0.14886558389924917)
(2.66507, 5.74649, 0.488594);(-0.810352953204547, 0.5430735986025627, -0.2199980857496991)
(0.533571, 7.61167, 2.41724);(-0.15835545090152825, -0.975931246074363, 0.14993916801661553)
(3.19275, 7.68597, 0.922502);(-0.44195121558573497, 0.8761289189977096, -0.1925545126404369)
(2.91969, 8.64572, 2.3439);(0.04053987665179929, -0.5381965135873666, -0.8418438282505017)
(1.25914, 8.25813, 2.05661);(-0.8334634110305035, -0.3964462179271075, 0.38492744610470514)
(1.47658, 8.43482, 0.608688);(-0.218184494910901, 0.9275607291669653, -0.30335889617369455)
(0.849375, 9.19903, 1.03871);(-0.86747519475968, 0.3362379251221612, -0.36664812039092604)
(0.408322, 9.95075, 0.433972);(-0.9473962758556087, 0.2800286360678206, 0.1549976111974616)
(1.94902, 9.22285, 1.18999);(-0.6340427864023445, 0.10611222624225618, 0.7659829896629973)
(1.15449, 9.18082, -0.000139018);(-0.6324379269820632, 0.7195772996876506, -0.28675909451813264)
(2.19751, 7.51194, 0.3644);(-0.9790950986287624, 0.06791736038682096, 0.19172902753422744)
(0.870973, 10.0365, 1.89416);(0.9065643845389888, -0.09433949830845252, 0.41138920227000847)
(1.37313, 4.85457, 0.231051);(-0.9108157429112197, 0.23685393974317814, -0.33810485606275714)
(4.17891, 7.15618, 2.51271);(0.287929042650331, 0.3172094139552261, 0.9035900918539589)
(2.84338, 9.82191, 1.37435);(0.5142997114284049, 0.3653249692188635, -0.7759081606027195)
(3.98575, 8.12922, 1.6814);(-0.11734430779725355, 0.9877620004066279, -0.10274504358011713)
(4.64829, 9.55443, 1.27971);(0.7599854985737428, 0.11241239696237161, -0.6401449015393266)
(4.37919, 9.02024, 2.13497);(0.4326336726996988, 0.880049238777527, -0.19580971011026294)
(4.08975, 5.7359, 2.56797);(-0.26254185685540044, 0.28167517765410666, -0.9228926631480207)
(4.87084, 8.91762, 0.524746);(0.5630250692210002, -0.8252065727577, -0.04513184802530228)
(3.1823, 5.16971, 2.57717);(0.839347756037037, -0.4039598462062866, 0.36374687227326585)
(2.53651, 9.20786, 0.412823);(-0.9407249851727189, -0.05344048799017445, 0.3349337494418261)
(0.780045, 6.35812, 4.0229);(0.3615305444246676, -0.9071997823467914, 0.2151376776809157)
(3.5833, 5.28889, 5.15084);(-0.5366868894777241, 0.6909008059349515, -0.4843792512289928)
(2.23949, 6.07707, 2.78952);(0.6580092195328314, 0.7429205316494685, -0.1228533705824358)
(2.01138, 6.28625, 4.47458);(0.7406723624905359, 0.6712834071513649, -0.02798282912686058)
(2.88987, 10.0682, 3.65919);(0.31895058178822555, 0.47338236202720735, -0.8210844449254258)
(0.232041, 7.21209, 4.4288);(0.20343987732194801, -0.9452890763776547, -0.2550309361554227)
(0.354033, 5.29453, 3.65248);(0.5002081928053095, -0.8208391633264905, -0.2757078740259579)
(2.73417, 5.51511, 4.52336);(-0.282283747548886, 0.21977685183955084, -0.9338169099268082)
(0.74196, 6.91769, 3.18248);(0.48849936933987465, -0.38679167482091875, 0.7821512426914461)
(1.17612, 10.1675, 4.71213);(-0.6582518757453824, -0.7393150997589779, 0.14183670662440767)
(4.42297, 5.85151, 4.41759);(-0.18589478573233692, 0.283359186085269, -0.9408244790069095)
(1.69052, 6.63424, 3.50187);(0.8793804863899147, 0.2240460170394443, 0.42011110721498196)
(1.53191, 7.21271, 4.9506);(0.3655545864110636, -0.42042773719577, 0.8304278187478312)
(3.61842, 5.64103, 3.60508);(0.5362140047064938, 0.16157530097961176, -0.8284732725139491)
(4.07904, 6.57329, 3.59485);(0.14426803235481184, 0.9748268359696826, 0.16999816091301878)
(1.13456, 9.82719, 3.1481);(-0.8904692302667402, -0.06432649826248148, 0.4504738078617294)
(4.81307, 8.11561, 2.50791);(-0.6701708744702529, 0.6487994619033332, 0.3604583987726211)
(1.5321, 5.37654, 3.95206);(0.8608940503299353, 0.28485379726597804, -0.42156820123162997)
(3.07501, 6.71406, 2.83783);(0.8569174203848733, 0.5002156362299427, 0.12440599628638416)
(4.73371, 5.74158, 3.32645);(-0.7208972939951611, -0.25733513190987745, -0.6434949272491431)
(3.29194, 7.27247, 4.45939);(0.2522091806484999, 0.8648345580225075, 0.43411025839828554)
(3.5217, 7.48836, 3.30943);(-0.2894151427136506, 0.8835994492098427, 0.36809086992765777)
(2.87701, 6.46271, 4.00851);(0.8783476249962635, 0.4728851056964061, -0.06989367978524427)
(3.69644, 9.48044, 4.47768);(-0.28428472016250833, 0.37959899773648265, -0.8803901401081125)
(4.28013, 7.44922, 4.16182);(0.2199405700227828, 0.9167309210462781, 0.33351246461818523)
(4.79334, 8.3856, 4.06021);(0.8642934625851614, -0.05669975127027036, -0.4997819011713428)
(0.763156, 8.54595, 3.01524);(-0.8009220010744594, -0.528356248739794, -0.2817154994182903)
(0.771297, 9.31563, 4.8787);(-0.3174719354669281, -0.8987727346727138, -0.302355984891674)
(0.791039, 8.68583, 4.05119);(0.4201709853363329, -0.8959458496908113, -0.14400478291815666)
(1.89981, 9.43993, 3.67063);(0.02547138752943957, 0.2692856873438246, -0.9627234426402471)
(0.31038, 9.48132, 3.64634);(-0.22310960939668303, -0.781694469641701, 0.5823880650618103)
(2.04242, 8.89797, 4.52743);(-0.3666988249903509, 0.3573864821008475, -0.8589568523286119)
(3.97145, 10.2281, 3.72914);(0.7912880946009196, 0.23047442469179596, 0.5663432624352759)
(1.13925, 7.70381, 4.08727);(0.18735849561614995, -0.5260020683678358, 0.8295894274839886)
(5.05401, 7.21782, 2.97063);(0.657797041038552, 0.41624658163069145, 0.6277275173844855)
(2.09299, 7.40778, 4.0492);(0.5825759266735117, 0.4407857554289021, 0.6828712964179058)
(2.97578, 9.03932, 3.6755);(-0.4836865492809973, 0.7634070416520521, -0.4280852844944605)
(2.65827, 8.01665, 3.15544);(-0.5479261415242853, 0.7888681123617288, -0.2783236330841338)
(3.6321, 9.61742, 2.92639);(0.8295393807817782, 0.5483561715950083, -0.10568786498860532)
(1.70015, 8.74497, 3.02642);(-0.9151099257258762, -0.30844059039996125, -0.25968870986568665)
(4.67152, 9.80248, 4.35054);(0.7005276330839937, -0.5525228809515137, 0.4516408986249772)
(-0.185353, 8.05956, 4.91352);(0.15009771705065167, -0.948064704993932, -0.28043535882793263)
(3.70992, 8.27522, 3.85267);(-0.09242522163854405, 0.8201764907184886, -0.5645955211279764)
(2.49664, 9.54443, 2.8027);(0.31980689974511356, -0.5040038027190055, -0.8023114817327499)
(3.96826, 8.38954, 4.85228);(-0.1928331313881032, 0.06351377707293493, -0.9791738270404229)
(2.19822, 10.0899, 4.6567);(-0.3872989713544448, 0.698012965651894, -0.6023100584994714)
(0.696484, 5.57028, 4.70131);(0.0038572825182381183, -0.8708229725607283, -0.49158160241415827)
(2.72701, 8.17478, 4.83564);(-0.22739073995165646, 0.910123879264824, 0.3463639354439003)
(0.859428, 8.03747, 5.0276);(-0.21586624650971997, -0.8231674456744887, 0.5251638982256324)
(3.90063, 8.28331, 2.83256);(-0.6404480886279798, 0.3943025734764628, -0.6590536596686236)
(1.45889, 7.68102, 3.11271);(-0.2432435729383518, -0.43249824729374836, 0.8682037953798752)
(0.162971, 6.51813, 2.47582);(0.46185980902978174, -0.29645485363840063, 0.8359426036261149)
(1.27677, 5.69868, 2.80362);(0.9501855133890471, 0.29505093030782364, 0.10046113014535077)
(0.240901, 5.76014, 5.96466);(0.23039312228595932, -0.9425941490257447, 0.24173390210262027)
(0.904081, 6.35971, 5.28668);(0.19635639134318114, -0.9074105303797633, -0.3715512036511255)
(1.78872, 6.28569, 6.30251);(0.28374048515448336, -0.6620249570178687, -0.6936961102455365)
(2.27109, 5.42631, 6.33402);(0.3620692709055783, -0.34041130931628943, -0.8677706975667434)
(2.4283, 6.71311, 7.08377);(-0.9465240617978448, -0.11692092885464433, -0.3007020067001166)
(3.88871, 9.47963, 5.48037);(0.03848036784500668, -0.30389601614541656, -0.951927766514591)
(1.35642, 7.03589, 6.93397);(-0.7599832696913034, 0.13015039314771673, -0.6367780656969981)
(1.38772, 5.99365, 7.25628);(-0.3473682763840057, 0.9231504320768326, -0.1647074992778476)
(0.572105, 7.47195, 5.83395);(-0.5215744394639596, -0.6497561214751469, 0.5529711445486377)
(1.68932, 9.47596, 5.57346);(-0.06378231243955232, -0.3168078875907146, -0.9463427386418582)
(0.0660861, 5.27475, 6.98176);(-0.007109558508962075, -0.518463914371202, 0.8550699525025416)
(1.89825, 7.45858, 5.89399);(-0.12260500299580189, 0.30498525826739104, 0.9444321073957472)
(0.521386, 6.55665, 6.53991);(-0.4865923997287338, -0.7327025153196352, -0.4757886721754859)
(0.532635, 7.70335, 7.07174);(-0.33951487633677213, 0.2681444661826044, 0.9015698497629966)
(2.30859, 5.52522, 7.43027);(-0.4918117888779178, 0.027857170526743913, -0.870255791345824)
(3.36523, 9.43258, 6.39282);(0.16978203356357605, -0.43480515886096194, -0.8843746575444767)
(2.84224, 6.17842, 5.81412);(0.90576578352928, 0.36557067545855904, -0.21435117595283237)
(4.91099, 9.10615, 6.49675);(0.40642133717288986, 0.8754309127763514, 0.26161501036095836)
(4.42522, 5.01216, 7.36721);(0.7830196754113207, 0.3758049610815365, -0.49563173742735134)
(3.73021, 6.25649, 6.37414);(0.21440091691056334, -0.5384409261133819, 0.8149316633399842)
(4.91417, 9.85325, 5.33714);(0.9351450256982462, -0.20401028716806333, 0.2896266279909891)
(3.31621, 5.81375, 7.14547);(-0.4249209447392771, -0.8641747219989324, 0.2695259552992033)
(4.46206, 5.51108, 6.4659);(0.27578186629070767, -0.669077420997524, -0.6901302536018229)
(3.84192, 6.99827, 7.39551);(0.6123950393892593, -0.784648194923343, -0.0964340496659083)
(4.68626, 7.23046, 6.45757);(0.6526665131255371, 0.24622397875509633, 0.7165194867765726)
(4.45896, 6.15172, 7.16959);(0.12010221212269606, -0.9483106006426891, -0.29373876719278486)
(3.24985, 7.24685, 6.35871);(0.2139502955326257, -0.6802954106977106, 0.7010159949852323)
(-0.0828313, 6.68185, 5.45175);(0.3777361738337112, -0.9255596862913931, -0.02558613080648042)
(4.60635, 5.42558, 5.3423);(-0.3996617085085592, 0.40758107853276165, -0.8210652733943204)
(2.94197, 8.48661, 7.1258);(0.3487053162658413, 0.2021876707159711, -0.915163782182397)
(3.65859, 7.43115, 5.31722);(0.5443769805485945, 0.43255554276121005, 0.7187137159365683)
(2.49209, 6.99392, 5.12224);(0.5318914598442505, 0.5164121143183894, 0.6711259219624608)
(1.53629, 8.19089, 6.58142);(-0.7921904423826913, 0.5536322781437294, -0.25675981693968397)
(2.32009, 9.24024, 6.38769);(-0.27283373886792295, 0.3159897371761363, -0.9086870951734192)
(4.14111, 8.12988, 7.19341);(-0.17773458649040835, -0.2113715226141571, 0.9611100333431425)
(0.971853, 8.72268, 5.88379);(0.26859337656527965, -0.30765446848789346, -0.9128013617894607)
(2.78433, 8.14066, 5.81428);(0.8687337448676611, -0.31324680308122144, 0.3836380076160388)
(4.02192, 9.41243, 7.31562);(0.15879249448049496, 0.24454460887285084, -0.9565473736140236)
(0.754635, 8.88172, 7.45238);(-0.8393348514731589, -0.03259532592816674, 0.5426366664999398)
(1.67897, 10.3453, 7.522);(0.18103307823428233, 0.3920946687779516, -0.90193613704127)
(1.33907, 9.66799, 6.66259);(-0.4508611301821444, -0.07879791463338967, -0.8891091777393305)
(2.83741, 10.2639, 6.90836);(0.6574321913657609, -0.5920521420251826, -0.46610854409612196)
(1.85876, 9.21496, 7.30393);(-0.44169201607104863, 0.16962527575800282, -0.8809854872602125)
(2.69747, 9.23666, 5.1235);(-0.34509718910586135, 0.640104442908039, -0.6864213226879118)
(4.54297, 6.50333, 5.52971);(-0.22954080594580403, 0.23243574355680943, 0.945137367541324)
(4.93429, 7.59125, 5.13618);(0.8593606528778982, -0.43322274757018103, 0.2716934288366503)
(3.80418, 8.37733, 6.3223);(0.83302150301819, -0.25921026697113203, 0.4887588495424612)
(5.10966, 8.52226, 7.47616);(-0.8465713322691508, 0.3901018636069784, 0.362129141868474)
(4.43522, 10.0744, 6.30486);(-0.46567326835403794, 0.27630355011148666, -0.8407168104280165)
(2.06478, 8.10253, 7.49126);(-0.09041135005017416, 0.021504679831200746, -0.995672303786473)
(0.464002, 10.0895, 7.33364);(0.14234757823746194, -0.010759500449732099, -0.9897582533730153)
(1.90548, 5.84052, 5.48895);(0.5527115857755531, 0.023634770109598125, -0.8330373944735854)
(3.43331, 6.45953, 5.03871);(0.381403892210919, 0.745426226634126, -0.5466907824834532)
(4.02527, 10.4382, 5.07375);(0.7847809248481252, -0.6193931949110327, -0.021701845369102926)
(1.92154, 8.50817, 5.57859);(0.8941410668698369, -0.42576269767348973, -0.13870067702308694)
(0.445248, 10.0927, 5.83902);(-0.28580491045123124, -0.14772835927245584, -0.9468325538492177)
(4.80255, 8.64774, 5.36573);(-0.8117581455501786, -0.5831778193838402, -0.030860073098491855)
(0.956777, 5.59654, 8.19444);(-0.8107015785759958, 0.5844784051425835, -0.03388132843278705)
(2.80744, 6.71041, 10.1891);(-0.9568901455139933, 0.05818221243514124, -0.28456296240790174)
(1.88654, 5.43044, 8.39243);(-0.6995401857485504, 0.1768334492129727, -0.6923680089102374)
(0.913845, 6.01611, 9.17774);(-0.9829658935274648, -0.13948236356676771, -0.11967757691222201)
(4.07611, 5.82193, 8.11422);(0.5581370653569081, -0.0602557088143111, 0.8275580135737093)
(1.86158, 6.7172, 8.57751);(0.033253041475834286, 0.9052122626708329, -0.423656694438973)
(2.05455, 5.89414, 9.37797);(-0.31236911715613047, -0.36917192146373395, -0.8752928807261454)
(4.58627, 8.76752, 8.48265);(-0.3074535992706714, -0.9082109706444358, 0.2839456234855559)
(4.12739, 7.92937, 9.1464);(-0.857628267100616, -0.46285933531950446, 0.22413163805581096)
(2.64137, 8.712, 8.03046);(-0.32406803734876244, -0.1604161772676449, -0.9323339301128951)
(4.33688, 8.88262, 9.69696);(-0.924374042576529, -0.372336372463733, -0.08305573520999907)
(2.31269, 9.66499, 8.04592);(-0.3616664588853243, 0.11467710288609105, -0.9252278284784797)
(2.17336, 7.57992, 8.30079);(0.4087361328061056, 0.5398460885083862, -0.7358674978968056)
(0.685054, 7.54609, 8.09771);(0.26144081850302187, 0.5500724614163003, 0.7931386925449312)
(3.4735, 9.18717, 10.3211);(-0.9940271023057085, -0.09470337037787077, -0.05423459708330722)
(3.14953, 7.5775, 9.26292);(-0.5359950694292341, -0.6682991708614975, -0.5158347640217607)
(4.71347, 6.26694, 10.1086);(-0.6697824714822135, -0.35066811391191216, 0.6545405371561339)
(3.98562, 7.03854, 8.65606);(0.5207483981752099, -0.7863972101738765, 0.3322657575325764)
(4.09343, 7.56907, 10.138);(-0.7921057503255237, -0.6008046706820931, -0.10771363881988617)
(3.58226, 5.82218, 10.209);(-0.9017743576807716, -0.3995930486094216, 0.16470702271749196)
(3.25453, 7.40355, 8.10051);(0.40517182453824246, -0.8936966920184624, -0.19272263820218252)
(4.84896, 7.10788, 9.22863);(0.26798542681165105, -0.6231190737753539, 0.7347832543777262)
(3.19969, 5.77782, 8.95267);(0.18820609573290675, -0.6986913451948371, -0.6902237823190425)
(4.28724, 6.0466, 9.06177);(0.2933234995597254, -0.03049146900162623, 0.9555268677144346)
(2.73992, 6.68221, 9.14359);(-0.23314805714336645, -0.8340798133082755, -0.4999528462584304)
(3.75067, 6.69452, 9.62079);(-0.8811993091912295, -0.4477494797222866, 0.15168447807643837)
(3.41089, 8.6473, 9.32188);(-0.9388375289457982, -0.001036667493473572, -0.3443588528896206)
(1.50661, 6.64009, 9.89012);(0.028515916076757106, -0.5833533553744716, -0.8117177497773771)
(3.66001, 9.80824, 9.16742);(-0.45981642594746863, -0.4816746868094742, -0.7460283845242695)
(3.15002, 6.35759, 7.98748);(0.1472755844453754, -0.5143180541597753, -0.8448590659935985)
(0.175316, 8.58191, 8.16585);(-0.28065531463559934, 0.1524660604489868, 0.947621598940188)
(0.348288, 9.04118, 9.5065);(0.08009305774242435, 0.9735145097171781, -0.21413687555297645)
(0.899185, 8.27592, 8.89112);(0.6127399451765695, 0.420260339017597, 0.6692764802634478)
(1.59792, 9.25185, 9.31618);(0.7296811348146774, -0.5465477573566844, -0.41091482137292545)
(0.220803, 8.0152, 9.70926);(0.05954587735035757, 0.9966272810758263, -0.056465485971363284)
(1.63684, 8.71005, 8.36083);(-0.1294432525130627, 0.2946761911887592, -0.9467895155341155)
(0.203644, 9.60048, 8.58482);(0.48049348609676595, 0.8388846578422035, -0.2557313837907785)
(1.42356, 7.96523, 9.88781);(0.11042687191984138, -0.5779403805159147, 0.8085733253868312)
(2.31752, 8.30178, 9.07079);(-0.6640350815186083, -0.07972299122098474, -0.7434390729463674)
(3.49173, 9.3498, 8.25943);(0.26412586455516723, -0.2911933444082438, -0.9194802683284331)
(5.07468, 9.57794, 8.07027);(-0.8155579662787964, -0.3762619934597398, 0.4396499925132451)
(2.83161, 8.18214, 10.1642);(-0.14349262802227883, -0.41194007820569967, -0.8998417847994958)
(4.57004, 7.86769, 8.12212);(-0.49991953531335265, -0.6929114964871544, 0.5195710887337878)
(2.77352, 9.35084, 8.91115);(-0.25569296414843096, -0.0677830619573925, -0.964378849102711)
(4.66822, 9.7941, 9.16768);(-0.9138204358428312, -0.22714031524889738, 0.3366593058637314)
(0.297787, 6.86356, 9.4628);(-0.22685751082129307, 0.929222244858915, 0.2916876573379916)
(0.867082, 10.0004, 9.45143);(0.9826794985962347, -0.11214333326041652, -0.1475292372511159)
(1.23819, 9.87853, 8.3337);(0.49499434103030027, 0.48002198946844504, -0.7242647941013941)
(4.86186, 6.73372, 7.94019);(0.5207806096113858, -0.8032367442528356, -0.2891336876514012)
(0.744234, 5.9091, 10.5796);(0.5325097313935169, 0.8429920134520491, -0.07614362236763338)
(2.95475, 9.92253, 9.79186);(0.1977148465238092, 0.18580999917973448, -0.9624881732618297)
(4.3668, 9.71227, 10.3526);(-0.9421642077971567, -0.29882246425045456, 0.15176211782010046)
(0.562741, 6.5348, 7.68182);(-0.26225679041859645, 0.9612573929408416, -0.08488580797702797)
(3.67186, 8.33502, 8.04049);(-0.9062731741753055, -0.3024780094191307, 0.2952558002614963)
(6.84993, 0.994512, 1.66849);(0.8828760898447854, -0.076525301708777, -0.46332892007596843)
(7.5963, 1.07349, 0.845521);(0.9392061395502358, -0.22529118604012313, -0.2591055941576283)
(5.64582, 1.94725, 1.30192);(-0.30735270367647405, 0.3229365506235775, -0.8951236226433236)
(8.46928, 0.0382851, 0.558669);(-0.8708773020536242, -0.46468684602560906, -0.1601213911336411)
(6.51414, 0.0218307, 1.37919);(-0.7987290009255065, 0.20125473437560337, 0.5670348445836003)
(7.97523, 3.91004, 1.28779);(-0.8129940496869967, 0.29198959905651584, 0.5037685472678425)
(5.33912, 1.91146, 0.384802);(-0.8239801934052827, 0.044605123972318236, -0.5648601807449406)
(5.93488, 3.90113, 0.904444);(0.6539064881520475, -0.38825620266472716, 0.6493561625525875)
(7.9893, 2.82288, 1.09216);(-0.4907636446663929, -0.6753469269916168, -0.5505066514373267)
(8.05498, 2.28725, 0.23629);(-0.7261920433210541, -0.6450681314636372, -0.23776505627868028)
(5.74658, 0.870854, 1.37585);(-0.29218785817215814, 0.956051212905524, -0.02433790949616431)
(6.31016, 1.13619, 0.351145);(-0.3587388874957073, -0.9235271740433207, -0.13566123028301139)
(6.65214, 1.94947, 2.16985);(0.45100797998916525, -0.04091232385633796, -0.8915817313868466)
(6.56262, 2.037, 0.588364);(-0.4166554242338098, -0.7458980553818939, -0.5196482930156254)
(5.37159, -0.0728496, 1.50613);(-0.5024833903286708, 0.8207942125182558, 0.27167499542714824)
(9.07887, 4.93423, 2.46866);(-0.3476470964431996, 0.5653299091791792, -0.7480264635172165)
(8.37949, 0.863385, 1.46321);(0.9540438051714089, 0.2113189775967976, 0.21247283949131743)
(7.69276, 0.231775, 1.70849);(0.7920332215428637, 0.3832236189852109, -0.475208410935992)
(7.00355, 3.58471, 0.979199);(0.49139760028980645, 0.4518931491177679, -0.7445273535672458)
(8.52513, 2.03939, 1.64951);(0.8153723619000673, -0.002419570273268662, -0.5789318242497975)
(9.33275, 1.44045, 1.70241);(0.38013271403816556, 0.2407234295790694, 0.8930573050872318)
(9.30863, 2.0086, 0.750519);(0.7332831590551445, 0.5196351680674156, 0.43849184798996693)
(6.4538, 4.89377, 1.59683);(-0.17412157217939325, -0.5476173396206209, -0.8184112214825808)
(9.72789, 0.821656, 0.892561);(-0.9658034953691151, -0.10574564367835389, 0.23673079051076182)
(7.36227, 2.03264, 1.09692);(-0.7032240444888681, -0.7030825235181942, 0.10559786160716667)
(9.45196, 2.54521, 1.67799);(0.4462511131849807, 0.8669421182555075, 0.22197141161829684)
(10.3684, 0.809633, 1.86035);(-0.1762213026687145, -0.560011476173597, -0.8095265276935711)
(9.26075, 0.391826, 1.73609);(0.2741583677350794, -0.002524468101002561, 0.9616812447280253)
(8.79701, 4.91268, 1.32426);(-0.3576630083490229, 0.6253446277790973, -0.6935569687967592)
(6.26136, 2.83118, 1.09316);(0.9088911357943339, -0.369697232940493, -0.19297890877147336)
(5.75198, 2.93108, 2.09519);(-0.22234830637453717, -0.8432518133342347, -0.48937471324221476)
(5.50499, 4.5293, -0.00179201);(-0.900603937665118, -0.43018460523757734, 0.06207860242204178)
(9.04367, 3.89984, 0.915295);(-0.9684796222838773, 0.2336794575227059, -0.08626199831195744)
(6.43914, 3.73428, 1.85409);(0.5393115183489023, -0.778636257901243, 0.3207314516191863)
(9.76154, 3.02337, 0.747615);(-0.6437981723468872, 0.619386337467833, -0.4493155664352075)
(7.22019, -0.144879, 0.610049);(-0.7888022103212385, 0.013222281203411825, 0.6145048773379316)
(7.46475, 3.69885, 2.16966);(0.36114914769766215, 0.46945572455911516, 0.8057186952007063)
(5.64508, 4.87967, 1.09623);(-0.8230097311609964, -0.2676039610091619, -0.5010420166677756)
(6.67606, 4.56529, 0.363917);(-0.857372232487285, 0.23820810505205842, -0.45625623683109945)
(9.48536, 3.56764, 1.85007);(-0.09695112434756716, 0.9292096755186237, -0.3566088310885147)
(7.09796, 2.84049, 1.7902);(0.6118238060400618, 0.7586030786968162, -0.22403794177407818)
(7.48839, 4.98731, 0.894312);(-0.2320962239357667, 0.3760653675786822, -0.8970541690124788)
(5.25786, 3.8505, 1.97047);(0.31308627270641975, -0.4095137591056382, 0.8568987495299376)
(9.90788, 4.62681, 1.58458);(0.1221530737908362, 0.6410504915734508, -0.7577155758045941)
(5.55278, 0.235111, 0.249621);(-0.5148084788003062, -0.7439235811365812, 0.42608677001784395)
(8.51701, 3.19204, 1.812);(-0.20996805933121312, 0.11699634400830675, -0.970682888254127)
(8.78445, 2.85399, 0.385511);(-0.7971963133498576, -0.5734359318109884, -0.18881014297293233)
(8.23774, 4.28241, 2.19334);(0.9935013782148022, -0.10623365781755496, 0.04085855396353471)
(10.463, 1.57743, 2.61644);(0.17486005461458978, -0.7546911883543592, -0.6323489317777549)
(9.86133, 4.29675, 0.434699);(-0.8437305883452975, -0.5338122535434688, -0.056242086175226476)
(7.47329, 4.93202, 2.58862);(0.6535198970461534, 0.18557819474776027, -0.7338068395694792)
(6.21316, 0.558109, 2.32127);(-0.34084206803075673, 0.4647528219294405, -0.8172095809332748)
(5.12499, 0.975892, 2.24575);(-0.8434593956883448, 0.42292148482436454, 0.33123053225662497)
(7.69193, 1.54385, 2.03714);(0.9896068940287296, -0.1335708314393623, -0.05326376140875012)
(8.37052, 0.91595, 2.48568);(0.5536604096031161, -0.022090398098542064, 0.8324494970567029)
(5.47737, 2.05619, 2.55039);(-0.9027496124835582, -0.22580918318848375, -0.366132967579451)
(7.10496, 2.97751, 0.0580461);(-0.8936153334363856, -0.23753777779825874, -0.3808246840293347)
(7.95564, 4.50726, -0.211242);(-0.9647405936712687, 0.2622254637615792, -0.02265817904935768)
(8.54709, 1.22074, 0.513762);(0.9806238518929284, 0.16410918102299837, -0.10698148345689006)
(5.99374, 2.96968, 0.00362896);(-0.9388911685714242, 0.0811425329749102, 0.33451347195741)
(8.93253, 4.64204, 0.227059);(-0.8441051358139542, 0.14752242445239933, -0.5154839027323666)
(5.97908, 1.24262, 4.04445);(0.9767204882012248, -0.010656106690896438, -0.21425110342342055)
(6.40671, 0.502254, 3.32032);(-0.04587932320318446, 0.2160191261367627, -0.9753106299254238)
(9.95963, 4.2984, 3.97975);(-0.18679918294086925, 0.06251327817088295, -0.9804071375224445)
(6.30232, 1.47343, 3.06159);(-0.18041104168203362, 0.5387864511395507, -0.8228979378438447)
(6.76181, 0.344824, 4.2313);(-0.5269900334094667, -0.4652560066426873, -0.7112090782392961)
(6.78384, 2.38368, 4.13505);(0.37640834505000553, 0.6982688092626725, -0.6088821132104354)
(7.1707, 1.30686, 4.82474);(-0.800710159372625, -0.5763256898796867, -0.16343787768497442)
(9.97015, 4.28331, 2.78968);(-0.19007355051020114, 0.665347812590463, -0.721930975701647)
(7.37334, 1.18396, 3.51989);(-0.797400561607977, -0.17165112066220028, -0.5785224603441889)
(7.23853, 0.248156, 2.72686);(-0.332987485618716, 0.003209200620124372, -0.9429257847003152)
(5.5014, 2.19101, 3.74046);(0.6800672594464289, 0.1961998552793725, -0.7064093285180887)
(8.71732, 0.734921, 4.98338);(-0.6703315720177142, 0.44343396405537205, -0.5949973975391818)
(9.90679, -0.0194709, 3.4196);(-0.7313942155213516, 0.27917087621624187, 0.6221946024955233)
(8.81263, 4.62792, 3.63822);(-0.763900961349609, 0.4995772470799934, 0.40850690991599936)
(8.0124, 0.494599, 4.301);(-0.9219928563019663, 0.19018352882776368, -0.33728237174622844)
(6.33053, 4.44732, 2.78026);(0.5993729782344535, -0.5843150467305939, -0.5471087269698643)
(8.72587, 0.891665, 3.35922);(0.348701498312049, -0.3166317418098509, 0.8821290184283659)
(8.16811, 1.96734, 3.53474);(-0.39059201567872043, -0.17915876892041308, -0.9029618003032887)
(8.08629, 0.00753993, 3.18475);(-0.8082253200479941, 0.08284130711906047, -0.5830172809343845)
(9.47336, 2.23836, 4.66512);(0.5712160953534026, 0.40928881501897946, -0.7114737087971501)
(9.75816, 1.05752, 4.54273);(0.1668686401788549, -0.2475781029937119, 0.9543898259321998)
(9.78897, 1.27892, 3.4879);(0.3968193448785469, 0.26752079458386807, 0.8780472834622159)
(8.38591, 1.53999, 4.46399);(-0.38173148112778976, 0.6946195796150333, -0.609741515669893)
(8.34711, 4.02009, 4.58328);(0.953789217149905, -0.24252937114310105, 0.17738555009217455)
(10.1788, 3.27497, 3.02135);(0.12426340575612389, 0.9481068358177207, -0.2926636873026761)
(5.78204, 5.14918, 3.31832);(-0.19235515837616357, -0.846251436879023, -0.49684806392525066)
(7.08269, 4.51197, 3.49558);(0.556476221310707, 0.05892729731173044, -0.8287712523653871)
(7.8977, 5.12736, 4.02597);(-0.6565170814042826, 0.1479953119320632, 0.7396503967892764)
(5.32058, 4.44991, 4.60807);(0.1498123084372578, -0.390235532643146, -0.9084451008747969)
(5.04541, 0.654976, 4.93502);(0.7562103242039788, -0.2313922751527774, -0.6120486586595337)
(9.40128, 3.50689, 4.73471);(-0.13158045040430127, 0.7976764879382962, -0.5885565441500302)
(6.27419, 2.54006, 2.98307);(0.4386179955336454, -0.5224507764309777, -0.7312041029703782)
(6.76361, 3.47667, 2.91418);(0.15858853310844334, -0.5679374313120841, 0.8076489034730029)
(6.51876, 3.3726, 3.85122);(-0.8846556144080849, -0.03802302209200788, 0.46469204177309154)
(9.16112, 3.20659, 3.71001);(-0.3436650154901156, -0.8803171634122697, 0.32701077800273504)
(7.2901, 2.46224, 2.80153);(0.619719187385756, -0.08357867766290587, -0.7803606431811245)
(5.77874, 2.98225, 4.42294);(-0.38520962557350147, -0.3638105993257841, 0.8480892595615962)
(7.4475, 3.16751, 4.35529);(0.12845143723582617, 0.9254370721544111, -0.35646381829622203)
(6.50291, 4.59061, 4.33854);(-0.021984452232742934, -0.17844115733298124, -0.9837049543586188)
(5.86644, 4.18454, 3.69625);(-0.20797096225822867, -0.6433969334643195, -0.7367417898192667)
(5.79313, 3.37516, 3.03505);(0.13780698099336472, -0.7799571711011191, -0.6104719872667657)
(6.0959, 3.9392, 5.30092);(0.5331183760034268, 0.7578789958164003, -0.3760375311957483)
(8.51373, 2.70536, 4.30862);(-0.6185566378864853, -0.5742275388479182, 0.5363305131681676)
(7.95921, 3.32035, 3.08891);(0.758815962831089, -0.6512610286599274, -0.007576747424896596)
(8.2766, 2.52819, 2.49047);(0.5816312816702461, 0.15014202959606687, -0.7994763430717639)
(8.94245, 0.189067, 4.13902);(-0.8419129016059552, -0.20851147197496528, 0.49770034374538497)
(5.30492, 2.02198, 4.71678);(0.9794870506835653, -0.05941379795297675, -0.19254900196057553)
(5.43592, 0.192426, 3.93593);(0.17252728004534748, -0.04706162961895981, -0.9838798405586743)
(6.26622, 2.21777, 5.05532);(0.9745398069138516, 0.21474943705643787, 0.06445807958864146)
(9.29867, 4.45835, 4.95099);(0.6671235642424327, 0.7430670365491983, 0.05289167445321987)
(9.93626, 2.39045, 3.75496);(0.46985895556203294, 0.3166164540278139, -0.8240064216479195)
(9.10901, 1.85955, 2.57658);(0.056644375394526124, 0.8560458611446676, 0.5137868218952764)
(9.26309, 2.95487, 2.68165);(0.23845700519489857, 0.9537540507453088, -0.18300674129767694)
(7.73549, 2.29653, 4.7957);(-0.9725717008649792, 0.23255048575434695, 0.004955628317216125)
(7.34392, 4.79844, 5.01177);(-0.1858102907915507, -0.8794604304115714, 0.43820530254237355)
(9.49686, 0.944127, 2.56033);(0.1943788461762178, 0.4828994453732642, 0.8538296023313998)
(9.02937, 3.94781, 2.84029);(0.19485457604712186, 0.545625077707792, 0.815061328226203)
(4.97697, 1.94154, 5.78338);(0.7517564389248685, 0.40020670949644804, 0.524115298583266)
(8.03134, 0.168323, 5.72491);(0.7033143681215678, 0.7093845395311115, 0.04607032307237275)
(6.85131, 0.646014, 5.65384);(-0.7989234006159217, -0.5573037946642511, -0.22612801772694577)
(7.50578, 0.972971, 6.35801);(-0.10306768957517018, -0.09565033170381429, -0.990064677387587)
(6.66332, 1.38806, 6.89972);(0.6059631501546121, -0.0643424978002064, -0.7928863119209019)
(6.85118, 2.75876, 6.73623);(-0.15453070274240482, 0.721776683242803, 0.6746544904148768)
(7.92922, 2.31111, 6.82215);(0.4575581230839055, -0.25724935666668003, 0.8511541179448718)
(6.1698, 0.375846, 7.22812);(0.060676437957718835, 0.67892066938997, 0.7317001397784737)
(5.66354, 2.13367, 7.40042);(0.477821505497423, 0.5303179678046299, 0.7003209706325689)
(5.91964, 0.263172, 6.16276);(-0.16973671568943594, -0.04722957534887377, 0.9843570564380228)
(7.06519, 2.02839, 5.95394);(0.2698264050922813, 0.8702992518060184, 0.4120350997437725)
(5.52869, 1.33469, 6.58184);(0.6360666756309392, 0.598368383435641, 0.48721090079802537)
(5.94885, 2.14465, 6.09827);(0.40146394606642827, 0.8978143557864613, 0.18098641538113683)
(5.0076, 4.09746, 5.5467);(0.6628353056307056, 0.11017711481699852, -0.7406148533347485)
(7.95486, 0.289115, 7.04503);(0.03568088633729202, -0.24518109861834536, -0.9688204700719771)
(8.02253, 1.34715, 7.20728);(-0.4237697290040804, -0.6213392731218695, -0.6590574515595701)
(9.55138, 2.10615, 6.4822);(0.540296919484362, -0.4050646351029674, -0.737564831173917)
(9.57837, 0.562948, 5.5636);(-0.9081572978322227, -0.4186097377738188, 0.004026143938086453)
(8.53502, 0.856204, 6.13335);(0.4194707903654304, 0.9041419029844333, 0.08106587011738638)
(5.8712, 1.26322, 5.54583);(0.004975179316442465, 0.7254327055608968, 0.6882751174445917)
(10.2781, 1.25809, 5.49784);(-0.17414234002409804, -0.7768800540653608, 0.6050882803412517)
(7.95051, 1.40236, 5.51552);(-0.5009786654069041, 0.2260773653074266, -0.8354097208572387)
(8.474, 3.16407, 5.41469);(0.5167982324468434, -0.695688252206663, 0.49893631124769516)
(9.15467, 0.997424, 6.99266);(0.36479881033001443, -0.1782494044385413, 0.9138648575140154)
(7.72098, 4.81022, 6.35691);(0.9855262303510135, 0.0701738721519861, -0.15431680711224377)
(9.08766, 1.59213, 5.40324);(0.3618128571533498, 0.021995200480629546, -0.9319912379171527)
(5.00627, 0.0688173, 7.32539);(0.8374650570713549, 0.12849809408975718, 0.5311690107675449)
(8.74833, 2.36459, 7.38885);(0.7102820481156914, -0.47985383475340176, 0.5150142807699933)
(8.53581, 4.50723, 6.87819);(0.9815390445644618, 0.025061660777083928, 0.18961280851930243)
(5.76841, 3.34488, 6.10928);(-0.08035110354903878, 0.645454671313013, -0.7595603777440355)
(7.07543, 3.92113, 6.39649);(0.8774109786097413, 0.06820125328575248, -0.47486689047073904)
(6.12908, 4.34795, 6.52028);(0.9977922468532608, -0.02878056372376994, -0.05985241240972081)
(6.40401, 4.91118, 5.49048);(-0.45095215158945906, 0.8722575209771762, -0.1892325925299034)
(7.62233, 3.81613, 5.46389);(0.8728202835238448, -0.47149287360711695, -0.1260127882679313)
(6.92003, 4.93554, 6.82557);(0.9978230759135327, -0.05184688143834806, -0.04075549115854578)
(9.59929, 4.85526, 6.1989);(0.26540599639722207, 0.9238164208912726, 0.27590374692641767)
(6.91602, 3.00586, 5.46006);(0.5011378034672865, 0.7863830507929658, 0.3611960677548014)
(7.7179, 3.80453, 7.1631);(0.9136822501223261, 0.4054675077036217, 0.02794362195594177)
(9.84354, 2.91443, 5.54946);(-0.4162829533778824, 0.7661939230192807, -0.4895460908385566)
(8.88607, 2.92226, 6.56741);(0.11583626150912828, -0.902481750955743, -0.41485979524586986)
(8.75746, 3.58054, 7.36119);(0.3576404453874007, -0.6718923499460918, -0.648578431577107)
(9.84002, 3.30516, 7.2213);(0.31907477451570315, -0.9229065407620446, -0.21548736688351314)
(8.61425, 2.26537, 5.91253);(0.07000034099076534, -0.958396700178149, -0.27672317819223574)
(5.61333, 3.58495, 7.19968);(0.927650082746311, 0.35121350964059134, -0.12694248550702242)
(7.56859, 2.70476, 7.68123);(-0.9936340628103257, 0.07243336324646749, -0.0862830059273026)
(6.70505, 3.87314, 7.40216);(0.8801257859817906, 0.17336027759068473, -0.44195567085808046)
(7.7346, 2.9249, 6.10674);(0.449246138604104, -0.5718363605277862, 0.6864263133997982)
(9.41608, 3.73789, 6.10333);(-0.8045345498627895, 0.5554008196181865, -0.2103665554324769)
(9.65405, 4.19681, 7.10155);(0.37201717260953765, -0.8290450567789462, -0.4174775648031872)
(8.61276, 4.2244, 5.7338);(-0.06160810803920746, 0.8061710909473531, -0.5884663228635809)
(5.90554, 4.661, 7.47095);(0.7879605960869321, 0.587622815537225, 0.18389542048248814)
(7.78194, 4.99549, 7.32276);(0.8855908843759444, 0.4467285965144498, -0.12713121790678672)
(10.4497, 4.49675, 5.22191);(0.40641257539217374, -0.8851111014356418, 0.2267314638035174)
(9.87084, 4.84777, 8.36822);(0.01743603910334103, -0.8552289769700526, 0.5179569301507067)
(5.67682, 3.0153, 8.91187);(-0.2434406521134414, -0.15642348777721102, -0.9572190665517456)
(7.25899, 2.08011, 9.58553);(0.927677458607295, 0.3694714223650694, -0.053901770355367196)
(6.55538, 0.802155, 8.24888);(-0.2826736471848081, -0.15508750273731325, 0.946595729803353)
(9.57756, 5.06741, 9.59174);(0.9757205461369339, -0.013478219194780726, 0.2186041020968745)
(6.06271, 1.90327, 8.32356);(0.05505947850572705, -0.41884813927937553, 0.9063855085165926)
(7.13023, 1.65568, 7.88698);(-0.7975060222986732, -0.5207556765057975, -0.3046270995567158)
(6.18421, 1.86272, 9.71378);(0.9808564280227425, 0.1555815599493072, -0.11711125398614204)
(5.78614, 1.0741, 9.07496);(-0.40442459987841206, -0.5163166117574174, 0.7548893292639172)
(6.92216, 1.04171, 9.29407);(-0.025371525586791562, 0.025692991390032578, 0.9993478653015829)
(5.26488, 1.01945, 9.99004);(0.0320136711299782, 0.05422772475092218, 0.9980152697875518)
(6.66375, 0.334398, 10.1497);(0.4315239082150605, -0.5690718189468758, 0.6999602713863796)
(5.74829, 4.63842, 8.77166);(0.6409470157563637, -0.7539392060500256, 0.14409231962068203)
(10.0871, 2.54761, 7.89634);(-0.18082343860399036, -0.9496308513840165, 0.2559377466320609)
(8.61411, 4.40504, 8.09028);(0.10641333335708018, -0.9859759857437191, -0.12855955048356385)
(7.84034, 0.502021, 8.07332);(-0.4495549837207048, -0.16147996738254664, -0.8785354499085443)
(9.81069, 1.50027, 8.04039);(-0.5175247546133579, -0.8427627142633454, 0.14805112566226067)
(9.13949, 1.07284, 9.06328);(0.6799528960530891, -0.71478155368498, -0.16355852059951875)
(10.0162, 1.78584, 9.26188);(-0.05016318884293106, 0.998507398295242, 0.021601621114522428)
(8.47853, 1.66333, 9.65035);(0.9235264512676629, -0.12508822442719206, -0.3625628634024859)
(9.15906, 2.26975, 8.3842);(-0.5271541508213613, -0.5900757125097035, 0.6114892924475254)
(10.2033, 0.720616, 9.03455);(0.5830655583499722, 0.459142794449788, 0.6702405903635462)
(9.68941, 0.325563, 7.98085);(3.6351434988897514e-05, -0.5109562734861077, 0.8596067038266763)
(8.82205, 1.23531, 8.03217);(-0.9648159714042587, -0.1878253605330587, 0.18398851938064817)
(9.14521, 0.258457, 10.0211);(-0.93894346747579, 0.3358332776604487, 0.07484099478480984)
(7.93569, 0.818606, 9.13843);(-0.2782952322399793, 0.6084404753440767, -0.7432038426135659)
(9.41499, 1.29828, 10.1824);(0.8370951568385, 0.5443708170236609, -0.05414897940422335)
(6.6158, 2.95839, 7.88617);(-0.4427291922653901, 0.562247731210242, 0.6984757340559302)
(10.0183, 2.86459, 8.86204);(-0.08524648358337336, 0.6627547580294871, -0.7439685260452525)
(8.72293, 0.196189, 8.62759);(-0.9813345025532788, -0.19142569645233823, -0.01840643464243633)
(6.01552, 3.70936, 8.18362);(0.19778989892455198, 0.9317052042879909, -0.30463842204503494)
(7.21833, 3.5068, 8.52566);(0.0024317752108438022, 0.9563018313342481, 0.2923711577021362)
(9.67367, 3.74683, 8.1406);(0.030924563051218462, -0.2625411808925488, -0.964425113596508)
(6.05287, 3.91144, 9.32467);(-0.5453552511099105, -0.7921564967825815, 0.2739995158608759)
(8.28055, 3.23385, 8.2916);(-0.3127749900854451, -0.3659250866488827, -0.8765104885499416)
(7.03372, 4.03696, 9.50304);(-0.7179658523302499, 0.693396755111269, 0.06104076415692014)
(6.72219, 4.55168, 8.33264);(0.7636013172498143, 0.6394886769785243, -0.08925951103722778)
(10.1634, 0.445865, 10.1291);(-0.7994825384146428, -0.5767208916541557, 0.16799013036400337)
(7.91939, 0.143687, 9.9452);(-0.22822883122666152, 0.6547617874559071, -0.7205543714977084)
(8.02214, 3.50179, 10.3344);(-0.900752327981931, -0.27013565193580835, -0.3401058264545728)
(8.63669, 4.6496, 9.3141);(0.7263546573543216, 0.4561019826942508, 0.5141788532427792)
(9.57668, 4.18758, 9.13008);(-0.4379046873825488, -0.8585514367423308, 0.26670004731171637)
(7.84445, 2.98278, 9.30815);(-0.2396295781725378, 0.5242377687489511, -0.8171612001814408)
(8.78926, 3.53979, 9.18332);(-0.708332681560092, -0.29745757159495745, -0.6401435818117059)
(5.04102, 3.30509, 9.92659);(-0.33306559443392786, -0.8955364732363558, -0.2950961451929934)
(8.09954, 2.0667, 8.34918);(-0.8385719012347991, 0.08779020873423438, -0.537670945569736)
(7.79405, 4.42128, 8.72619);(0.5163565270433197, 0.5598527001190744, 0.64802846476767)
(9.58382, 2.48062, 9.96586);(-0.036126173542065466, 0.9888588525824957, 0.14440591834976424)
(6.54098, 5.04811, 9.59175);(-0.23174371509452912, 0.9718313546124381, 0.04287970039936653)
(7.67028, 1.28903, 10.1116);(0.8875475194125905, 0.456211941989251, -0.06426557998612772)
(9.17006, 3.78084, 10.1045);(-0.9841908781521969, -0.14853588410139962, -0.09646453491425425)
(5.62753, 1.02318, 7.71223);(-0.34382935521969826, 0.7724972818159414, 0.5338813764088318)
(5.81338, 8.62569, 0.731114);(0.7770151010999503, -0.5003149934053052, 0.3820110470084387)
(7.75933, 7.39481, 1.70059);(-0.6235751478399009, 0.573838009508745, 0.5309086304059176)
(6.98446, 5.98145, 1.16226);(-0.9642241161085032, -0.215563657686258, 0.15428597927127896)
(5.80725, 6.00186, 1.4116);(-0.800122467578209, -0.49339271571540166, -0.3411270510462912)
(8.452, 5.629, 0.528227);(-0.3724213326430431, 0.8999680454314235, -0.22662715679000922)
(6.3883, 5.71256, 0.163893);(-0.9789073176421156, 0.1901481853558992, 0.07472704378320402)
(8.39049, 9.7596, 1.48061);(0.7130311845664092, -0.6250126772099439, 0.3177195039066407)
(7.87951, 6.37607, 1.71391);(-0.1315625240042739, 0.6051953008595866, -0.7851305306094644)
(9.61507, 5.42598, 0.478845);(-0.14727831822991697, -0.9886821974851846, 0.028576377573681706)
(5.41657, 7.19355, 0.375696);(-0.9891352990216599, -0.13784261354259117, 0.051095734861917666)
(6.30087, 6.80857, 0.622952);(-0.8233027169105788, 0.1523748821514677, -0.5467673468825526)
(8.90928, 9.92799, 2.65286);(-0.7058900379122355, -0.6259342640058564, 0.331550224731804)
(6.75623, 7.52404, 1.24428);(-0.8542893525195342, -0.5129443816292694, -0.08412944506367331)
(7.65793, 9.43214, 2.36681);(0.13149172687245148, -0.563251669842544, 0.815755773613455)
(10.1405, 5.8938, 1.44035);(-0.19193789059257976, 0.911610452604955, -0.3634917177271858)
(8.53723, 7.88055, 1.18071);(-0.792987195031201, -0.3726129317841594, 0.4820071696393752)
(7.67984, 7.37978, 0.700541);(-0.3374146290021763, 0.9144810420101039, 0.22332888738234957)
(9.30539, 7.45571, -0.128486);(0.3718727397434777, -0.7976326544756738, -0.4748608364034352)
(9.70293, 6.40836, 0.14113);(-0.06639897588374678, -0.8510230315189523, 0.520913597274905)
(9.06464, 6.08724, 1.64859);(0.20192892126390433, 0.833353824811889, -0.5145348515198862)
(9.63532, 6.91525, 1.1744);(-0.6057513576775465, 0.7731418482945663, -0.1879281114880654)
(8.32779, 5.74458, 2.35523);(-0.08523187438842407, 0.7545824751080238, -0.6506464599520114)
(9.3014, 8.11606, 1.95156);(0.6181024424165525, -0.7787371757632398, 0.10732092882092094)
(9.49773, 8.34469, 0.589792);(-0.1707014683025966, -0.9681194299601323, 0.1833187880524144)
(9.88389, 10.183, 2.38592);(-0.9961175486521949, 0.07583445806405148, 0.04470977787099503)
(7.29959, 8.46633, 2.42991);(-0.5398271879343556, -0.570955175328552, 0.6185440929573479)
(8.75869, 7.00614, 1.97613);(-0.3496758643395678, 0.48202499581099156, 0.8033546497729316)
(8.70992, 6.67955, 0.544675);(-0.6700138658052519, 0.645512154504083, -0.36659988818355993)
(9.93876, 9.12093, 1.43974);(-0.29642856328524386, 0.47771831188092073, -0.8269917299237578)
(7.376, 5.3883, 0.0329815);(-0.5277446532064848, 0.8202249217674299, -0.22071850562103007)
(5.18618, 7.50098, 1.79725);(0.164264005748803, 0.42237251572388257, 0.8914139298756981)
(7.69869, 6.39296, 0.444865);(-0.6657902310720605, 0.6411051567149948, 0.38171657842233464)
(5.82994, 9.55773, 0.751074);(0.46229381454526314, -0.769684740085704, -0.4403065181352559)
(6.46595, 8.82266, 1.59996);(0.8254152381743991, 0.55720380629034, 0.09062892940478236)
(9.60065, 10.0309, 0.699407);(-0.4759382289172944, 0.5576019667588339, -0.6801197313133545)
(7.32593, 9.43319, 1.42495);(0.8431252309385376, 0.348027296550908, 0.4098985799076449)
(6.72373, 9.21521, 0.523872);(0.9509188112925867, 0.30420261562630246, 0.056693764877720515)
(6.46276, 9.61301, 2.27099);(0.8562607191074773, 0.4835655906287337, 0.1816091971058446)
(8.02051, 8.54176, 1.80155);(-0.39673045147248914, -0.11101039736002309, 0.911197915138311)
(7.61425, 8.29328, 0.657544);(-0.024161850053567302, 0.9997051200570539, 0.0024244450293394912)
(8.73646, 8.92671, 2.33897);(0.749193042595976, -0.5596096635243344, -0.3543258520288432)
(6.08295, 7.04603, 1.93916);(-0.36397726896479143, -0.8967348698548229, -0.25176799014844214)
(7.88526, 9.37783, 0.399878);(0.8626309961619606, 0.5016493247477236, -0.06492857183687763)
(8.78515, 8.83509, 1.25267);(-0.15684682318950355, -0.9830891780871024, 0.09452376411985582)
(5.55692, 9.17158, 2.23179);(0.8205842029191098, 0.31951484639214406, -0.4738689996767188)
(5.71884, 5.19703, 2.24019);(0.8438264064556762, 0.0035296192370800846, -0.536604638030777)
(8.33194, 7.87159, 2.41136);(0.6188254494336984, -0.22036138043461326, 0.7539866876451685)
(9.73422, 7.21296, 2.39875);(0.576724189145115, -0.33206507123149015, 0.7464060544522231)
(7.01348, 7.41007, 2.41877);(-0.39284412217039777, -0.90693554766518, 0.15212300305157533)
(7.16108, 6.27931, 2.51084);(0.5111807068915409, -0.763767589445224, -0.39414889853315077)
(9.09335, 9.11328, -0.0195874);(0.5617112703437152, -0.7298171516904637, 0.38967598574619455)
(5.22621, 5.76331, 0.429194);(-0.9645009953739471, -0.2616711908229805, -0.0355811441067966)
(7.52947, 6.11098, 3.83077);(-0.9724597160830005, -0.2113731528672987, -0.09820127719488958)
(6.68222, 6.75563, 3.32476);(-0.48092136203337055, -0.7688019145490462, -0.42149526655193764)
(5.67668, 5.7502, 4.13689);(-0.353190033149553, -0.18998946111534706, -0.9160572062643891)
(5.44169, 8.92555, 3.30305);(-0.032956438908172715, -0.5902637648645346, -0.806537389723773)
(5.44895, 7.9193, 3.63467);(0.9534114522026541, -0.30004155009325634, -0.031331629808585636)
(9.00621, 5.91047, 4.34401);(0.900527784222527, -0.01290565554958115, 0.4346068958243777)
(6.92345, 5.62031, 4.75577);(0.2990420391544231, -0.868656412870752, 0.39498087953327843)
(5.43003, 6.67956, 3.74354);(-0.16110216939368074, -0.020160505641768307, 0.9867317999481511)
(6.04601, 7.45138, 4.32982);(0.52938123392741, -0.6332768772781667, 0.5645492944555918)
(7.96766, 6.02979, 5.10999);(-0.22731832122098802, 0.9085744074431232, -0.35045531380854994)
(6.0159, 7.86341, 2.77258);(0.5935284879668343, 0.02205313625703896, -0.8045107787674644)
(5.75003, 6.1932, 2.90812);(-0.6733749368990851, -0.3154889723151142, 0.6686051919509048)
(9.26119, 6.91034, 3.79014);(-0.3265049246937837, 0.052226286522785964, 0.9437515293480304)
(6.94871, 9.46082, 3.30056);(-0.6406051298702629, -0.027739903758920693, 0.7673692496597381)
(9.91609, 6.30116, 4.49436);(0.5506585428395281, 0.41961875015543865, -0.721592179638773)
(8.24525, 6.73073, 4.31055);(-0.8477637981774022, -0.31513297617824493, -0.426600222485721)
(6.30951, 6.50764, 4.7876);(-0.06013954758628455, -0.9943770964196368, 0.08716320859267083)
(8.47755, 6.11674, 3.43351);(-0.41167697666752795, -0.5887295821719579, 0.6956432605563829)
(9.35765, 6.13181, 2.81486);(-0.8903378900142536, 0.3424093755305679, -0.3000904216294371)
(8.56595, 7.0635, 2.95757);(0.08609202347011863, -0.38923046878708006, 0.9171083936278255)
(5.18663, 6.4489, 4.78703);(-0.49578508585467645, -0.21120158385088375, 0.8423722690253693)
(8.58142, 7.73906, 4.08945);(-0.7117677845612315, -0.29940206383658713, 0.6354093365942844)
(9.59697, 5.35267, 3.40714);(-0.6788844936239129, -0.015182919569615677, -0.7340880895848577)
(9.06498, 8.04829, 3.09091);(0.6930609995529973, 0.0013711860444445476, 0.7208776392338938)
(8.79075, 9.03084, 4.55782);(-0.06535417952248423, 0.9785267523536382, 0.19548459311972505)
(9.44578, 7.23831, 4.77906);(0.051650186598705475, 0.4733162749764277, 0.8793770306681644)
(6.57206, 5.641, 3.57909);(-0.6905072131199621, -0.7207088694824184, -0.06146961915188557)
(5.43342, 9.03831, 4.64089);(0.0011603697180653395, -0.43810065851213337, 0.8989251729445296)
(9.90356, 5.30163, 4.67802);(0.8759930014421364, -0.19000350706966415, -0.44332260118972644)
(6.95621, 7.90334, 4.7839);(0.6202545503707773, 0.7430811987768158, -0.2512262421976557)
(7.34268, 10.0343, 4.79517);(0.9742098628960444, 0.21464593378864935, 0.06958639338311326)
(10.1505, 7.4587, 3.37318);(-0.05461784366444814, -0.03514415552201524, 0.9978886608665771)
(5.59206, 9.92654, 3.00229);(0.6772308927539714, -0.424508863017175, 0.60095802109592)
(6.75365, 9.26774, 4.63893);(0.6784831843444492, 0.3753227689519723, 0.6315009007658188)
(6.16146, 8.44909, 4.10932);(-0.36015760416889325, 0.03994983752987598, 0.9320356809911621)
(7.44981, 7.32228, 3.74866);(-0.7527913686090564, -0.20466110536726415, -0.6256348673927578)
(7.81402, 8.49154, 4.3958);(0.5600962293575031, 0.5687689004986312, -0.6023239590827228)
(6.87316, 8.38743, 3.39474);(-0.487712495127792, 0.08422445525261466, 0.8689319669764852)
(9.02007, 9.38981, 3.51844);(0.9800343936378705, -0.17246728854194968, 0.09893240960291655)
(10.1193, 6.26525, 3.54104);(-0.393007379517299, -0.3527143610055987, -0.8491983155808529)
(7.33817, 6.90002, 4.71946);(-0.8761075555247231, 0.47955726278030275, 0.04960224659385818)
(9.72386, 8.98861, 2.70337);(0.8198687528631614, 0.08720404198839514, -0.565871613654096)
(9.68249, 9.61398, 4.37853);(0.31553718991960644, 0.7425456048051483, 0.590814951200623)
(8.20696, 8.7143, 3.35521);(0.6553498093673591, -0.2933449750644824, -0.6960354538143759)
(6.08302, 9.55525, 3.77539);(-0.43377803509527835, -0.5377264703079292, 0.7229708565350718)
(9.46311, 8.50933, 3.99472);(-0.42433102181027005, 0.4683202257264224, 0.7749963548978827)
(8.044, 9.5253, 4.05474);(0.31028811883033525, -0.11524699304432832, -0.9436309733719915)
(5.68353, 5.42163, 5.12523);(-0.6235079417073364, 0.06637168180746496, -0.7789946382883066)
(5.93172, 10.2846, 4.92141);(0.960362257330035, 0.18182009473901647, -0.2112954988755194)
(8.85834, 9.9343, 5.01289);(-0.671717977694755, 0.23986113172326454, 0.7009005606575752)
(10.2778, 10.1968, 4.99365);(0.3617351654093832, 0.4214641052452159, 0.8315742168298003)
(6.4283, 8.25496, 6.17037);(-0.28163919873921894, -0.3285696951526649, 0.90151057517969)
(6.90157, 6.75528, 6.72224);(-0.2500536178566892, 0.5593314898755708, -0.7903299770541133)
(7.02992, 7.26385, 5.68616);(0.3744706245883682, 0.9196625217538272, -0.11829030983892386)
(10.1215, 8.7612, 5.68683);(-0.4652668335165926, 0.2943526489245451, -0.8347953591752574)
(5.98489, 7.17855, 6.53976);(-0.5202121550670689, 0.7487857113045832, 0.41073016965711884)
(7.74339, 6.307, 6.44173);(0.9967310227775278, 0.08014954191728484, -0.010164603450841192)
(5.7009, 6.42277, 7.24602);(0.918186043546979, 0.04825081684760258, -0.39320001031165336)
(6.92159, 5.99383, 5.85369);(0.7376519713080429, 0.6301315613512074, 0.24249491667754164)
(5.49573, 6.32109, 5.87484);(0.3433614969031892, -0.760263836800055, 0.5514542418899874)
(8.39267, 5.22694, 5.50534);(-0.2717198143876305, 0.8486663607479159, -0.45379924041809494)
(8.90781, 8.93008, 5.75851);(0.05848637190064328, 0.4077376874063057, 0.9112240792310405)
(5.35152, 7.608, 7.2456);(-0.2416277839356603, 0.5750704610286963, 0.7816073047781632)
(7.99924, 9.4867, 5.33374);(-0.4066191621735915, -0.7482029966091805, 0.5242643730202243)
(5.75419, 7.25674, 5.49768);(0.3246250217581317, -0.7781374298102284, 0.5376994844491342)
(9.96657, 7.6952, 7.7477);(0.05070525657344773, -0.48483723538643153, 0.8731333415570973)
(9.61098, 6.0063, 6.6868);(0.48705851275086104, 0.8626016432639156, 0.13672018942099173)
(9.37299, 5.91602, 5.43239);(0.6922543870813839, -0.11341235481011258, -0.7126861169848917)
(8.71633, 6.17801, 6.1322);(0.5310939303877547, -0.11045920067297081, -0.8400821400862984)
(9.38345, 7.76734, 5.84942);(-0.2810329388487179, 0.513887175340224, 0.8105186353828631)
(9.90777, 6.97503, 6.39577);(0.32878367725224983, 0.9380388625131901, -0.10947322041233938)
(7.25586, 6.06104, 7.33488);(-0.05625957341255314, 0.6464142301665251, -0.7609096552401319)
(9.67016, 10.1727, 6.94539);(-0.09077909231656935, 0.09037262166128458, 0.9917620408405667)
(8.92059, 7.06494, 6.73567);(0.5037324782846001, -0.7727877070159113, -0.3860735036315558)
(8.58188, 5.55902, 6.96899);(0.9698302484003225, 0.13123748940776753, -0.2054410150425534)
(8.55579, 6.78205, 5.28595);(0.13890104661185804, 0.5305459487820621, -0.8361982393434418)
(6.64112, 9.17769, 6.4548);(0.6291913759071285, -0.4239020784559656, 0.6514792708634763)
(6.03125, 9.16421, 5.46992);(0.08715663818058654, -0.9725877026464034, 0.2155849741564788)
(8.70347, 8.27311, 6.55979);(-0.10098391115805694, 0.387434484654281, 0.9163496984164361)
(7.81568, 7.95603, 5.60718);(0.9665804597366062, 0.1468103618510969, -0.21016406093459702)
(7.08703, 7.76707, 6.80962);(0.8613914899962705, 0.07545643366137256, 0.5023057112766206)
(5.3649, 8.18475, 6.24104);(-0.530312803839848, 0.8337069120190947, 0.1539516642816966)
(7.03826, 8.72759, 5.52678);(-0.28402805308530527, -0.6574371088848324, 0.6979287305461238)
(7.49676, 8.85687, 6.80671);(0.8796555016938286, -0.2391046743154816, 0.4111388488823044)
(6.60745, 9.91252, 5.64933);(-0.6376624009966222, -0.7412894555482064, -0.2094674329060891)
(5.69047, 9.48304, 6.93226);(0.8972815205389473, 0.2773118749654359, 0.3434879865475196)
(7.27987, 10.0589, 6.35467);(-0.8133592619632202, 0.05681107449448858, -0.5789811851808551)
(6.00176, 8.43712, 7.12459);(-0.6774541877753041, 0.4187015418786117, 0.6047684203843453)
(9.15484, 9.08179, 6.99761);(0.05045815124334297, 0.04807891063142944, 0.997568239934291)
(6.59991, 9.4434, 7.49079);(0.7786693382606735, 0.00918892845151263, 0.627367217223372)
(8.92893, 7.54203, 7.54335);(0.025851389000366584, -0.5872427184703813, -0.8089979575315799)
(8.21262, 8.50338, 7.41866);(-0.06027414070195279, -0.27302056905866, 0.9601181160844361)
(9.68314, 9.75784, 6.02339);(-0.233424134165105, 0.41529637494237337, 0.8792281242936867)
(9.67126, 6.78193, 7.45523);(0.6234436371043327, -0.45591267569389876, 0.6351863218739451)
(8.40867, 9.70197, 6.47593);(-0.39794317630492615, 0.4984588434194279, 0.7701818031148963)
(8.05062, 7.44666, 7.00617);(0.845590325561434, -0.5218196550020776, -0.11261105172415758)
(6.07962, 5.60028, 6.58773);(0.7657848114311046, -0.6272381002144908, -0.14193656407263053)
(9.72095, 8.00901, 6.80229);(0.16495064424724853, 0.24820331813493057, 0.9545608402973738)
(10.2219, 8.98883, 6.72575);(0.015108332276658271, -0.24632782295435565, -0.9690688014451738)
(8.35032, 6.50933, 7.46513);(-0.11024088915559097, -0.8676774238394555, 0.4847502805749688)
(6.04546, 8.17078, 5.13546);(0.11784279211385687, -0.8861894235162227, 0.44808635551062614)
(8.69131, 8.10303, 5.06921);(0.49855112344687574, 0.8667777456117074, -0.011963152684151608)
(6.44122, 6.76513, 9.00979);(-0.29022608055926463, -0.19626815742186712, 0.9366149862912896)
(9.43745, 9.73322, 8.65769);(0.20029330056944133, -0.34186394728363956, -0.9181566507381235)
(6.87927, 6.04159, 9.57581);(-0.2753225975112963, 0.8724746247253877, 0.4037146226109807)
(5.86652, 7.46638, 9.7034);(-0.13924548079934262, 0.7063932345760128, 0.6939879640326612)
(6.86973, 6.99575, 10.0421);(-0.15109550511222233, 0.8201128563234353, 0.5518922460298737)
(7.47422, 6.96358, 8.99855);(-0.17162777595157874, -0.02873164263277969, -0.9847428086731768)
(8.49631, 9.82181, 7.72766);(-0.6928811731091394, -0.2244108217024685, 0.6852411714525957)
(7.38077, 5.83003, 8.37696);(0.8374641135215746, 0.39914139148329547, -0.37328274560753794)
(7.71278, 7.70015, 10.0019);(0.21820598416551126, -0.2531994419896471, -0.9424840534727853)
(6.3781, 5.69716, 8.6946);(0.9423368205249346, -0.1624994944076509, -0.29256662660019)
(9.74394, 7.77189, 8.86721);(0.021351799449752202, 0.5195154901409973, 0.854194214545976)
(5.56291, 6.23691, 8.51016);(0.8415192733939835, -0.3384637663326382, 0.42105533055215816)
(5.85221, 6.24557, 9.71964);(-0.9059465749243295, -0.38902771181179835, 0.16708753043046812)
(6.55336, 7.77326, 8.81266);(-0.6674556076216831, -0.7446395173619313, -0.0038731172664580706)
(8.2919, 8.79689, 9.41876);(-0.8409793526289997, -0.023866566359318466, 0.5405405770725494)
(8.20912, 6.3788, 8.65941);(0.9959911251307306, -0.008454628203691014, 0.08905165873108936)
(9.41883, 5.73569, 8.70729);(-0.35232809026749273, -0.8170974613417792, 0.45630763249948064)
(8.27077, 7.94111, 8.32516);(-0.9159206266104993, 0.11748542751830832, 0.38377933773233647)
(8.9456, 5.93267, 9.95142);(-0.7919985790420909, -0.43755529452142605, 0.425774136170314)
(8.40244, 5.36221, 8.25392);(0.17652525311855322, -0.976879093717535, -0.12060709460491195)
(9.45945, 6.67051, 9.3048);(-0.9381484549897133, -0.18708980821636342, 0.29133293679564964)
(8.89328, 7.2038, 8.51136);(0.12858174706300612, 0.5527531620430824, -0.8233654572385211)
(6.07971, 9.91355, 8.27071);(-0.3976667852440625, 0.4871299610630081, -0.7775381205757085)
(7.80266, 9.12399, 8.34498);(-0.5697101498817958, 0.0010000467698689742, 0.8218450857844924)
(9.45459, 8.37361, 9.72596);(-0.30014413257996425, 0.25714624026087024, 0.918580051382306)
(9.88427, 9.87251, 9.6797);(0.22679145406887194, 0.34518498524625024, -0.9107211221454529)
(7.6296, 5.32161, 9.26311);(-0.4923684687127968, 0.8431806085047437, 0.2159160773517936)
(6.73056, 10.1494, 9.18025);(-0.8538004916928825, 0.26319647608745905, 0.44916849328524316)
(8.65199, 7.65138, 9.40334);(0.45652620099536645, -0.12305283686304765, -0.8811593653503856)
(6.5257, 5.47274, 7.70506);(0.621704634061657, 0.7618206995052539, -0.18196859561909787)
(7.48679, 8.14028, 8.89857);(-0.9747185547589543, 0.14822640213231147, 0.16719052819919386)
(10.0483, 5.78764, 7.91275);(-0.16235828558384313, -0.32643764434991246, 0.9311703665031201)
(5.82773, 9.32751, 9.04765);(-0.6426474614670916, 0.765327908721392, 0.03574118635473372)
(6.28312, 9.59951, 10.0116);(-0.9926784926890054, 0.07674811920136432, 0.09326916077534579)
(6.24872, 8.80984, 8.14118);(-0.6525545469587966, 0.42716633974005697, 0.6258605926534135)
(5.09158, 8.06434, 9.09528);(-0.7706725095676693, -0.2885895080347314, 0.5681372887330511)
(5.73397, 10.3277, 9.38661);(-0.9617863787980447, 0.27094166872944214, 0.03946610830382624)
(6.94053, 9.1286, 8.95319);(-0.6439344348823821, 0.7561252650634959, 0.11671772404123186)
(8.70756, 9.74535, 9.33005);(0.9654575693704489, -0.2419862438610355, -0.09661438571627083)
(7.26978, 8.82464, 9.88537);(-0.9382238809441376, 0.3441518318214719, 0.0359925809028209)
(9.8909, 9.39988, 7.73028);(0.4364129293387397, -0.7698526236099528, -0.4656937760233136)
(7.14745, 10.1378, 8.19751);(0.2924054462633598, 0.1706071666225039, 0.9409528413754679)
(6.16687, 8.42058, 9.62865);(-0.5234197399387801, 0.4898851407691881, -0.6971687921127655)
(5.54884, 7.48369, 8.27895);(-0.780948568362628, -0.13355981305426382, 0.6101484326860732)
(9.25022, 8.47728, 7.79855);(-0.15066666078805704, -0.6586960321860071, 0.7371696511044028)
(7.77952, 9.95855, 8.97864);(0.48350240942984546, 0.1108086523752147, 0.8683011359167526)
(9.13336, 8.7226, 8.85245);(-0.5577963765047242, -0.0338637841718114, 0.8292867094556412)
(7.92771, 6.4553, 9.67627);(-0.6193086467661246, 0.6448307618094125, -0.4479398270582828)
(4.98609, 8.02277, 10.174);(-0.9434676039924373, -0.00880920867904506, 0.33134766946399113)
(9.3612, 5.10417, 7.39847);(0.8591119829547537, -0.3593880985962809, 0.364371781743456)
(7.39138, 7.09512, 7.92847);(-0.2845163774430502, 0.49856188682243047, -0.8188323857632536)
(5.2425, 5.51431, 7.83275);(0.7803281030274608, 0.5991869178652474, -0.17906169072336386)
(6.40494, 7.4865, 7.8147);(-0.9407847509982372, 0.3327023371309471, -0.0650631013462337)
(6.42849, 6.4977, 7.99627);(0.36238945586288995, 0.7764710247681967, 0.515525586149538)
(10.0374, 6.69197, 8.45901);(-0.31871718152754086, -0.13040504679212186, 0.9388364511299533)
(10.2272, 5.86513, 9.6117);(-0.0621949532839531, 0.9966358162367868, 0.053374503089400796)
(5.36515, 5.43423, 9.26564);(0.03460918845044632, -0.8475238315962876, -0.5296277550800645)
(5.2689, 9.32496, 9.89524);(-0.9665350916255303, -0.22147034262899237, 0.12946352379038867)
(6.60174, 7.90881, 10.4707);(0.018464727251031245, 0.9983074141823993, -0.055148532491775225)
(8.52394, 8.27128, 10.445);(-0.8425888190400316, -0.5340849482387204, 0.0692629056102067)
(7.15361, 8.31946, 7.89132);(-0.9587956353440626, 0.15050340072506171, 0.2409557138051857)
