(0.0, 0.0, 0.0);(-0.5052716175014423, -0.32912189089918265, -0.797733898915185)
(368.4, 368.4, 0.0);(-0.018817250771525473, 0.8547565382931958, -0.5186879324974064)
(368.4, 0.0, 368.4);(0.6415470842248451, 0.7657409721630193, 0.04536631209866683)
(0.0, 368.4, 368.4);(0.6020753355607381, -0.6456443741289654, 0.46973251161170554)
(736.8, 0.0, 0.0);(0.16112089684841416, 0.9687328167955452, 0.18867110606060328)
(736.8, 368.4, 368.4);(-0.5727522015024576, 0.2698425372376051, -0.7740412913864865)
(1105.2, 368.4, 0.0);(0.04925971322943978, 0.40382378201348673, 0.9135096243241652)
(1105.2, 0.0, 368.4);(-0.13382311331859023, 0.842857885255152, -0.5212311959245461)
(1473.6, 0.0, 0.0);(-0.02931457159870671, -0.9442464165935496, -0.32793194513835505)
(1473.6, 368.4, 368.4);(0.22510460509427827, 0.9655265271064994, 0.13071511855562543)
(1842.0, 368.4, 0.0);(-0.8756669595273003, 0.4447727529368822, -0.1881078792532644)
(1842.0, 0.0, 368.4);(0.9768517900445812, -0.05054332924788085, 0.2078604150752077)
(2210.4, 0.0, 0.0);(-0.5681447477376736, -0.20257005571272543, -0.7976069947954558)
(2578.8, 368.4, 0.0);(0.29876586572252095, -0.8067828881984956, -0.5097453568098158)
(2578.8, 0.0, 368.4);(-0.5942330771761847, -0.4936863252678159, -0.6349494958130786)
(2210.4, 368.4, 368.4);(0.46759863931482654, -0.8758137760451457, -0.11958989171525364)
(2947.2, 0.0, 0.0);(0.38884319368835984, -0.9138113478152503, -0.11725950420461635)
(2947.2, 368.4, 368.4);(0.11708204362381933, -0.5738432778514518, -0.8105527049646876)
(3315.6, 368.4, 0.0);(0.2253803987121212, -0.33382790735114076, 0.9152937256148562)
(3315.6, 0.0, 368.4);(-0.6583910301365529, 0.6067669794445267, 0.4453707265767407)
(3684.0, 0.0, 0.0);(0.4097157566207018, 0.63794061722088, -0.6520465993137058)
(3684.0, 368.4, 368.4);(0.213008810822868, -0.12262623152823919, -0.9693245348452758)
(4052.4, 368.4, 0.0);(-0.6267019509415093, -0.6888393190662775, -0.36434195091207006)
(4052.4, 0.0, 368.4);(0.9220941698982934, 0.3688473479829675, -0.11702126185231845)
(0.0, 736.8, 0.0);(0.17979278023230208, 0.7764421551725411, -0.603996801189674)
(368.4, 736.8, 368.4);(-0.5393045713511528, 0.8319398054367702, 0.1304865489220186)
(736.8, 736.8, 0.0);(-0.7658600961181836, -0.4050371799096081, -0.4994028394640124)
(1105.2, 736.8, 368.4);(0.3499214565104318, 0.0808018097846744, -0.9332877593803207)
(1473.6, 736.8, 0.0);(0.7506761362329786, -0.14799763337358615, 0.643880453971189)
(1842.0, 736.8, 368.4);(0.09738586053035551, -0.9186339329479569, 0.3829199543055058)
(2210.4, 736.8, 0.0);(-0.5910047198845493, 0.5878984599956967, -0.5523484604928973)
(2578.8, 736.8, 368.4);(0.48998255460211393, 0.7647050097267064, 0.41850130738680424)
(2947.2, 736.8, 0.0);(0.6056007735194763, -0.5415713718740519, 0.5830507287355614)
(3315.6, 736.8, 368.4);(-0.6076857154753014, -0.6893327673478786, -0.3943835785980275)
(3684.0, 736.8, 0.0);(0.5073025021065267, -0.7954333484011668, -0.3315568723579193)
(4052.4, 736.8, 368.4);(-0.6595330275218695, 0.31147300187798455, 0.6841058066622108)
(368.4, 1105.2, 0.0);(0.36549285415971083, 0.08315420178457439, -0.9270924184156393)
(0.0, 1105.2, 368.4);(-0.38423124361712635, 0.4458776709901565, -0.808430240615002)
(0.0, 1473.6, 0.0);(0.5831739229834547, 0.3073130708020573, -0.7519753001703562)
(368.4, 1473.6, 368.4);(0.2499048825458623, -0.8822753768908466, 0.3989206801005101)
(736.8, 1105.2, 368.4);(-0.22575471131550903, -0.750760461696016, 0.620800724446127)
(736.8, 1473.6, 0.0);(-0.9098367934640691, 0.3984869507511882, -0.11578065183803897)
(1105.2, 1105.2, 0.0);(-0.8150019942120736, -0.17735557873001545, -0.5516491168520841)
(1105.2, 1473.6, 368.4);(0.41870530536719497, -0.7987035167454075, 0.43215571221017374)
(1473.6, 1105.2, 368.4);(0.32332220625132363, -0.7634847327355778, 0.5590651248508173)
(1473.6, 1473.6, 0.0);(0.518497597925962, -0.18182479710467836, 0.8355237782988885)
(1842.0, 1105.2, 0.0);(-0.7017134131811382, 0.3021236445324541, 0.6452283232903719)
(1842.0, 1473.6, 368.4);(-0.6609557540071577, 0.4445257222851007, 0.6045943875622227)
(2578.8, 1105.2, 0.0);(0.377134273182331, 0.9254021817245957, -0.03742381662248561)
(2210.4, 1105.2, 368.4);(-0.7809322765677987, 0.27804628358433364, -0.5593165862010312)
(2210.4, 1473.6, 0.0);(0.6274449954744789, 0.0932804780694041, -0.7730533811226588)
(2578.8, 1473.6, 368.4);(-0.28743709634687115, -0.8579702098090345, 0.4257546649467517)
(2947.2, 1105.2, 368.4);(0.2597100516714791, -0.5563451284260008, 0.789322992910668)
(2947.2, 1473.6, 0.0);(-0.2281960970818173, 0.41546076905325086, 0.8805219421765179)
(3315.6, 1105.2, 0.0);(0.46885487138352133, 0.8453711146560166, -0.2559741941782136)
(3315.6, 1473.6, 368.4);(0.6736841390358704, -0.6169566807079946, 0.406834284372976)
(3684.0, 1105.2, 368.4);(-0.46514177878401863, 0.7496593696858761, -0.47080139663324494)
(3684.0, 1473.6, 0.0);(0.6651566463667347, -0.13087291868985457, -0.7351455059699117)
(4052.4, 1105.2, 0.0);(0.8980658435239679, -0.4042798998020456, 0.17330753968489704)
(4052.4, 1473.6, 368.4);(-0.5313351509721514, 0.44269088715254956, 0.7222933862174632)
(368.4, 1842.0, 0.0);(-0.08934472710831427, -0.6018569929553024, -0.7935903727797747)
(0.0, 1842.0, 368.4);(0.9640274231160318, 0.18303779116641725, -0.19273892830765255)
(736.8, 1842.0, 368.4);(0.7079674800772264, 0.65933487629179, -0.2530999171441828)
(1105.2, 1842.0, 0.0);(0.6765692391601016, -0.1737244021998769, -0.7155933878276244)
(1473.6, 1842.0, 368.4);(0.5971881011289639, -0.7333715524488194, -0.3248577195154688)
(1842.0, 1842.0, 0.0);(0.7748345036143813, 0.20345848507209605, 0.5985283091557349)
(2578.8, 1842.0, 0.0);(-0.5734272250245581, 0.8149862489402167, 0.08353820466702562)
(2210.4, 1842.0, 368.4);(-0.07588270411478121, -0.13370198402366457, -0.9881121366952054)
(2947.2, 1842.0, 368.4);(-0.6902409721640426, 0.7232433963816405, -0.02205424984865278)
(3315.6, 1842.0, 0.0);(-0.28215728253836037, -0.7321932210160659, 0.6199035045946154)
(3684.0, 1842.0, 368.4);(0.729244313934029, 0.23815834593952817, -0.6414696663554991)
(4052.4, 1842.0, 0.0);(0.7556339830929463, -0.17226248487201387, 0.6319358510963023)
(0.0, 2210.4, 0.0);(-0.15309382308304095, 0.7528668135639718, -0.6401201780664709)
(368.4, 2578.8, 0.0);(-0.6951278931144501, 0.2932320038404804, 0.6563628601147099)
(368.4, 2210.4, 368.4);(0.9810333200147374, 0.19144037435760383, 0.03040079088908982)
(0.0, 2578.8, 368.4);(0.39804155539238617, -0.9093003448912805, 0.1213911156609419)
(736.8, 2210.4, 0.0);(-0.37531402486992305, 0.8775826714949004, 0.2983086278132304)
(736.8, 2578.8, 368.4);(-0.3501036970456672, 0.9270999301098737, 0.13383990774512236)
(1105.2, 2578.8, 0.0);(0.6164788713019544, 0.593821603442864, -0.5170393645776056)
(1105.2, 2210.4, 368.4);(0.21031048749124626, 0.38467459609305515, -0.898774139576701)
(1473.6, 2210.4, 0.0);(0.568869967240941, 0.7894252738779096, 0.23063975662074856)
(1473.6, 2578.8, 368.4);(-0.7834989247897365, -0.3023587895704059, -0.5428707002803207)
(1842.0, 2578.8, 0.0);(-0.027161214394435154, 0.9155275495993039, 0.40133723270749944)
(1842.0, 2210.4, 368.4);(-0.15753335948839287, -0.46643110768312385, 0.8704167176897483)
(2210.4, 2210.4, 0.0);(-0.34675443402444434, 0.5466582780752909, -0.7621850756188717)
(2578.8, 2578.8, 0.0);(0.6541358871157947, -0.7056849736407991, 0.2722406273222587)
(2578.8, 2210.4, 368.4);(0.4118895369831975, 0.18775708519663842, -0.8916805965603544)
(2210.4, 2578.8, 368.4);(0.6104638816190581, 0.6705393544253341, 0.4215576157602289)
(2947.2, 2210.4, 0.0);(0.7644626220953724, 0.5942594650866457, 0.24990515715767372)
(2947.2, 2578.8, 368.4);(-0.3698641150578964, -0.9279248781160436, -0.04643228365873162)
(3315.6, 2578.8, 0.0);(0.49231843378406775, -0.7028722463533145, -0.5134132497926481)
(3315.6, 2210.4, 368.4);(0.08424504150523124, 0.06809372726122903, 0.9941156961287027)
(3684.0, 2210.4, 0.0);(0.5521978299203543, 0.279079688735972, 0.7856157355643307)
(3684.0, 2578.8, 368.4);(-0.07882009561022471, -0.958352118715837, -0.27449701105997665)
(4052.4, 2578.8, 0.0);(-0.34303548700632874, 0.9393026286110907, -0.006101355474496458)
(4052.4, 2210.4, 368.4);(-0.1899742382728271, -0.5361777585502854, 0.8224495121456703)
(0.0, 2947.2, 0.0);(0.05194309767267653, 0.36043355940595834, -0.9313375133957174)
(368.4, 2947.2, 368.4);(0.38807001270619296, -0.9214315689024625, -0.019118814507228063)
(736.8, 2947.2, 0.0);(-0.699011546440075, 0.3891311653974213, -0.5999664941143795)
(1105.2, 2947.2, 368.4);(-0.5402437175425986, -0.10562008944549023, -0.8348539527134549)
(1473.6, 2947.2, 0.0);(-0.45061977228607825, 0.7519939737335366, -0.48108926852850087)
(1842.0, 2947.2, 368.4);(-0.9961038592886735, 0.06946927338745071, 0.054324226319664465)
(2210.4, 2947.2, 0.0);(-0.7850966550518585, 0.5306969337006983, 0.31934934912578034)
(2578.8, 2947.2, 368.4);(-0.5631305099545879, -0.7970433384582669, -0.21818786716402536)
(2947.2, 2947.2, 0.0);(0.34991553194561736, -0.7653728769656322, -0.540151348890815)
(3315.6, 2947.2, 368.4);(0.9823308155852439, 0.07160431049298807, -0.1729132483948329)
(3684.0, 2947.2, 0.0);(-0.2860414289539345, 0.6590429038604175, -0.6955880618535798)
(4052.4, 2947.2, 368.4);(0.9498659342099327, -0.16846153669873484, 0.26339213670987355)
(368.4, 3315.6, 0.0);(0.2900042331945799, -0.4281130316598515, -0.8559303574778936)
(0.0, 3315.6, 368.4);(-0.6263955992376442, -0.3829969456171832, 0.6789270158887631)
(0.0, 3684.0, 0.0);(0.5526875029566994, -0.7480996727974429, -0.36726475958883864)
(368.4, 3684.0, 368.4);(-0.44926310144791853, 0.6588326958302931, 0.6034087707204674)
(736.8, 3315.6, 368.4);(0.3686148139482073, -0.7140772922342994, 0.5951611039485522)
(736.8, 3684.0, 0.0);(0.6589769805192607, -0.5668942919892833, 0.4943482586756901)
(1105.2, 3315.6, 0.0);(-0.28927003302888776, -0.5649397693327953, 0.7727651033902049)
(1105.2, 3684.0, 368.4);(0.6183574432652822, -0.6076954478330598, -0.4983375513057389)
(1473.6, 3315.6, 368.4);(-0.34536651183545536, -0.8751190452264713, 0.3389522520717619)
(1473.6, 3684.0, 0.0);(0.016586861512227904, -0.1405314134435297, 0.9899372696594153)
(1842.0, 3315.6, 0.0);(-0.5719100818503066, -0.7538928980814005, -0.3233641237063921)
(1842.0, 3684.0, 368.4);(0.3280081000308626, -0.26992817295615945, -0.9052897148198985)
(2578.8, 3315.6, 0.0);(-0.10780322952151344, 0.8209873975250203, 0.56067651708434)
(2210.4, 3315.6, 368.4);(-0.050926858616524476, 0.8810815100278828, -0.4702146613605729)
(2210.4, 3684.0, 0.0);(0.2199110644883774, 0.7144356513762078, -0.6642445511694035)
(2578.8, 3684.0, 368.4);(0.7093836247698173, -0.2682735897819287, 0.6517700161360236)
(2947.2, 3315.6, 368.4);(-0.3694175028446683, -0.49374671512669605, -0.7872387756542527)
(2947.2, 3684.0, 0.0);(-0.19620951118312008, 0.9183971888472926, 0.3435817679078321)
(3315.6, 3315.6, 0.0);(-0.5821426508042501, -0.7789590538010461, -0.23309381505303756)
(3315.6, 3684.0, 368.4);(-0.33948107461978255, -0.1589000331681945, 0.9270940510186354)
(3684.0, 3315.6, 368.4);(-0.6444745651805642, 0.7644221968113976, 0.017641991309363236)
(3684.0, 3684.0, 0.0);(0.993497136422868, 0.11288551259539673, -0.01484253905623232)
(4052.4, 3315.6, 0.0);(0.8992062113271927, -0.19807985104916517, -0.3901186513343556)
(4052.4, 3684.0, 368.4);(0.9759574383290517, -0.14095892780416805, -0.16624577962310663)
(368.4, 4052.4, 0.0);(-0.7493198661687048, 0.5176035740006594, 0.41304512870467136)
(0.0, 4052.4, 368.4);(-0.6410539992289875, 0.5422190859324505, -0.5431834247499635)
(736.8, 4052.4, 368.4);(-0.05878981211613548, 0.5390764441114183, -0.8402025621215032)
(1105.2, 4052.4, 0.0);(-0.6440173543984734, -0.626098341937308, 0.43959357758837286)
(1473.6, 4052.4, 368.4);(0.17472251135119327, 0.9836608397218317, -0.04339811545301446)
(1842.0, 4052.4, 0.0);(0.02433265243643103, 0.990596387474583, 0.13463550478129363)
(2578.8, 4052.4, 0.0);(-0.3065135691632605, 0.9499998583318967, -0.05957936797395002)
(2210.4, 4052.4, 368.4);(0.659540660163107, 0.4162739906670357, -0.6258770504546031)
(2947.2, 4052.4, 368.4);(0.36586855025736637, -0.22520069998795525, 0.9030087755152262)
(3315.6, 4052.4, 0.0);(0.0033557787425037952, -0.6255897573310295, -0.7801449828535302)
(3684.0, 4052.4, 368.4);(-0.7025571457685689, 0.06575303205238031, 0.7085830901915741)
(4052.4, 4052.4, 0.0);(0.25626138555867334, 0.9542811770592043, 0.1538750706971359)
(0.0, 0.0, 736.8);(0.32736262366709107, 0.6547863035651543, 0.681240492990016)
(368.4, 368.4, 736.8);(0.6397412528990745, 0.6060644821469658, -0.4726700464584706)
(736.8, 0.0, 736.8);(-0.4880287343964477, -0.542552459816413, 0.6837139626704731)
(1105.2, 368.4, 736.8);(-0.18689814285570167, -0.812171598143989, -0.552672035989997)
(1473.6, 0.0, 736.8);(0.8144158719238264, 0.3987676424404907, -0.42155800893946543)
(1842.0, 368.4, 736.8);(-0.02234623668686821, 0.701695084791224, 0.712126852243174)
(2210.4, 0.0, 736.8);(0.337334943079622, -0.48997100213213257, -0.8038243298427226)
(2578.8, 368.4, 736.8);(0.2150105980963486, 0.8531612270923223, -0.47527503962713336)
(2947.2, 0.0, 736.8);(-0.5638367179772901, -0.6085550679714445, -0.5583447722571317)
(3315.6, 368.4, 736.8);(0.24121226501631887, 0.7605878470693961, -0.6027626150451254)
(3684.0, 0.0, 736.8);(0.3068960117507922, 0.07129023902468358, 0.9490693018906792)
(4052.4, 368.4, 736.8);(0.8461974040636551, 0.2889018091617832, -0.4477562931092982)
(0.0, 736.8, 736.8);(0.6404653490065404, -0.5119390201959642, 0.5724705899194529)
(736.8, 736.8, 736.8);(0.18006081072080543, 0.8796361274099549, -0.4402480980058676)
(1473.6, 736.8, 736.8);(-0.8725876176381608, 0.4521255768779434, 0.18486025066883788)
(2210.4, 736.8, 736.8);(-0.07353209709208262, 0.2124073792559519, 0.9744106608277944)
(2947.2, 736.8, 736.8);(0.7635893390993707, 0.615086963982594, 0.19646716761958305)
(3684.0, 736.8, 736.8);(-0.0018234025743616951, -0.2843059720799502, -0.9587318652484261)
(368.4, 1105.2, 736.8);(0.13049712501692334, -0.8284235465397146, -0.5446879178950812)
(0.0, 1473.6, 736.8);(-0.5763517310266122, -0.8106271014622849, 0.10345232968610424)
(736.8, 1473.6, 736.8);(0.3100397681554, -0.38345609969099204, 0.8699636554316035)
(1105.2, 1105.2, 736.8);(-0.4231493770491265, 0.44226200308015107, -0.7907900640084373)
(1473.6, 1473.6, 736.8);(0.5028121564902195, 0.5542667307943302, -0.6633010827823369)
(1842.0, 1105.2, 736.8);(0.5637047670387062, -0.10595461552630492, -0.8191523393524008)
(2578.8, 1105.2, 736.8);(-0.1061271035362364, -0.2838938635697331, -0.9529644862860622)
(2210.4, 1473.6, 736.8);(-0.7089141168836324, -0.12421155248251407, 0.6942710314516826)
(2947.2, 1473.6, 736.8);(-0.6423890835129289, -0.6791960994795155, -0.35500552648547806)
(3315.6, 1105.2, 736.8);(-0.47183951659863904, -0.6899670620845902, 0.5489197790336234)
(3684.0, 1473.6, 736.8);(0.9718092722043611, 0.1211845569472097, 0.20224005937286135)
(4052.4, 1105.2, 736.8);(0.2780780747541805, 0.6612910528434628, 0.6966826593006265)
(368.4, 1842.0, 736.8);(-0.1395790662892594, -0.6273909346155345, -0.7660928791054414)
(1105.2, 1842.0, 736.8);(-0.322868139349949, 0.9449309065786515, -0.05349529311210104)
(1842.0, 1842.0, 736.8);(-0.6794777839776475, -0.31605176027474924, -0.662133842895874)
(2578.8, 1842.0, 736.8);(-0.2856431616516444, 0.8566358278443248, -0.42963128686714713)
(3315.6, 1842.0, 736.8);(-0.7122963092715945, -0.28323845235352063, 0.6421915188683572)
(4052.4, 1842.0, 736.8);(-0.17708167595249333, 0.8580279494911469, 0.4821100682768137)
(0.0, 2210.4, 736.8);(-0.5313028471392768, 0.22270353881516503, 0.8173863336396692)
(368.4, 2578.8, 736.8);(-0.8065400397557073, 0.46025635809941345, -0.3710218984102241)
(736.8, 2210.4, 736.8);(-0.9096859635043444, -0.3980765623144687, -0.11834905297072404)
(1105.2, 2578.8, 736.8);(0.7943072108802259, 0.13505852964141218, -0.592313471326439)
(1473.6, 2210.4, 736.8);(0.26474869859324063, -0.12519656241517274, -0.9561558175070678)
(1842.0, 2578.8, 736.8);(0.5733953792911457, -0.49761681670039987, 0.6508419491278384)
(2210.4, 2210.4, 736.8);(-0.29058823084150676, 0.8543421790661612, 0.43088040239129743)
(2578.8, 2578.8, 736.8);(0.9170844745876895, -0.39491465372243373, -0.05475840342369031)
(2947.2, 2210.4, 736.8);(-0.11647477216995764, -0.5785397615073544, -0.8072950958620831)
(3315.6, 2578.8, 736.8);(0.4537339787239395, -0.7277099729282746, -0.5143575330954857)
(3684.0, 2210.4, 736.8);(0.3934693977054268, 0.659134262403316, -0.6408774119871641)
(4052.4, 2578.8, 736.8);(0.8407511432775598, -0.3227897685811565, 0.4346772140068992)
(0.0, 2947.2, 736.8);(0.1313488729710091, -0.5465348990335869, -0.8270713861013405)
(736.8, 2947.2, 736.8);(-0.6980979236661149, 0.6581898846075572, -0.281860541355738)
(1473.6, 2947.2, 736.8);(-0.6967161838150024, -0.6461121022667252, 0.3116499807712696)
(2210.4, 2947.2, 736.8);(0.6884997934290912, 0.3618240287558385, -0.6285311501134951)
(2947.2, 2947.2, 736.8);(-0.4651983308794387, -0.5268664975525124, -0.7113383208458075)
(3684.0, 2947.2, 736.8);(-0.7146613072010234, -0.18068660725674293, -0.6757303944235244)
(368.4, 3315.6, 736.8);(0.9616817138435465, -0.24794418490083817, -0.117012659284363)
(0.0, 3684.0, 736.8);(-0.45401116317669954, -0.27855067731470223, 0.8463352668289683)
(736.8, 3684.0, 736.8);(0.687603888107613, 0.3207918379248221, -0.6513781465324946)
(1105.2, 3315.6, 736.8);(0.6022230400248025, 0.021764094260880135, 0.7980311612113206)
(1473.6, 3684.0, 736.8);(0.016155804722860576, 0.7131481201625213, 0.7008271888864036)
(1842.0, 3315.6, 736.8);(0.041787013930110986, 0.5912296784802832, -0.8054199604870156)
(2578.8, 3315.6, 736.8);(-0.39748678883497285, 0.1918039051080524, -0.8973380158485222)
(2210.4, 3684.0, 736.8);(0.7511404582284806, 0.1179664890161131, -0.6495166814497679)
(2947.2, 3684.0, 736.8);(-0.6861819911337173, -0.5318642896810669, -0.49626066981559364)
(3315.6, 3315.6, 736.8);(0.3754679335389005, -0.2448089918055159, 0.8939196767132909)
(3684.0, 3684.0, 736.8);(-0.33581069562181104, -0.7144703281049642, 0.6138104975996909)
(4052.4, 3315.6, 736.8);(-0.02333139991166183, -0.6553702084169835, -0.7549473728000129)
(368.4, 4052.4, 736.8);(0.9534705293425159, 0.257656946329244, -0.15654663101961552)
(1105.2, 4052.4, 736.8);(-0.61272235271849, 0.5403280263199366, 0.5767295227854391)
(1842.0, 4052.4, 736.8);(-0.6035621571365947, -0.7836494723862663, -0.146990567389023)
(2578.8, 4052.4, 736.8);(-0.27569595767029487, 0.8660063218538419, 0.41716278529303075)
(3315.6, 4052.4, 736.8);(0.7451097248709907, -0.1303833997240109, -0.6540731358029356)
(4052.4, 4052.4, 736.8);(0.7172184226756707, -0.6931945137803297, -0.07126780647301668)
(368.4, 0.0, 1105.2);(0.756043043096152, -0.13353983847591164, -0.6407542653199724)
(0.0, 368.4, 1105.2);(-0.6497437343034697, -0.24059043123573703, 0.7210751168437199)
(0.0, 0.0, 1473.6);(0.6167209639340672, 0.30880776695163265, -0.7240808074480232)
(368.4, 368.4, 1473.6);(-0.9710909515630619, -0.1006561816929087, -0.2164502180164093)
(736.8, 368.4, 1105.2);(-0.5596678256867809, -0.6883998167020695, -0.4613866244870868)
(736.8, 0.0, 1473.6);(0.616014117139136, -0.4102766442598777, 0.6724579411830487)
(1105.2, 0.0, 1105.2);(0.9201395801293828, -0.32258492936924266, -0.2219957576692939)
(1105.2, 368.4, 1473.6);(-0.6450883902719464, -0.4081195693563911, -0.6459871406186836)
(1473.6, 368.4, 1105.2);(-0.8006751071868401, -0.10617240454182802, 0.5896158013869273)
(1473.6, 0.0, 1473.6);(-0.5024372604230514, 0.3800403365987729, -0.7766119635290651)
(1842.0, 0.0, 1105.2);(-0.031205841670780325, 0.6840072494077684, -0.7288074356119297)
(1842.0, 368.4, 1473.6);(0.24076501110600565, -0.6695098260438934, 0.7027010760329037)
(2578.8, 0.0, 1105.2);(0.6834795944750793, 0.6350936055144615, 0.3598774182563039)
(2210.4, 368.4, 1105.2);(0.007385773507245208, -0.06234243667513165, -0.9980274900718451)
(2210.4, 0.0, 1473.6);(0.7812026906683737, -0.12652177122353994, -0.6113220080276446)
(2578.8, 368.4, 1473.6);(0.025796194173605985, -0.9805646434912634, 0.1944930237849394)
(2947.2, 368.4, 1105.2);(0.5882242350951428, -0.40037757795202605, 0.7026308022852426)
(2947.2, 0.0, 1473.6);(-0.03471403260962716, 0.4975572335478211, 0.8667362547420159)
(3315.6, 0.0, 1105.2);(-0.26038856334007954, 0.8535098277128028, 0.45135215749938645)
(3315.6, 368.4, 1473.6);(0.9189660862616122, -0.02283019996219564, -0.39367513798905446)
(3684.0, 368.4, 1105.2);(-0.18776305777265045, -0.03678193464388155, -0.9815254064056199)
(3684.0, 0.0, 1473.6);(0.8936814230469988, -0.43676819262629646, 0.10279620620747333)
(4052.4, 0.0, 1105.2);(-0.8183887812483738, -0.11163375347746628, -0.5637177554515501)
(4052.4, 368.4, 1473.6);(-0.7354299051131015, 0.6571427104880163, -0.16524621846746607)
(368.4, 736.8, 1105.2);(0.5131406449010096, -0.702635418722372, 0.4929403076513555)
(0.0, 736.8, 1473.6);(0.05121476132244505, 0.5889021730174284, -0.8065799891133153)
(736.8, 736.8, 1473.6);(-0.8053191010949655, 0.5832976257565583, 0.10594821942042625)
(1105.2, 736.8, 1105.2);(0.5899262290693292, -0.5013652520110734, 0.6329454386690168)
(1473.6, 736.8, 1473.6);(-0.6438010018742987, 0.6388628703802988, -0.42115852459031944)
(1842.0, 736.8, 1105.2);(-0.9030481623937214, -0.040764686875388756, 0.42760058080090874)
(2578.8, 736.8, 1105.2);(-0.6700491871489626, 0.27285836543447073, -0.6903494761448317)
(2210.4, 736.8, 1473.6);(-0.5728804864335663, 0.7925808392298479, -0.20886254223615716)
(2947.2, 736.8, 1473.6);(0.5538291916271868, 0.7694257735584242, 0.3182093736607978)
(3315.6, 736.8, 1105.2);(-0.514027315994766, 0.6634350578990227, 0.5437185322956514)
(3684.0, 736.8, 1473.6);(-0.893538566642856, -0.3156353864875622, 0.3193166652692549)
(4052.4, 736.8, 1105.2);(-0.0356780926066906, 0.7289211298070841, 0.6836673608040041)
(0.0, 1105.2, 1105.2);(0.7586048649394568, -0.21350929307631356, -0.6155748863137949)
(368.4, 1105.2, 1473.6);(0.3243892178261454, 0.40659457217370587, -0.8540799079928194)
(368.4, 1473.6, 1105.2);(-0.5994069199481445, -0.21156296949699757, 0.7719795685482169)
(0.0, 1473.6, 1473.6);(0.3257967598778032, 0.9179933270793166, 0.2261519902432252)
(736.8, 1105.2, 1105.2);(-0.22796955425845858, -0.5357879374662528, 0.8129951835016358)
(736.8, 1473.6, 1473.6);(-0.3664687021227726, 0.646921612929084, 0.6687249936182159)
(1105.2, 1105.2, 1473.6);(-0.16929678375161206, 0.8494634518908297, 0.49975038060323274)
(1105.2, 1473.6, 1105.2);(-0.6980961657502397, 0.19553920911490455, 0.6887860052756091)
(1473.6, 1105.2, 1105.2);(-0.5899781277728773, -0.7880505124451489, -0.1757902118564874)
(1473.6, 1473.6, 1473.6);(-0.545113409075043, 0.8316293349780304, 0.10603782556514299)
(1842.0, 1105.2, 1473.6);(-0.529806997128063, 0.5820298793119358, 0.6168839156456246)
(1842.0, 1473.6, 1105.2);(-0.02615671566405165, -0.8272275483024061, -0.5612578815083669)
(2210.4, 1105.2, 1105.2);(-0.4341997161831546, -0.8574491756282269, 0.27613677350353427)
(2578.8, 1105.2, 1473.6);(0.6525211418406968, -0.18632128584270272, -0.7345070032973379)
(2578.8, 1473.6, 1105.2);(0.724877216047445, -0.68866626405991, -0.017082107629684175)
(2210.4, 1473.6, 1473.6);(-0.22258649117039825, -0.18488496764834858, 0.9572213969015315)
(2947.2, 1105.2, 1105.2);(-0.8918015398596969, -0.438610509311994, -0.11095420057369042)
(2947.2, 1473.6, 1473.6);(0.797944152842427, 0.20539763348397816, 0.5666541635810706)
(3315.6, 1105.2, 1473.6);(-0.958504030121402, -0.16580856476214534, -0.23189985789678252)
(3315.6, 1473.6, 1105.2);(-0.32617061591753854, -0.800822291474315, 0.5022911374788537)
(3684.0, 1105.2, 1105.2);(0.639378115002424, 0.7645650973201706, 0.08146065317529039)
(3684.0, 1473.6, 1473.6);(0.556712601014352, -0.6130629085746352, 0.5605577133550508)
(4052.4, 1105.2, 1473.6);(0.9567285292493798, -0.28466481778708536, 0.06030309141797174)
(4052.4, 1473.6, 1105.2);(-0.07197447736192344, 0.987565603427478, 0.13976356297475845)
(0.0, 1842.0, 1105.2);(0.3240671962040154, -0.9150730429224682, 0.24004536750598418)
(368.4, 1842.0, 1473.6);(0.13401721544512726, 0.0699214461614303, -0.9885091690677575)
(736.8, 1842.0, 1105.2);(0.8358940761793923, -0.0631367522611834, -0.545247507029707)
(1105.2, 1842.0, 1473.6);(0.38494991786600846, 0.4254432438274599, -0.8190308950317575)
(1473.6, 1842.0, 1105.2);(-0.5456074881790725, 0.5224218038197557, -0.6552769855081406)
(1842.0, 1842.0, 1473.6);(-0.21995990684528002, -0.5928496582107975, -0.7746915012699934)
(2210.4, 1842.0, 1105.2);(-0.7343229150485404, -0.2389300214652815, -0.6353599777112297)
(2578.8, 1842.0, 1473.6);(0.8303234872443491, -0.4865115006682795, 0.2717893784677427)
(2947.2, 1842.0, 1105.2);(0.7012173291322448, 0.01444629384630911, 0.7128012078544391)
(3315.6, 1842.0, 1473.6);(-0.2210449900602293, -0.9584729209704332, 0.18019093244577777)
(3684.0, 1842.0, 1105.2);(-0.1724380905471074, 0.040861800869416064, 0.9841724534644198)
(4052.4, 1842.0, 1473.6);(-0.7336438620051031, 0.0418690198931432, -0.6782430750958129)
(368.4, 2210.4, 1105.2);(0.5842622252493951, 0.5311121384488598, 0.6136428509637378)
(0.0, 2578.8, 1105.2);(-0.5866663127122257, -0.2930163242739642, 0.7549596487479422)
(0.0, 2210.4, 1473.6);(0.3230185143102345, 0.04351957668455464, -0.9453914987231513)
(368.4, 2578.8, 1473.6);(0.8971322562033633, 0.4092111821639852, 0.16643293926208377)
(736.8, 2578.8, 1105.2);(0.5442599617039754, 0.58936611624942, -0.5970164780833628)
(736.8, 2210.4, 1473.6);(0.9585000005886097, -0.2193133679117047, -0.18215212193894567)
(1105.2, 2210.4, 1105.2);(-0.37402250193119974, 0.9268198635901547, 0.03334829086854054)
(1105.2, 2578.8, 1473.6);(-0.5989101875091336, -0.7925852335511233, 0.1145217658547308)
(1473.6, 2578.8, 1105.2);(0.684946005193739, 0.22105596900788754, 0.6942501195787597)
(1473.6, 2210.4, 1473.6);(-0.5947134287831306, -0.5222298695158639, 0.6112216463857085)
(1842.0, 2210.4, 1105.2);(0.4474889036066873, 0.7377000669805627, -0.5055218020281207)
(1842.0, 2578.8, 1473.6);(-0.5554111017849389, -0.5938395381946636, 0.5821280880448811)
(2578.8, 2210.4, 1105.2);(-0.8863666051113439, -0.4566627497620389, -0.0762454872314704)
(2210.4, 2578.8, 1105.2);(0.31581145614027367, 0.30576367405537347, -0.8982047092944455)
(2210.4, 2210.4, 1473.6);(-0.6214853717234197, 0.5454099698627748, 0.5623912317133776)
(2578.8, 2578.8, 1473.6);(0.21974685435980185, -0.842842321207888, 0.4912516072033468)
(2947.2, 2578.8, 1105.2);(-0.6390681281700542, 0.31708203409866964, -0.7007502488112817)
(2947.2, 2210.4, 1473.6);(-0.2231631133463241, -0.7018496952678306, 0.6764652467747542)
(3315.6, 2210.4, 1105.2);(-0.585186467541658, -0.5795204494824118, 0.5671973614517433)
(3315.6, 2578.8, 1473.6);(0.485538780721764, 0.2343761964587677, 0.8422113101524723)
(3684.0, 2578.8, 1105.2);(-0.71331499930249, 0.693850925345646, 0.09875527918587206)
(3684.0, 2210.4, 1473.6);(0.6942885714086198, 0.5078834616739154, 0.509919374969709)
(4052.4, 2210.4, 1105.2);(-0.7310062597068562, 0.4710268539492753, -0.4937241650233869)
(4052.4, 2578.8, 1473.6);(0.11611370994851745, 0.38510990937395917, 0.9155369812650784)
(368.4, 2947.2, 1105.2);(-0.4677731143995423, -0.10680606795580397, -0.877371516116618)
(0.0, 2947.2, 1473.6);(-0.5873548543928344, 0.5798114529542807, 0.5646529500890066)
(736.8, 2947.2, 1473.6);(-0.768863399213564, 0.10273195132710727, 0.6311063456552221)
(1105.2, 2947.2, 1105.2);(0.36286404901345176, 0.9258016833812306, 0.105928867557635)
(1473.6, 2947.2, 1473.6);(0.9435510921894292, 0.3293193951187534, -0.035497498880254816)
(1842.0, 2947.2, 1105.2);(0.7204623493492404, -0.5268226401880607, -0.45098992112402525)
(2578.8, 2947.2, 1105.2);(0.31427000307838127, -0.695153709083027, -0.6465258586578148)
(2210.4, 2947.2, 1473.6);(0.7137057572585018, 0.3435119954672683, -0.6104290302944021)
(2947.2, 2947.2, 1473.6);(-0.2879689039655226, 0.8621494409718765, 0.41685999062128337)
(3315.6, 2947.2, 1105.2);(-0.5947187947935131, 0.006316157405845626, 0.8039089881789951)
(3684.0, 2947.2, 1473.6);(-0.7001919547491045, 0.6750241927105224, -0.2325372352122031)
(4052.4, 2947.2, 1105.2);(-0.14332585266703043, 0.9896720139462357, -0.0026466523894139414)
(0.0, 3315.6, 1105.2);(0.187866104161306, 0.9167176691994794, -0.352611743827013)
(368.4, 3315.6, 1473.6);(0.8111491321700548, -0.5815846593589472, 0.06161468476024494)
(368.4, 3684.0, 1105.2);(0.05101375481792632, -0.6757266467644014, 0.7353849982641163)
(0.0, 3684.0, 1473.6);(-0.8385129252345465, 0.5298108782960832, 0.12726549985654778)
(736.8, 3315.6, 1105.2);(-0.35767816521410395, -0.4544785048813654, -0.8157914063839303)
(736.8, 3684.0, 1473.6);(0.5514694339227108, 0.48781911652507837, -0.6766934113774546)
(1105.2, 3315.6, 1473.6);(0.3596004614316725, -0.4749665753702293, 0.8031776020402986)
(1105.2, 3684.0, 1105.2);(0.5518368778137616, -0.8006539608103465, 0.23330086867275798)
(1473.6, 3315.6, 1105.2);(0.6487349423947784, -0.5086441195002439, 0.5660601860348995)
(1473.6, 3684.0, 1473.6);(0.7046032560582728, -0.34207755671693396, -0.6217050721545168)
(1842.0, 3315.6, 1473.6);(0.7798683338284762, 0.36070284797613567, -0.5115650861361642)
(1842.0, 3684.0, 1105.2);(-0.19360569251015744, 0.3767434542630399, -0.9058593740187354)
(2210.4, 3315.6, 1105.2);(-0.3392723061112683, 0.04514465551549613, -0.9396043116037351)
(2578.8, 3315.6, 1473.6);(0.6126288492043226, -0.7589235229626564, -0.22072829319445597)
(2578.8, 3684.0, 1105.2);(0.5407043852134396, -0.615854575730689, -0.5730287160016759)
(2210.4, 3684.0, 1473.6);(-0.6155606486500789, -0.3530403366110926, 0.7045903835272099)
(2947.2, 3315.6, 1105.2);(-0.468984042521103, -0.3435999958672947, -0.813629529147363)
(2947.2, 3684.0, 1473.6);(-0.7020050404183623, 0.3288078060008251, 0.6317233175529752)
(3315.6, 3315.6, 1473.6);(-0.5586337495920571, -0.21115388727606837, -0.8020862607630953)
(3315.6, 3684.0, 1105.2);(-0.7771737837013555, 0.19556251004385963, -0.5981272561860594)
(3684.0, 3315.6, 1105.2);(0.6817803726097398, 0.7146711815278672, 0.15627100120523493)
(3684.0, 3684.0, 1473.6);(0.8436987826442217, 0.5013726281606292, -0.1918276619676151)
(4052.4, 3315.6, 1473.6);(-0.39516443193592393, -0.5681143407537751, -0.7218664471788824)
(4052.4, 3684.0, 1105.2);(-0.0874559604041007, 0.8208854973364503, 0.5643566737910386)
(0.0, 4052.4, 1105.2);(0.7346914894278886, 0.20099305035006632, 0.6479430600548217)
(368.4, 4052.4, 1473.6);(-0.6398981719589201, 0.32501177735501513, -0.696345944272074)
(736.8, 4052.4, 1105.2);(-0.27397805834828126, -0.3872802615531529, 0.8803124573439974)
(1105.2, 4052.4, 1473.6);(0.6531089697002258, 0.596744760194855, 0.4662020644281776)
(1473.6, 4052.4, 1105.2);(-0.6629648118268343, 0.6376061321971229, -0.39234688537572865)
(1842.0, 4052.4, 1473.6);(0.886931184747975, -0.4541885093293664, 0.08405873847924075)
(2210.4, 4052.4, 1105.2);(0.19585132417304413, 0.8700990471754387, 0.4522940491804624)
(2578.8, 4052.4, 1473.6);(0.5855031976857767, 0.04626342684142594, 0.809348936390614)
(2947.2, 4052.4, 1105.2);(0.5615484118908877, 0.5033100783201264, 0.6567665842323359)
(3315.6, 4052.4, 1473.6);(-0.12604676584353464, 0.8759342640682691, 0.4656730374968738)
(3684.0, 4052.4, 1105.2);(0.3810675871869348, -0.23341167810481844, -0.894598503530953)
(4052.4, 4052.4, 1473.6);(-0.7976021972445182, -0.5264346500709182, -0.2944440424858801)
(368.4, 0.0, 1842.0);(0.581123448633859, -0.7793595485630563, -0.23429518029929547)
(0.0, 368.4, 1842.0);(0.5438627617797956, 0.7481616860395895, -0.38008865793608176)
(736.8, 368.4, 1842.0);(-0.1009262397248475, 0.6723048133048484, -0.7333622107404605)
(1105.2, 0.0, 1842.0);(0.3022090284451889, 0.9464215314905334, 0.11382437286156454)
(1473.6, 368.4, 1842.0);(-0.39909709984853287, -0.913726364059605, 0.07632585744624452)
(1842.0, 0.0, 1842.0);(0.7363965518913312, -0.32247028401370886, -0.5947546000584407)
(2578.8, 0.0, 1842.0);(0.3202771672040525, 0.67217648934956, -0.6675337469622404)
(2210.4, 368.4, 1842.0);(-0.06283198701005041, -0.5803958029160218, -0.8119069240780221)
(2947.2, 368.4, 1842.0);(0.3513367512295082, -0.6177996297782031, 0.7034814174385915)
(3315.6, 0.0, 1842.0);(0.8340355525729242, 0.0259624049533449, 0.5510994924452532)
(3684.0, 368.4, 1842.0);(-0.9431375830523226, -0.17437061646526492, -0.28299538432233606)
(4052.4, 0.0, 1842.0);(-0.8618045470401824, 0.12708311021491914, -0.49106293466211526)
(368.4, 736.8, 1842.0);(0.05112845369532752, 0.7232283798811183, -0.6887137226433474)
(1105.2, 736.8, 1842.0);(0.5943376160305528, 0.42076236233470465, 0.6853625555964068)
(1842.0, 736.8, 1842.0);(0.2052284340234768, 0.2164448612917872, 0.9544804408098946)
(2578.8, 736.8, 1842.0);(0.7818955232048164, 0.23672101009454008, -0.5767170486227082)
(3315.6, 736.8, 1842.0);(0.5662442031102547, 0.2296442899928777, -0.7916002795083513)
(4052.4, 736.8, 1842.0);(-0.9710232762326417, 0.0767644647530372, -0.2263205999585682)
(0.0, 1105.2, 1842.0);(-0.34119049949590113, -0.6741650961152192, -0.65504997231791)
(368.4, 1473.6, 1842.0);(0.2167738867210792, -0.3984587818344564, 0.8912012574131827)
(736.8, 1105.2, 1842.0);(0.4293136239691911, -0.5449915923720912, 0.7201902363391025)
(1105.2, 1473.6, 1842.0);(-0.7145620545191642, 0.5067227725418597, -0.48232053867613994)
(1473.6, 1105.2, 1842.0);(-0.30496839287073096, 0.4836057203504405, 0.8204387768713609)
(1842.0, 1473.6, 1842.0);(-0.5524371299436744, -0.6645633654761323, 0.503158772880522)
(2210.4, 1105.2, 1842.0);(-0.5905847978366024, -0.15028678856778693, 0.7928577916286632)
(2578.8, 1473.6, 1842.0);(0.6880028929946383, 0.7194518038410335, -0.09508481046356002)
(2947.2, 1105.2, 1842.0);(0.34580229646076216, 0.7119494857584664, -0.6111863066943815)
(3315.6, 1473.6, 1842.0);(-0.535981506392001, 0.4455253128621179, 0.7170990311002192)
(3684.0, 1105.2, 1842.0);(-0.30278213499071527, -0.8479774964185578, 0.4350369459002062)
(4052.4, 1473.6, 1842.0);(0.17721612988867788, -0.6828065232089194, 0.7087804280386321)
(0.0, 1842.0, 1842.0);(-0.38159113900380615, -0.5781828605295679, 0.7211745852590924)
(736.8, 1842.0, 1842.0);(-0.1694679838095784, -0.7788949020909883, -0.6038239262899293)
(1473.6, 1842.0, 1842.0);(0.8675313657324677, -0.4854917615440542, 0.10810679415841803)
(2210.4, 1842.0, 1842.0);(0.9128364353516148, -0.4059130835208024, -0.0443194192334618)
(2947.2, 1842.0, 1842.0);(0.5721449360381494, 0.2443300634969355, 0.782913144759676)
(3684.0, 1842.0, 1842.0);(-0.3265680250963495, -0.6649394804577331, -0.6717207844880714)
(368.4, 2210.4, 1842.0);(0.5127598188205853, -0.6111675605910725, -0.6029523870789786)
(0.0, 2578.8, 1842.0);(-0.2316743787158203, -0.3982761619634388, 0.8875263833026663)
(736.8, 2578.8, 1842.0);(0.962031708600072, 0.2170080442780403, -0.165537006033835)
(1105.2, 2210.4, 1842.0);(-0.012585340897113629, 0.5410912971742217, 0.8408696791517825)
(1473.6, 2578.8, 1842.0);(0.648998206929597, 0.617127551403216, -0.4449212432568703)
(1842.0, 2210.4, 1842.0);(-0.10876476831527139, -0.24027424152445437, -0.9645924082394456)
(2578.8, 2210.4, 1842.0);(-0.5273671957127382, -0.14555480490806075, -0.8370768421442916)
(2210.4, 2578.8, 1842.0);(-0.07854490514393017, -0.9727726115904227, -0.21804619697550276)
(2947.2, 2578.8, 1842.0);(-0.2596471578310908, -0.3228917678552369, -0.9101232112640334)
(3315.6, 2210.4, 1842.0);(0.7541773825087216, 0.6236949745024463, 0.20547762528481403)
(3684.0, 2578.8, 1842.0);(0.6617411880351708, -0.6540868030661438, -0.3664274199790631)
(4052.4, 2210.4, 1842.0);(0.1018136181581618, 0.8089453225668389, 0.5790003905480349)
(368.4, 2947.2, 1842.0);(-0.6189517474067149, -0.7853115803530151, -0.013581463309375022)
(1105.2, 2947.2, 1842.0);(0.31953403783126916, -0.07658448085581386, -0.9444748890040913)
(1842.0, 2947.2, 1842.0);(0.5014766292582341, 0.6048680972390013, -0.6185917678487725)
(2578.8, 2947.2, 1842.0);(-0.46260257199170185, 0.0636041277384003, -0.88428127613407)
(3315.6, 2947.2, 1842.0);(-0.5970939089283642, -0.5693129023653486, -0.5651209455691669)
(4052.4, 2947.2, 1842.0);(-0.6918987422515401, -0.08809969535272928, -0.7165993121330031)
(0.0, 3315.6, 1842.0);(0.43801503474808723, 0.7126729322249958, -0.5479417131488151)
(368.4, 3684.0, 1842.0);(-0.9457858837493661, 0.25774392624786663, -0.1976287696231625)
(736.8, 3315.6, 1842.0);(-0.5000383429355394, -0.1917837609029916, -0.8445002336578624)
(1105.2, 3684.0, 1842.0);(-0.956645282970163, 0.2714825503100131, -0.10548472613657385)
(1473.6, 3315.6, 1842.0);(0.7352725070156877, -0.23495369577019498, -0.6357445251599043)
(1842.0, 3684.0, 1842.0);(0.6635518245164779, -0.44522227370111883, 0.6012288276365825)
(2210.4, 3315.6, 1842.0);(-0.7645213546449137, 0.015738286230498118, 0.6444062419300679)
(2578.8, 3684.0, 1842.0);(-0.4440869509832342, -0.14781028428849016, -0.8837074741253298)
(2947.2, 3315.6, 1842.0);(-0.5396618471489927, -0.005928654880928337, 0.8418609990865713)
(3315.6, 3684.0, 1842.0);(-0.6011642113705454, -0.7930336612537348, -0.09848453221560649)
(3684.0, 3315.6, 1842.0);(-0.6187310120036377, 0.3216474180757464, -0.7167390551868653)
(4052.4, 3684.0, 1842.0);(-0.33725955698355786, -0.7136877839838761, 0.6139264925179876)
(0.0, 4052.4, 1842.0);(0.2689989050891011, 0.9198944663409998, 0.2853660103377276)
(736.8, 4052.4, 1842.0);(0.6817572559903523, -0.7313058043009502, 0.019971592331248487)
(1473.6, 4052.4, 1842.0);(-0.5346431447149196, -0.7896054805055396, 0.3011310229201859)
(2210.4, 4052.4, 1842.0);(0.8676940054587129, -0.46422375522671716, -0.1777735018899612)
(2947.2, 4052.4, 1842.0);(-0.750655191568047, -0.09712857894525391, 0.6535157400736529)
(3684.0, 4052.4, 1842.0);(0.6079581509476367, 0.0666192812640505, 0.7911692347786231)
(0.0, 0.0, 2210.4);(-0.8863351650226934, 0.1903535179880778, 0.42210841431290774)
(368.4, 368.4, 2210.4);(0.8644616246317293, 0.4102875593922149, 0.29046551972144824)
(368.4, 0.0, 2578.8);(0.4701392535386453, 0.7618908165388782, -0.44552381076194664)
(0.0, 368.4, 2578.8);(0.13469940969349634, -0.9351107740194462, 0.3277558685073019)
(736.8, 0.0, 2210.4);(-0.07753908228341885, 0.22302586414121142, -0.9717238057404538)
(736.8, 368.4, 2578.8);(0.30694451887602037, -0.8133744388926131, -0.4941731320985542)
(1105.2, 368.4, 2210.4);(-0.8147723667383808, -0.510532596019245, 0.27477710749148615)
(1105.2, 0.0, 2578.8);(-0.501505577772203, -0.6834342011596038, 0.5304807707624313)
(1473.6, 0.0, 2210.4);(-0.33001493550816263, -0.7157681510117821, -0.6154397584968961)
(1473.6, 368.4, 2578.8);(-0.7626118280037459, -0.3074932779958112, -0.5690967262040573)
(1842.0, 368.4, 2210.4);(-0.44456433086397734, -0.8470816115414872, -0.291230663069226)
(1842.0, 0.0, 2578.8);(0.5870370165708731, -0.5808449703782828, -0.5639207936951963)
(2210.4, 0.0, 2210.4);(0.31569412282087966, -0.9411770380703088, 0.12051142612033124)
(2578.8, 368.4, 2210.4);(0.7832161182746709, 0.5929079442532101, 0.1871701945187568)
(2578.8, 0.0, 2578.8);(0.8534985451671337, 0.3972668150127633, 0.33722293974046486)
(2210.4, 368.4, 2578.8);(-0.435079656378174, -0.404322554310103, 0.8045054161918388)
(2947.2, 0.0, 2210.4);(0.6166884427351972, 0.5684449484426224, 0.5445784655923348)
(2947.2, 368.4, 2578.8);(-0.24014331730755145, -0.9558972481712982, 0.16909062094351696)
(3315.6, 368.4, 2210.4);(0.3058281661099262, -0.19294472419608158, 0.9323311998526798)
(3315.6, 0.0, 2578.8);(0.5005354582101524, -0.6271193064570966, 0.5968128940824945)
(3684.0, 0.0, 2210.4);(0.9900681633172547, 0.12336851616308472, 0.06741840405495109)
(3684.0, 368.4, 2578.8);(0.9319970147720353, 0.344215636792289, 0.11356566313676644)
(4052.4, 368.4, 2210.4);(-0.7421002756831563, 0.6344727209419129, -0.21617480706953138)
(4052.4, 0.0, 2578.8);(0.1269847223103149, -0.23250236375625874, -0.9642704657654536)
(0.0, 736.8, 2210.4);(0.6514045439268387, -0.754567305228722, -0.07937444192768729)
(368.4, 736.8, 2578.8);(-0.38301995574453607, 0.6368161581993674, 0.6691493810485457)
(736.8, 736.8, 2210.4);(0.8254352366579399, -0.563349209909179, -0.03597690617819384)
(1105.2, 736.8, 2578.8);(-0.07020865944142107, -0.6457285428611389, 0.7603324227427559)
(1473.6, 736.8, 2210.4);(0.542446190575754, -0.008034094666554054, -0.8400521315089567)
(1842.0, 736.8, 2578.8);(0.4897318610021469, 0.5916713306833767, -0.6403809341062053)
(2210.4, 736.8, 2210.4);(-0.9410312226813362, -0.2720812978470515, 0.20107711282175667)
(2578.8, 736.8, 2578.8);(-0.09245267744065544, 0.9881620198720694, 0.1224268145318083)
(2947.2, 736.8, 2210.4);(-0.8537157758370697, -0.4196383611599558, -0.3083391313633359)
(3315.6, 736.8, 2578.8);(0.1439561194432072, 0.757618125651629, -0.6366250162842845)
(3684.0, 736.8, 2210.4);(0.6328345592034035, 0.7128264329956134, 0.30232250511760494)
(4052.4, 736.8, 2578.8);(0.7572966430773123, 0.3193150030159871, 0.5696838800885403)
(368.4, 1105.2, 2210.4);(0.4719862941140218, -0.8816051565189122, 0.0011340933719247196)
(0.0, 1105.2, 2578.8);(0.587328119239224, 0.7523643808947085, 0.2983178149421146)
(0.0, 1473.6, 2210.4);(-0.613427872777772, -0.029648806733820265, -0.789194014902925)
(368.4, 1473.6, 2578.8);(-0.2632957136458691, -0.7402241258327108, 0.6186627600808955)
(736.8, 1105.2, 2578.8);(0.11346451415601148, -0.2811295932380885, 0.9529385897491649)
(736.8, 1473.6, 2210.4);(-0.9490473935439292, -0.12258709857228958, -0.2903126729426431)
(1105.2, 1105.2, 2210.4);(-0.7688573868353896, 0.026723267893472635, 0.6388616326418028)
(1105.2, 1473.6, 2578.8);(0.5399435312526484, -0.4203327799293662, -0.7292333900578547)
(1473.6, 1105.2, 2578.8);(0.47026973525750954, 0.13422408955243617, 0.8722558511610293)
(1473.6, 1473.6, 2210.4);(0.6310812329526523, 0.5436438321757636, 0.5533424447412385)
(1842.0, 1105.2, 2210.4);(0.7682868432824286, 0.04841940858556143, -0.6382717973648415)
(1842.0, 1473.6, 2578.8);(-0.5050607631799905, 0.6332155933745729, 0.5864739020649881)
(2578.8, 1105.2, 2210.4);(0.6522685979206626, 0.0938184899288884, -0.7521594027292859)
(2210.4, 1105.2, 2578.8);(0.06132613296979153, 0.9610427228101783, -0.26951064978692385)
(2210.4, 1473.6, 2210.4);(-0.3282363581951723, 0.6823317119808522, -0.6532107837322113)
(2578.8, 1473.6, 2578.8);(0.6289638048427685, 0.7367795409291952, -0.2481137647650206)
(2947.2, 1105.2, 2578.8);(-0.4142702600313574, 0.7518698554930809, 0.5129053246500419)
(2947.2, 1473.6, 2210.4);(-0.6862897919276547, 0.6452741185329794, -0.33560040740050184)
(3315.6, 1105.2, 2210.4);(-0.9481426932448642, 0.2662545929219206, -0.17359125840421097)
(3315.6, 1473.6, 2578.8);(0.6531153781657997, -0.589310564767694, 0.4755558443090843)
(3684.0, 1105.2, 2578.8);(-0.8610844227603421, -0.16612096789788053, -0.4805595081820355)
(3684.0, 1473.6, 2210.4);(0.17639261903184975, -0.5485958529474181, -0.8172687648992709)
(4052.4, 1105.2, 2210.4);(0.14926718080644577, -0.14050882560019248, -0.9787627795653809)
(4052.4, 1473.6, 2578.8);(0.7046787518988983, 0.05665365455506018, -0.7072610692295787)
(368.4, 1842.0, 2210.4);(0.8766721000541422, -0.26847141117852596, 0.39921063408490404)
(0.0, 1842.0, 2578.8);(-0.5437537321312003, 0.6367167886743195, 0.5467390692219215)
(736.8, 1842.0, 2578.8);(0.055440489144181905, 0.681339738532061, 0.7298647223016854)
(1105.2, 1842.0, 2210.4);(0.7863955977634702, 0.15727227873770483, 0.5973670514506839)
(1473.6, 1842.0, 2578.8);(-0.8728709368798987, -0.39167931751844376, -0.291004535666876)
(1842.0, 1842.0, 2210.4);(-0.6764509619777004, -0.5122066315065499, -0.5292055013698905)
(2578.8, 1842.0, 2210.4);(-0.7285642189146881, -0.6810388078698227, -0.07335067206564076)
(2210.4, 1842.0, 2578.8);(-0.6439126441540335, 0.616021677971856, -0.4537552192176966)
(2947.2, 1842.0, 2578.8);(0.10221693108680283, -0.4829301230832612, 0.8696724643323955)
(3315.6, 1842.0, 2210.4);(0.995449877784262, -0.07939459394673833, 0.05268813216778809)
(3684.0, 1842.0, 2578.8);(-0.2900689765417287, -0.6740798310634263, 0.6793205209630699)
(4052.4, 1842.0, 2210.4);(0.3213627450690623, -0.8186801868647695, -0.47590832911049463)
(0.0, 2210.4, 2210.4);(-0.9936446198353495, -0.06379159423589996, -0.09274158709611387)
(368.4, 2578.8, 2210.4);(-0.31877499676409043, 0.8655183986898924, 0.3863423390819835)
(368.4, 2210.4, 2578.8);(0.48586042903273985, 0.4352130526606154, 0.7579770724065145)
(0.0, 2578.8, 2578.8);(-0.31767731125782783, -0.7487269149427835, -0.5817981890245612)
(736.8, 2210.4, 2210.4);(0.8886771379249532, -0.041334253021981696, 0.4566666443442399)
(736.8, 2578.8, 2578.8);(-0.4464842960650616, -0.5777826412208048, 0.6832415333329768)
(1105.2, 2578.8, 2210.4);(0.7543147309717956, -0.4592254455700909, -0.46917083965214573)
(1105.2, 2210.4, 2578.8);(-0.8328952832702559, -0.5532547237068876, -0.01395198201603925)
(1473.6, 2210.4, 2210.4);(-0.5424620601715243, -0.10775618913247507, -0.833140754601593)
(1473.6, 2578.8, 2578.8);(-0.9400417329944354, 0.2933456424010506, -0.17398239656107048)
(1842.0, 2578.8, 2210.4);(-0.5888649964060461, -0.7490943036289179, 0.3034727998987945)
(1842.0, 2210.4, 2578.8);(-0.2617787804032801, 0.76567713651535, 0.5875460771277649)
(2210.4, 2210.4, 2210.4);(0.5902645851691537, 0.004812829491548021, -0.8071954881981018)
(2578.8, 2578.8, 2210.4);(0.6457988040292196, -0.3725505722671433, 0.6664457786030709)
(2578.8, 2210.4, 2578.8);(-0.6934766284565674, -0.4571982877339744, -0.5568302178201482)
(2210.4, 2578.8, 2578.8);(-0.7143802564726408, -0.15590414550928897, -0.6821691480674734)
(2947.2, 2210.4, 2210.4);(0.1401429615628434, -0.9883224169284899, -0.05982265892639212)
(2947.2, 2578.8, 2578.8);(-0.8296254009792003, -0.1528167359093338, -0.5369997572402785)
(3315.6, 2578.8, 2210.4);(0.6501451194369507, 0.2079963953954697, -0.7307864415647053)
(3315.6, 2210.4, 2578.8);(0.5354661151827271, 0.3822047445664377, -0.7531238760801721)
(3684.0, 2210.4, 2210.4);(0.8308410400195828, -0.05606750909747774, -0.5536782464959068)
(3684.0, 2578.8, 2578.8);(-0.22371165378429303, 0.7541237469908696, -0.6174548325064333)
(4052.4, 2578.8, 2210.4);(-0.5350533455931878, 0.6775064741352548, 0.5046809832699783)
(4052.4, 2210.4, 2578.8);(0.749094774996329, -0.6179864303208249, 0.23864155131184364)
(0.0, 2947.2, 2210.4);(0.8368180890022844, 0.4389579197299412, -0.32718714923561326)
(368.4, 2947.2, 2578.8);(-0.5895212435414146, -0.3242685190713522, 0.7398071579490539)
(736.8, 2947.2, 2210.4);(0.5155398184933087, 0.2616441984702111, 0.8159417926266354)
(1105.2, 2947.2, 2578.8);(0.8227011390440652, 0.5038905644217763, 0.26316750350737006)
(1473.6, 2947.2, 2210.4);(-0.6724387174087475, 0.22519773437259533, -0.7050618070517851)
(1842.0, 2947.2, 2578.8);(-0.35626154994971165, -0.5196369776765082, 0.7765662363627801)
(2210.4, 2947.2, 2210.4);(-0.4615571885500721, -0.6912031550589685, 0.556060392524302)
(2578.8, 2947.2, 2578.8);(-0.6640450208436941, 0.35932167118841807, 0.6556921128906921)
(2947.2, 2947.2, 2210.4);(0.6319228156405361, -0.7687979537144876, -0.09809822341588847)
(3315.6, 2947.2, 2578.8);(0.6197288311127901, -0.7016184590965494, 0.3516642059444752)
(3684.0, 2947.2, 2210.4);(-0.544528472895807, -0.01058158014340422, 0.8386756061597529)
(4052.4, 2947.2, 2578.8);(0.6059107658354401, 0.599415695621559, -0.5230420324287839)
(368.4, 3315.6, 2210.4);(0.5663464510131805, 0.7951471169330446, 0.2167781351009422)
(0.0, 3315.6, 2578.8);(-0.9081469242835908, 0.4134103005809713, 0.06603852881314815)
(0.0, 3684.0, 2210.4);(-0.6302672792353988, -0.5744101582586875, 0.5223180322508857)
(368.4, 3684.0, 2578.8);(-0.2047657235699156, 0.9459221388892167, -0.2515994944552519)
(736.8, 3315.6, 2578.8);(-0.47616028343582095, -0.8398017721200433, 0.2607764713741516)
(736.8, 3684.0, 2210.4);(0.625219536354945, -0.6813061081310913, -0.38068690335152516)
(1105.2, 3315.6, 2210.4);(0.028133731684339604, -0.5593951737681545, 0.828423522545328)
(1105.2, 3684.0, 2578.8);(-0.20945832732000405, -0.791834121275744, -0.5736949829829232)
(1473.6, 3315.6, 2578.8);(-0.07210191685247186, -0.08524390325603995, -0.9937478505857884)
(1473.6, 3684.0, 2210.4);(0.09892097988096785, 0.6632733587467542, -0.741810684282849)
(1842.0, 3315.6, 2210.4);(-0.6438726725814639, 0.26039647248029824, -0.7194592821158263)
(1842.0, 3684.0, 2578.8);(0.5735719759658773, 0.17005996883950192, -0.8013081775352769)
(2578.8, 3315.6, 2210.4);(0.3435803191856479, 0.4331882597702981, -0.8332469597097065)
(2210.4, 3315.6, 2578.8);(-0.01994899780654612, 0.4708317044430142, -0.8819974736799424)
(2210.4, 3684.0, 2210.4);(-0.4549545486327977, -0.6374834779470996, 0.6217967304696905)
(2578.8, 3684.0, 2578.8);(-0.3312988053054537, 0.45117482729041763, -0.8286630055834765)
(2947.2, 3315.6, 2578.8);(0.853440992994432, -0.09062384166019875, -0.5132502224056265)
(2947.2, 3684.0, 2210.4);(0.41108944659864294, 0.8323806370736466, 0.37168258221241895)
(3315.6, 3315.6, 2210.4);(-0.5507626443740851, 0.7360093161683716, -0.3936378996939079)
(3315.6, 3684.0, 2578.8);(-0.33389457222141355, -0.38123817136854404, 0.8620741681158576)
(3684.0, 3315.6, 2578.8);(-0.07297014760599961, 0.5036926765843661, -0.8607955884608353)
(3684.0, 3684.0, 2210.4);(0.945974739579846, 0.3144570358521362, -0.07904786322178986)
(4052.4, 3315.6, 2210.4);(0.3707655588281003, 0.6229950087259563, -0.6887743603600762)
(4052.4, 3684.0, 2578.8);(0.38331404827879656, -0.8996071533649294, -0.20923027985157627)
(368.4, 4052.4, 2210.4);(0.6395436023832338, 0.2719548870440944, -0.7190441711491097)
(0.0, 4052.4, 2578.8);(0.6870994155048521, -0.17727463981681998, -0.7046049214210097)
(736.8, 4052.4, 2578.8);(-0.08239289765648457, 0.33011929792915845, -0.9403364608216187)
(1105.2, 4052.4, 2210.4);(0.5267624735261135, -0.47679808592642126, -0.7036937414398053)
(1473.6, 4052.4, 2578.8);(-0.48072046462266355, 0.6520998326646835, -0.5862368490052995)
(1842.0, 4052.4, 2210.4);(0.7778361438503021, 0.604204061258964, 0.1729404107728044)
(2578.8, 4052.4, 2210.4);(-0.5727788354507842, -0.17283154495196332, -0.80128251118389)
(2210.4, 4052.4, 2578.8);(0.2815862195923785, -0.3769980374738446, -0.8823727560824519)
(2947.2, 4052.4, 2578.8);(0.9424111201036569, -0.13963795743100582, -0.30391202929378647)
(3315.6, 4052.4, 2210.4);(-0.7263326268741155, -0.16788504739679785, 0.6665249627723794)
(3684.0, 4052.4, 2578.8);(-0.004849349070815448, -0.6958234981343013, -0.7181964517161953)
(4052.4, 4052.4, 2210.4);(0.32788596814793347, -0.7758723239865448, -0.5389925127155389)
(0.0, 0.0, 2947.2);(0.48122682242514925, 0.4490359250960196, -0.7528528962232635)
(368.4, 368.4, 2947.2);(0.6672564850428022, 0.7440531183191501, -0.03396675268366813)
(736.8, 0.0, 2947.2);(0.7137007445952885, -0.08855378881608106, -0.6948305359225713)
(1105.2, 368.4, 2947.2);(-0.8582845402119834, 0.1453468385887437, 0.4921604865746151)
(1473.6, 0.0, 2947.2);(0.6976918949290022, 0.6676221024730651, 0.25982060741947016)
(1842.0, 368.4, 2947.2);(-0.911056253486234, 0.3147519368426298, 0.26628503757710453)
(2210.4, 0.0, 2947.2);(0.6211386403821582, -0.6441059773245391, -0.4464462782900136)
(2578.8, 368.4, 2947.2);(0.14481666595494092, -0.8699684543465649, -0.47136294052836153)
(2947.2, 0.0, 2947.2);(0.8069325083831989, 0.374588079854783, -0.4566658486739571)
(3315.6, 368.4, 2947.2);(0.24109883541758773, -0.5248534021277841, 0.8163334232010676)
(3684.0, 0.0, 2947.2);(-0.2857427512334678, -0.8500730139785863, -0.4424103875621489)
(4052.4, 368.4, 2947.2);(0.723996167286845, -0.3205995188023289, -0.6107745069153377)
(0.0, 736.8, 2947.2);(0.6787005556232859, -0.7274036873471126, -0.10123947565286487)
(736.8, 736.8, 2947.2);(0.5601299302882269, 0.7316085868015514, 0.3885914781792609)
(1473.6, 736.8, 2947.2);(0.6005671039496465, -0.45677318059076294, 0.6562601733661223)
(2210.4, 736.8, 2947.2);(-0.45208162214613284, -0.5749370780604965, 0.6819600891467034)
(2947.2, 736.8, 2947.2);(0.5705842514520857, 0.7417016353521917, -0.35257948906700076)
(3684.0, 736.8, 2947.2);(-0.38852272879085153, 0.41986472315596746, 0.8202217404227184)
(368.4, 1105.2, 2947.2);(-0.509933721015918, -0.8601709822158787, 0.008572136526576698)
(0.0, 1473.6, 2947.2);(-0.2919091323005853, 0.6364891081091902, 0.7139122311166037)
(736.8, 1473.6, 2947.2);(-0.5780359479780917, 0.8077846144207711, -0.11557880233916248)
(1105.2, 1105.2, 2947.2);(-0.8425575165071588, -0.09586090137306547, 0.5300070933159594)
(1473.6, 1473.6, 2947.2);(0.042065657074849654, 0.6996348945294116, 0.7132611687535503)
(1842.0, 1105.2, 2947.2);(-0.25876142587527684, -0.6619481009069593, 0.7034680065110736)
(2578.8, 1105.2, 2947.2);(-0.7345432326216589, 0.13628893675057266, -0.6647342063780997)
(2210.4, 1473.6, 2947.2);(0.5377028150758403, 0.7618285918625923, 0.3612379815027436)
(2947.2, 1473.6, 2947.2);(-0.3261636785257406, -0.03514600506526773, 0.944659734051637)
(3315.6, 1105.2, 2947.2);(-0.5165553573964372, 0.3443963005768558, 0.783939889847439)
(3684.0, 1473.6, 2947.2);(0.03879357563888808, -0.7249219599527793, -0.687737748322259)
(4052.4, 1105.2, 2947.2);(0.5870695794428497, 0.8018572631893388, 0.11123955395136641)
(368.4, 1842.0, 2947.2);(-0.6892367918529677, 0.5670004295015489, 0.4510689057131823)
(1105.2, 1842.0, 2947.2);(0.054741290909721935, 0.790486557734179, -0.6100281904232834)
(1842.0, 1842.0, 2947.2);(-0.93634233005004, 0.34550269455498955, 0.06237731167422619)
(2578.8, 1842.0, 2947.2);(0.5670767771187113, 0.39253273220344614, 0.7241146200716798)
(3315.6, 1842.0, 2947.2);(0.9722528673654969, 0.10032253880458136, -0.2113285359514254)
(4052.4, 1842.0, 2947.2);(0.758133856894578, 0.502560445410775, 0.4155310502702232)
(0.0, 2210.4, 2947.2);(0.5715746322907469, 0.7487525420018343, 0.3356666062739766)
(368.4, 2578.8, 2947.2);(0.5425637047843328, -0.7003768018545155, 0.46378546945192267)
(736.8, 2210.4, 2947.2);(0.6978366198760699, 0.530115364624055, 0.4816656019994023)
(1105.2, 2578.8, 2947.2);(0.16070721211693637, 0.5327496124253571, 0.8308736621377727)
(1473.6, 2210.4, 2947.2);(-0.9098808712245071, 0.39298151309780377, -0.13297492448989215)
(1842.0, 2578.8, 2947.2);(0.7676682301924469, -0.08696253141313681, 0.6349196850652965)
(2210.4, 2210.4, 2947.2);(0.2216443253103483, -0.9438780084182207, -0.2448838465113077)
(2578.8, 2578.8, 2947.2);(-0.5936316721634665, -0.4868785041186405, 0.6407423507398289)
(2947.2, 2210.4, 2947.2);(-0.13846235942790833, -0.7510137422458617, 0.6456055560321047)
(3315.6, 2578.8, 2947.2);(0.3932684218482254, 0.6635097776393569, 0.6364705204123576)
(3684.0, 2210.4, 2947.2);(-0.7311909035680495, 0.28556038499642966, 0.619528150337037)
(4052.4, 2578.8, 2947.2);(-0.06333152621554428, 0.2699271943322048, -0.960795726232769)
(0.0, 2947.2, 2947.2);(0.535226861233461, -0.1881912244536077, 0.8234781539621008)
(736.8, 2947.2, 2947.2);(0.7475382265195617, 0.49537029746321826, -0.4424871391161452)
(1473.6, 2947.2, 2947.2);(0.0829953142435973, -0.3757645899681828, 0.922991197541802)
(2210.4, 2947.2, 2947.2);(0.6699022282290354, -0.7219678109058287, -0.17318627148136964)
(2947.2, 2947.2, 2947.2);(-0.4334430589321453, 0.8575854511202733, -0.27690126162656303)
(3684.0, 2947.2, 2947.2);(0.6039067678509571, -0.33618424676909614, -0.7226871854184947)
(368.4, 3315.6, 2947.2);(0.3333434519355395, 0.40162611421966044, 0.8529821847075795)
(0.0, 3684.0, 2947.2);(0.43432512475567325, -0.8018906187765152, -0.4102841960448714)
(736.8, 3684.0, 2947.2);(-0.13446241690516786, 0.9888507052212095, 0.06398547666101605)
(1105.2, 3315.6, 2947.2);(0.5914074833295283, 0.3220218678897368, 0.7392828317110025)
(1473.6, 3684.0, 2947.2);(0.824013609367249, 0.379778436503065, 0.420440139312181)
(1842.0, 3315.6, 2947.2);(-0.9868979544716207, -0.14027693383054568, -0.07971705774068595)
(2578.8, 3315.6, 2947.2);(-0.475524030714808, 0.3246014460477153, -0.8176250958944904)
(2210.4, 3684.0, 2947.2);(-0.4809345214310649, -0.8470216132865661, 0.22639870300267953)
(2947.2, 3684.0, 2947.2);(0.5704381582640723, 0.51427039546185, 0.640411014855152)
(3315.6, 3315.6, 2947.2);(-0.529410642863078, -0.17360285450898835, -0.8304134031490783)
(3684.0, 3684.0, 2947.2);(0.7171293986714447, -0.6193123974068426, 0.31965227979684574)
(4052.4, 3315.6, 2947.2);(0.5551667634071692, -0.7456282815332789, 0.3685489527671153)
(368.4, 4052.4, 2947.2);(-0.40808489310913193, -0.12385819753902243, 0.9045031049800176)
(1105.2, 4052.4, 2947.2);(-0.8268870828136194, 0.5281474990360588, -0.19317860010347618)
(1842.0, 4052.4, 2947.2);(-0.7117081852652428, -0.6700693017625934, 0.21089947809761264)
(2578.8, 4052.4, 2947.2);(-0.44169815249751976, -0.8103121653261975, -0.3850934130891451)
(3315.6, 4052.4, 2947.2);(-0.7783298998672407, -0.08736387585917195, -0.6217476338254245)
(4052.4, 4052.4, 2947.2);(0.3938645390113252, 0.8538449318226073, -0.34032272523333384)
(368.4, 0.0, 3315.6);(0.45602755811886586, 0.6218207666186519, -0.6366928619341798)
(0.0, 368.4, 3315.6);(0.9687114515541607, 0.0673089435722759, -0.23888832065007906)
(0.0, 0.0, 3684.0);(0.33823518044954504, 0.4933104706253501, -0.8013998641612435)
(368.4, 368.4, 3684.0);(-0.33885860266845125, 0.7854790988365609, -0.5178778163703184)
(736.8, 368.4, 3315.6);(-0.6388882859606179, -0.2594335216504243, 0.7242347726437627)
(736.8, 0.0, 3684.0);(0.9543132049176325, -0.05102833749663695, -0.29441877605235417)
(1105.2, 0.0, 3315.6);(0.9444567135748678, 0.1658651646632506, -0.28370806004516813)
(1105.2, 368.4, 3684.0);(-0.9430035884978222, 0.21882328378387803, -0.25072016782514783)
(1473.6, 368.4, 3315.6);(0.6106928748401355, -0.18970298922501258, -0.7688088114080025)
(1473.6, 0.0, 3684.0);(-0.03804691049918172, -0.8975560074733868, -0.4392557865867005)
(1842.0, 0.0, 3315.6);(-0.7089524389639068, 0.28256652288934625, -0.6461753627532952)
(1842.0, 368.4, 3684.0);(0.6835217810659335, -0.22850033342483114, -0.6932427947214417)
(2578.8, 0.0, 3315.6);(-0.8737916639154097, 0.4031741031432159, -0.2719168450585643)
(2210.4, 368.4, 3315.6);(0.49702800992835827, -0.5342017239797857, 0.683806752996547)
(2210.4, 0.0, 3684.0);(0.3924704144399175, -0.699308979349798, -0.5974394740809342)
(2578.8, 368.4, 3684.0);(0.457855536331595, -0.6037478026169725, 0.6525771208720735)
(2947.2, 368.4, 3315.6);(0.22283563514334773, -0.5245684089456945, 0.8216886661299663)
(2947.2, 0.0, 3684.0);(0.4030113872391501, 0.021181700051871935, 0.9149498113768254)
(3315.6, 0.0, 3315.6);(-0.42337238178081926, -0.8349766424709597, 0.35152501030959327)
(3315.6, 368.4, 3684.0);(-0.8459436942559384, 0.5287268293072529, -0.06947809812678131)
(3684.0, 368.4, 3315.6);(-0.9432989814670586, -0.21665448015995906, -0.25149128770163764)
(3684.0, 0.0, 3684.0);(0.771797115531268, -0.6308297544703176, 0.07989388795479599)
(4052.4, 0.0, 3315.6);(0.674307618803215, -0.11734261948049794, 0.72906786026912)
(4052.4, 368.4, 3684.0);(0.5892880415167691, 0.8053288503123787, -0.06469193906409854)
(368.4, 736.8, 3315.6);(0.8643348518805394, 0.13581175223534145, -0.48423179550646234)
(0.0, 736.8, 3684.0);(0.8874972799386912, -0.1649619850032307, -0.4302744724071116)
(736.8, 736.8, 3684.0);(-0.41225402345103346, 0.6772162263604861, 0.6094463084657233)
(1105.2, 736.8, 3315.6);(-0.3356923764686054, 0.9380753538474577, 0.08558772625106298)
(1473.6, 736.8, 3684.0);(-0.6499350546676508, -0.37227122624957504, 0.6625696633719321)
(1842.0, 736.8, 3315.6);(-0.025041186447247028, -0.5526774681658653, 0.8330189404587888)
(2578.8, 736.8, 3315.6);(0.721482647350577, -0.3267518270166446, 0.6104883562471013)
(2210.4, 736.8, 3684.0);(-0.6017032597668556, 0.7718443470933165, -0.20544948538760527)
(2947.2, 736.8, 3684.0);(0.48477305002914334, 0.8735028578877001, -0.04458528039008026)
(3315.6, 736.8, 3315.6);(-0.8041980002783142, 0.05648514079208801, -0.5916713658933127)
(3684.0, 736.8, 3684.0);(0.6302855363785531, 0.7760151981835771, 0.023249834840338837)
(4052.4, 736.8, 3315.6);(0.9269221358255971, -0.1328911246050306, 0.3509348986888073)
(0.0, 1105.2, 3315.6);(0.34526083913865696, -0.8853634411225585, -0.3113302588584866)
(368.4, 1105.2, 3684.0);(0.5170134724273665, -0.2972021046947795, 0.8027253442452096)
(368.4, 1473.6, 3315.6);(-0.6700088938686192, -0.21202680596059054, 0.7114300497526792)
(0.0, 1473.6, 3684.0);(0.6226182226470383, 0.3196795093038147, -0.7142489483080219)
(736.8, 1105.2, 3315.6);(-0.2810555598274738, 0.8724386712087786, 0.39982313248425977)
(736.8, 1473.6, 3684.0);(-0.5828856488047021, 0.16355151601209794, 0.795924130823828)
(1105.2, 1105.2, 3684.0);(0.21495078185694355, -0.8364597662076357, -0.504114293484083)
(1105.2, 1473.6, 3315.6);(0.42343381463717655, 0.6612056589844013, -0.6192825535640517)
(1473.6, 1105.2, 3315.6);(0.6635020741446191, -0.07705316668406238, -0.7441960810900218)
(1473.6, 1473.6, 3684.0);(-0.8699682078296666, 0.4535596020484067, -0.1934916141731448)
(1842.0, 1105.2, 3684.0);(0.6360602790244488, -0.5631057446597526, -0.5275786593281857)
(1842.0, 1473.6, 3315.6);(0.8508954340876758, 0.31963913356072693, 0.4169026079857186)
(2210.4, 1105.2, 3315.6);(-0.000464170544345282, 0.883398837899071, -0.4686216786964479)
(2578.8, 1105.2, 3684.0);(0.8149713716260882, -0.048461869109783846, 0.5774713072285743)
(2578.8, 1473.6, 3315.6);(0.9351782703082527, -0.3438548161135526, -0.08488502917935137)
(2210.4, 1473.6, 3684.0);(-0.4693554587253621, -0.5050316100721831, 0.7243262567328369)
(2947.2, 1105.2, 3315.6);(-0.40816887831604487, 0.8196802874341781, -0.4018984861455002)
(2947.2, 1473.6, 3684.0);(-0.8553910925779288, -0.3130504206630566, 0.4126808850201577)
(3315.6, 1105.2, 3684.0);(-0.42457871097596295, 0.23632516805494003, 0.8740041951442761)
(3315.6, 1473.6, 3315.6);(0.09314578782600413, 0.31362459303024365, -0.9449674475117581)
(3684.0, 1105.2, 3315.6);(-0.4142693135284157, 0.6078525685515228, -0.6774187706094447)
(3684.0, 1473.6, 3684.0);(0.05389881388062475, 0.7549426468211634, 0.6535721214012405)
(4052.4, 1105.2, 3684.0);(-0.5237446783995282, 0.8501561286734886, 0.054093148614971866)
(4052.4, 1473.6, 3315.6);(0.7769076008398299, -0.042988579382443666, -0.6281453349345029)
(0.0, 1842.0, 3315.6);(-0.6764641405862596, -0.6333586606614029, 0.3758364983155401)
(368.4, 1842.0, 3684.0);(0.0938587873161751, 0.6833992228549176, 0.7239862086012631)
(736.8, 1842.0, 3315.6);(-0.3150697867400563, 0.7061635360871931, -0.6340852385794886)
(1105.2, 1842.0, 3684.0);(-0.1476369629609471, 0.3919653515334801, 0.9080564356717612)
(1473.6, 1842.0, 3315.6);(0.7219842990886213, -0.4968955038421042, -0.48149094501455947)
(1842.0, 1842.0, 3684.0);(0.31145542775729934, -0.7090180276061478, 0.6326839282374775)
(2210.4, 1842.0, 3315.6);(-0.9009758658649377, -0.1368162366701728, 0.4117326881756374)
(2578.8, 1842.0, 3684.0);(0.3589664833085577, 0.7173470506903531, 0.5971233312532168)
(2947.2, 1842.0, 3315.6);(0.8080550004400251, -0.38078278182355196, 0.4495014897979629)
(3315.6, 1842.0, 3684.0);(-0.1037590471961512, -0.5924591559183003, 0.7988906112187838)
(3684.0, 1842.0, 3315.6);(-0.6483068481529817, 0.41075016387363256, 0.6410791944180774)
(4052.4, 1842.0, 3684.0);(0.7404610610736426, -0.5711632782246168, 0.354245573919286)
(368.4, 2210.4, 3315.6);(0.840388996859305, 0.43379214230139895, 0.3249164680889134)
(0.0, 2578.8, 3315.6);(0.5375569674794679, -0.5981758971561842, 0.5943215483016515)
(0.0, 2210.4, 3684.0);(-0.2466937883343652, 0.12842279134136284, -0.9605465951536823)
(368.4, 2578.8, 3684.0);(-0.9078567450844415, 0.41780550200263816, 0.03513819717923978)
(736.8, 2578.8, 3315.6);(-0.7506938849709741, -0.6061098955742716, -0.2628487883824683)
(736.8, 2210.4, 3684.0);(-0.1780631954454626, 0.6707785911381584, -0.7199649853280771)
(1105.2, 2210.4, 3315.6);(0.6085705568441042, 0.04761015585983972, -0.7920701675997265)
(1105.2, 2578.8, 3684.0);(-0.7022853179983211, 0.6738869042925666, 0.22950331663611767)
(1473.6, 2578.8, 3315.6);(-0.8592934893665828, 0.5085211210951294, 0.05496333807507803)
(1473.6, 2210.4, 3684.0);(-0.09245006473897219, -0.6289882081323002, -0.7718981924841374)
(1842.0, 2210.4, 3315.6);(0.14870166772168794, -0.7339803446817256, 0.662691985493777)
(1842.0, 2578.8, 3684.0);(-0.6981419339845157, -0.5260439118790312, 0.4856703025586042)
(2578.8, 2210.4, 3315.6);(0.715352152271291, 0.007960228417850799, -0.6987187796276606)
(2210.4, 2578.8, 3315.6);(0.2832392832924367, -0.04746178322731382, 0.957874150153803)
(2210.4, 2210.4, 3684.0);(0.4265652091110262, -0.09735034342845332, -0.8992024427293493)
(2578.8, 2578.8, 3684.0);(0.6325242093332248, -0.14963687168361697, -0.7599486372381488)
(2947.2, 2578.8, 3315.6);(0.4838738017531761, -0.7628292262272931, 0.4289029209394561)
(2947.2, 2210.4, 3684.0);(-0.8943307591416172, -0.42622917326365767, 0.13601906157652152)
(3315.6, 2210.4, 3315.6);(-0.7673640785768266, -0.13182401587312098, -0.6275147805024364)
(3315.6, 2578.8, 3684.0);(0.06384533686116553, 0.5813442394981909, -0.811148967923497)
(3684.0, 2578.8, 3315.6);(-0.5509933894064613, -0.6554702411205001, 0.5164930278675727)
(3684.0, 2210.4, 3684.0);(0.7572136122022813, -0.5692677725399252, -0.32025263253095204)
(4052.4, 2210.4, 3315.6);(0.9552320888185859, 0.03165128928671992, 0.29415956958387307)
(4052.4, 2578.8, 3684.0);(-0.37932031280567075, 0.6592329707078324, -0.6492518699431943)
(368.4, 2947.2, 3315.6);(-0.40931839622120936, 0.8955213172632757, -0.17464255163603318)
(0.0, 2947.2, 3684.0);(-0.6395406796457325, 0.7583432588065568, 0.12610797318538733)
(736.8, 2947.2, 3684.0);(0.5912102107936366, -0.7014690412532566, 0.3980096365875841)
(1105.2, 2947.2, 3315.6);(-0.527942453224479, -0.7573664132514922, -0.38428229488474847)
(1473.6, 2947.2, 3684.0);(0.8354141713691815, 0.544906410687706, 0.07183429450468022)
(1842.0, 2947.2, 3315.6);(0.5547578815277487, 0.6780112460607635, 0.4822286211932834)
(2578.8, 2947.2, 3315.6);(-0.9729435521557429, -0.0714043358246408, 0.21973225785943923)
(2210.4, 2947.2, 3684.0);(0.6471358551582089, -0.6953363816238408, -0.3126059842020269)
(2947.2, 2947.2, 3684.0);(0.9590208914175635, -0.20473879226111125, 0.19585953325820873)
(3315.6, 2947.2, 3315.6);(-0.6513873515700036, 0.574927871573959, -0.49512873144471614)
(3684.0, 2947.2, 3684.0);(-0.6349626336817263, 0.5712816248784258, 0.52005745731047)
(4052.4, 2947.2, 3315.6);(0.09338536514775374, 0.12022868477293583, 0.9883441895078812)
(0.0, 3315.6, 3315.6);(0.769986155628325, -0.6171377077942538, 0.16205668686964753)
(368.4, 3315.6, 3684.0);(-0.8452101927602591, -0.4777641029850715, -0.23950196649095765)
(368.4, 3684.0, 3315.6);(-0.8643632381346216, 0.3766503778689624, 0.3331826607322169)
(0.0, 3684.0, 3684.0);(0.6437636610428579, -0.5068359673521468, 0.5733111292473837)
(736.8, 3315.6, 3315.6);(0.6589842076240816, -0.7332804752707659, 0.16745016777758362)
(736.8, 3684.0, 3684.0);(0.3238318013744258, -0.16112025752946527, 0.9322946031337054)
(1105.2, 3315.6, 3684.0);(0.6186187471748346, -0.24444578578645948, 0.746697464476128)
(1105.2, 3684.0, 3315.6);(-0.5835947681507275, 0.7927014346498557, -0.17618621424833258)
(1473.6, 3315.6, 3315.6);(0.5097327305119361, -0.79440640142781, -0.3302892865585605)
(1473.6, 3684.0, 3684.0);(-0.10581315026527569, 0.719875548177937, 0.6859903587999272)
(1842.0, 3315.6, 3684.0);(-0.5414819990535434, -0.5856328635177654, -0.6031843780047362)
(1842.0, 3684.0, 3315.6);(-0.14820889693015477, 0.9411783322725782, 0.3036732943993515)
(2210.4, 3315.6, 3315.6);(0.40651051212152967, -0.7442731785710636, 0.5299119164487786)
(2578.8, 3315.6, 3684.0);(0.5036865047140863, -0.7139179963698924, 0.48643704569872664)
(2578.8, 3684.0, 3315.6);(-0.283102084771244, 0.8615409024567107, 0.4214267231586673)
(2210.4, 3684.0, 3684.0);(0.5963713863105193, -0.030671165058293266, -0.8021224652283689)
(2947.2, 3315.6, 3315.6);(-0.811677237988276, -0.36965878815365133, 0.4522526303654822)
(2947.2, 3684.0, 3684.0);(-0.9407210915337593, -0.08727977452841665, 0.32775916295628005)
(3315.6, 3315.6, 3684.0);(-0.18412962284033998, 0.3175055897466884, -0.9302077630681663)
(3315.6, 3684.0, 3315.6);(0.376461640115321, 0.9190078077535354, 0.11705247887047718)
(3684.0, 3315.6, 3315.6);(-0.9829709879035045, -0.13077167308368498, 0.1290999862854458)
(3684.0, 3684.0, 3684.0);(0.7569787792960188, 0.25652117648372774, 0.6009825402712741)
(4052.4, 3315.6, 3684.0);(0.7713948152873836, 0.6100363714813819, -0.1811233403445642)
(4052.4, 3684.0, 3315.6);(0.39815280824681926, 0.880363000386383, 0.2577505166548783)
(0.0, 4052.4, 3315.6);(0.8847642803332908, 0.2926018715743881, -0.36273449380708106)
(368.4, 4052.4, 3684.0);(-0.45890782686500114, -0.4738182940176553, -0.7515981843353806)
(736.8, 4052.4, 3315.6);(0.1835582853968455, 0.7859718957739603, -0.5903850734187451)
(1105.2, 4052.4, 3684.0);(-0.6829737894824159, 0.5590447672966959, -0.47012312327539446)
(1473.6, 4052.4, 3315.6);(0.6905363809308063, -0.6848786449550969, -0.23259567557341823)
(1842.0, 4052.4, 3684.0);(0.7791431663157736, -0.6197219490623084, -0.0942371064594219)
(2210.4, 4052.4, 3315.6);(0.015622892684983854, 0.3849228558467014, 0.922816514953527)
(2578.8, 4052.4, 3684.0);(-0.05987907464663033, 0.7047519918848978, 0.7069222915948628)
(2947.2, 4052.4, 3315.6);(-0.5366616440110127, 0.5777303725120158, 0.614997476844031)
(3315.6, 4052.4, 3684.0);(-0.8971361783936765, -0.40597817347440335, -0.17415050984587022)
(3684.0, 4052.4, 3315.6);(0.11803933638663457, -0.7045469249925923, 0.6997716381426767)
(4052.4, 4052.4, 3684.0);(-0.6432956453356842, 0.6356625560677215, 0.42673625051733793)
(368.4, 0.0, 4052.4);(0.31086557680024457, -0.9494182009997095, -0.044358457718076456)
(0.0, 368.4, 4052.4);(0.40398996836023376, -0.5184697338411235, 0.7536453015543929)
(736.8, 368.4, 4052.4);(0.812518700546331, 0.47072612908342903, 0.34384629220137375)
(1105.2, 0.0, 4052.4);(-0.7095977635171759, 0.6979681676779603, 0.096495859598704)
(1473.6, 368.4, 4052.4);(-0.1657696342249802, 0.9151355317761174, 0.3674879410943429)
(1842.0, 0.0, 4052.4);(-0.5994929618072601, 0.7394422047926058, 0.3063224028944158)
(2578.8, 0.0, 4052.4);(0.863077934684965, -0.13435854976807154, -0.4868719120714974)
(2210.4, 368.4, 4052.4);(-0.1800366374678209, 0.8554687042964728, -0.48555134140335193)
(2947.2, 368.4, 4052.4);(-0.8976108728018162, 0.11554527158693542, 0.4253751417770707)
(3315.6, 0.0, 4052.4);(0.12755388590925623, 0.5341070508939547, 0.8357389929725731)
(3684.0, 368.4, 4052.4);(-0.8874816196660748, 0.19896997950729717, -0.4156769442845567)
(4052.4, 0.0, 4052.4);(-0.34253521917973306, 0.7565249382439919, -0.55708135979982)
(368.4, 736.8, 4052.4);(-0.6708694029266739, -0.7381186915363165, 0.07151951776630035)
(1105.2, 736.8, 4052.4);(-0.1441710696767365, 0.7087395752382294, -0.6905815789314104)
(1842.0, 736.8, 4052.4);(0.4447951786468113, -0.15497519164207285, 0.8821224059211136)
(2578.8, 736.8, 4052.4);(0.9169179906286448, -0.32694705468660235, 0.22883841874406563)
(3315.6, 736.8, 4052.4);(0.2603118871867724, 0.5642893191965037, 0.7834636466550363)
(4052.4, 736.8, 4052.4);(0.547669936744267, -0.8344028678382933, 0.06188290983593383)
(0.0, 1105.2, 4052.4);(-0.6165725674645647, -0.39296720416777725, 0.6822133430963626)
(368.4, 1473.6, 4052.4);(0.2911815989790261, 0.4109142523697692, 0.863922886382466)
(736.8, 1105.2, 4052.4);(0.4730232856374005, 0.593001274419117, -0.6516122004552258)
(1105.2, 1473.6, 4052.4);(0.10486876724787761, 0.9373472533689577, 0.33223887228556115)
(1473.6, 1105.2, 4052.4);(-0.6342034872388543, 0.011500323815448943, -0.7730806421882622)
(1842.0, 1473.6, 4052.4);(-0.8088427622218214, 0.1416350788851337, 0.5707126163232911)
(2210.4, 1105.2, 4052.4);(0.21178910689263142, -0.1100126335267623, 0.9711038022096957)
(2578.8, 1473.6, 4052.4);(-0.565178470819459, 0.6943685392923634, -0.44544991611085455)
(2947.2, 1105.2, 4052.4);(0.15659810746321465, 0.21997903515830747, 0.9628531855011747)
(3315.6, 1473.6, 4052.4);(-0.41319076018641243, -0.9039388144270715, -0.11030872798085842)
(3684.0, 1105.2, 4052.4);(-0.20298205805935735, -0.4264943334472064, 0.8814198021620634)
(4052.4, 1473.6, 4052.4);(0.7905126468213721, 0.05509617389545725, 0.609962430677128)
(0.0, 1842.0, 4052.4);(-0.09955967707241163, 0.7830826961804813, -0.6138968656410821)
(736.8, 1842.0, 4052.4);(-0.1064286435516057, 0.8742243675515657, 0.4737137310769345)
(1473.6, 1842.0, 4052.4);(0.8299964925621337, 0.11993171282285786, 0.5447221370514802)
(2210.4, 1842.0, 4052.4);(0.7525885823806728, 0.6582410565858925, 0.01814213589787278)
(2947.2, 1842.0, 4052.4);(-0.5774242227787479, 0.8157721622989489, 0.03312168725255519)
(3684.0, 1842.0, 4052.4);(0.12263675886060628, 0.2934703126825413, 0.9480693017655287)
(368.4, 2210.4, 4052.4);(-0.9579224209793663, 0.1690722032175155, -0.23194660050150523)
(0.0, 2578.8, 4052.4);(0.7784271338619597, -0.4206815836696001, 0.46591651873344425)
(736.8, 2578.8, 4052.4);(-0.43079464105615123, -0.5629685130632017, 0.7053243442110229)
(1105.2, 2210.4, 4052.4);(0.7878081913560312, 0.3699405050315869, -0.4924452013872335)
(1473.6, 2578.8, 4052.4);(-0.6920854127540338, -0.6031669705745625, -0.39649386762090455)
(1842.0, 2210.4, 4052.4);(0.6952298521184908, -0.15996558706982472, -0.7007613457352708)
(2578.8, 2210.4, 4052.4);(0.5022266682864274, -0.3853414993081963, 0.7741319671560051)
(2210.4, 2578.8, 4052.4);(0.6967197688390676, -0.7172262421327269, 0.012964617426029246)
(2947.2, 2578.8, 4052.4);(-0.04658625646583696, -0.14980380087930747, 0.9876176091740224)
(3315.6, 2210.4, 4052.4);(0.385288392959543, -0.735946890692647, -0.5567180869439018)
(3684.0, 2578.8, 4052.4);(-0.43838953099399675, -0.7002641329697435, -0.5634223666051934)
(4052.4, 2210.4, 4052.4);(0.1315538469830705, -0.6607406445072794, -0.7389962016411585)
(368.4, 2947.2, 4052.4);(-0.4118520976270579, -0.9059833223866355, 0.09783695231080163)
(1105.2, 2947.2, 4052.4);(0.8363611877465285, -0.11588513582112565, -0.5357896965479415)
(1842.0, 2947.2, 4052.4);(-0.7193072792556253, -0.489414760261465, -0.4930215314244223)
(2578.8, 2947.2, 4052.4);(0.37527122472333263, -0.6907427893084181, -0.6180986223193483)
(3315.6, 2947.2, 4052.4);(0.8039665737414805, 0.5356559368885235, 0.2582836920567439)
(4052.4, 2947.2, 4052.4);(-0.05464373041819529, -0.8937720112383957, -0.44518047424932833)
(0.0, 3315.6, 4052.4);(0.4715824763512148, -0.5682116024686336, 0.6743482355715654)
(368.4, 3684.0, 4052.4);(0.1449646964040697, -0.3329852448728626, 0.9317220956344417)
(736.8, 3315.6, 4052.4);(0.5769222835981631, 0.4252774928301369, 0.697351943268242)
(1105.2, 3684.0, 4052.4);(0.37722920982256786, -0.26597330636433775, 0.8871055876040141)
(1473.6, 3315.6, 4052.4);(0.14429453852232443, 0.008466800796571406, -0.9894985595931409)
(1842.0, 3684.0, 4052.4);(0.24923798296575117, 0.01934174624568422, 0.9682491026070364)
(2210.4, 3315.6, 4052.4);(-0.3031430610102448, -0.6712700426456838, 0.6763880649507359)
(2578.8, 3684.0, 4052.4);(0.7442318195955105, -0.6360869531666619, -0.20374588759704693)
(2947.2, 3315.6, 4052.4);(-0.7033988040151585, 0.6484315108375477, -0.2911472106391887)
(3315.6, 3684.0, 4052.4);(0.06761424247575212, -0.05458706741158472, -0.9962171280829463)
(3684.0, 3315.6, 4052.4);(-0.9038169229243574, -0.32506712682433225, -0.2782918124805674)
(4052.4, 3684.0, 4052.4);(0.9937521558889364, 0.09893273138459217, -0.0516620491935332)
(0.0, 4052.4, 4052.4);(0.28043127042816646, 0.733627189845416, -0.6189906694656734)
(736.8, 4052.4, 4052.4);(-0.6455217723861626, -0.7599312310711402, 0.07619819826037977)
(1473.6, 4052.4, 4052.4);(0.291712555404588, 0.6890340330133328, -0.6634273783683537)
(2210.4, 4052.4, 4052.4);(0.5150168579965584, 0.8568314647526595, -0.024443342430301992)
(2947.2, 4052.4, 4052.4);(-0.6432724595574899, -0.12154882474403014, 0.7559275269350908)
(3684.0, 4052.4, 4052.4);(-0.4652963919325037, 0.20122679135064336, 0.8619785647551328)
